AppointmentID,ApptDate,ClientID,WorkerID,ApptType,Status
A-000001,2025-04-07,C-0282,W-06,HV01,Attended
A-000002,2025-04-08,C-0135,W-12,CO01,Attended
A-000003,2025-04-12,C-0267,W-03,HV01,Attended
A-000004,2025-04-13,C-0143,W-04,HV01,Attended
A-000005,2025-04-14,C-0135,W-12,CO01,Attended
A-000006,2025-04-15,C-0095,W-01,CH02,No-show
A-000007,2025-04-15,C-0246,W-06,HV01,Cancelled
A-000008,2025-04-15,C-0267,W-01,CH02,Cancelled
A-000009,2025-04-17,C-0203,W-01,HV01,Attended
A-000010,2025-04-18,C-0131,W-11,CO01,Attended
A-000011,2025-04-19,C-0095,W-01,CH02,Attended
A-000012,2025-04-19,C-0135,W-12,CO01,Attended
A-000013,2025-04-21,C-0143,W-03,HV01,Attended
A-000014,2025-04-21,C-0267,W-01,CH02,Attended
A-000015,2025-04-22,C-0203,W-02,HV01,Attended
A-000016,2025-04-22,C-0298,W-02,HV01,Attended
A-000017,2025-04-23,C-0131,W-12,CO01,Attended
A-000018,2025-04-23,C-0246,W-06,HV01,Attended
A-000019,2025-04-24,C-0246,W-06,HV01,Attended
A-000020,2025-04-25,C-0135,W-02,CH02,Attended
A-000021,2025-04-25,C-0179,W-12,CO01,Attended
A-000022,2025-04-28,C-0203,W-11,CO02,Attended
A-000023,2025-04-29,C-0203,W-11,CO01,Attended
A-000024,2025-04-29,C-0203,W-04,HV01,Attended
A-000025,2025-04-29,C-0282,W-06,HV01,Attended
A-000026,2025-04-30,C-0143,W-01,HV01,Attended
A-000027,2025-05-02,C-0135,W-12,CO02,Attended
A-000028,2025-05-02,C-0291,W-11,CO02,Attended
A-000029,2025-05-03,C-0213,W-06,HV01,Attended
A-000030,2025-05-03,C-0267,W-01,HV01,Attended
A-000031,2025-05-03,C-0291,W-12,CO01,Attended
A-000032,2025-05-04,C-0265,W-11,CO01,Attended
A-000033,2025-05-04,C-0265,W-11,CO01,Attended
A-000034,2025-05-06,C-0267,W-12,CO02,Attended
A-000035,2025-05-07,C-0135,W-11,CO01,No-show
A-000036,2025-05-07,C-0246,W-11,CO01,No-show
A-000037,2025-05-08,C-0135,W-01,CH02,Attended
A-000038,2025-05-09,C-0131,W-06,CH02,Cancelled
A-000039,2025-05-09,C-0158,W-12,CO01,Attended
A-000040,2025-05-09,C-0265,W-06,CH02,Attended
A-000041,2025-05-09,C-0298,W-04,HV01,Attended
A-000042,2025-05-11,C-0291,W-02,HV01,Attended
A-000043,2025-05-12,C-0246,W-01,CH02,Attended
A-000044,2025-05-12,C-0253,W-04,HV01,No-show
A-000045,2025-05-14,C-0126,W-12,CO01,Attended
A-000046,2025-05-14,C-0126,W-11,CO01,Attended
A-000047,2025-05-16,C-0135,W-11,CO01,Attended
A-000048,2025-05-16,C-0265,W-05,HV01,Attended
A-000049,2025-05-17,C-0032,W-12,CO02,Attended
A-000050,2025-05-17,C-0045,W-01,HV01,Cancelled
A-000051,2025-05-17,C-0122,W-12,CO02,Attended
A-000052,2025-05-17,C-0122,W-12,CO02,No-show
A-000053,2025-05-17,C-0135,W-11,CO01,Attended
A-000054,2025-05-17,C-0246,W-11,CO01,Attended
A-000055,2025-05-17,C-0291,W-12,CO02,Attended
A-000056,2025-05-17,C-0300,W-11,CO02,Attended
A-000057,2025-05-18,C-0282,W-02,CH02,Attended
A-000058,2025-05-18,C-0298,W-06,HV01,Attended
A-000059,2025-05-19,C-0131,W-06,CH02,Attended
A-000060,2025-05-19,C-0246,W-11,CO01,Attended
A-000061,2025-05-21,C-0203,W-11,CO02,Attended
A-000062,2025-05-22,C-0116,W-06,CH02,Attended
A-000063,2025-05-22,C-0122,W-12,CO02,Attended
A-000064,2025-05-22,C-0253,W-04,HV01,Attended
A-000065,2025-05-23,C-0116,W-01,CH02,Attended
A-000066,2025-05-23,C-0155,W-12,CO01,No-show
A-000067,2025-05-23,C-0194,W-05,CH02,No-show
A-000068,2025-05-23,C-0291,W-03,HV01,No-show
A-000069,2025-05-24,C-0135,W-03,HV01,Attended
A-000070,2025-05-25,C-0045,W-01,HV01,Attended
A-000071,2025-05-25,C-0068,W-06,CH02,Attended
A-000072,2025-05-25,C-0291,W-03,HV01,Attended
A-000073,2025-05-25,C-0298,W-05,HV01,No-show
A-000074,2025-05-26,C-0158,W-01,CH02,Attended
A-000075,2025-05-26,C-0267,W-05,HV01,Attended
A-000076,2025-05-27,C-0037,W-04,HV01,No-show
A-000077,2025-05-27,C-0068,W-12,CO02,Attended
A-000078,2025-05-28,C-0122,W-12,CO02,Attended
A-000079,2025-05-28,C-0194,W-05,CH02,Attended
A-000080,2025-05-28,C-0203,W-11,CO02,Attended
A-000081,2025-05-29,C-0037,W-12,CO01,No-show
A-000082,2025-05-29,C-0298,W-05,HV01,Attended
A-000083,2025-05-30,C-0116,W-05,CH02,Attended
A-000084,2025-05-31,C-0032,W-12,CO01,Attended
A-000085,2025-05-31,C-0155,W-12,CO01,Attended
A-000086,2025-05-31,C-0266,W-12,CO02,No-show
A-000087,2025-06-01,C-0121,W-05,CH02,Cancelled
A-000088,2025-06-01,C-0122,W-04,CH02,Cancelled
A-000089,2025-06-01,C-0278,W-12,CO02,No-show
A-000090,2025-06-02,C-0143,W-06,HV01,Attended
A-000091,2025-06-02,C-0291,W-02,HV01,Cancelled
A-000092,2025-06-03,C-0037,W-04,HV01,Attended
A-000093,2025-06-03,C-0068,W-06,CH02,Attended
A-000094,2025-06-03,C-0276,W-11,CO02,Attended
A-000095,2025-06-03,C-0298,W-01,CH02,Attended
A-000096,2025-06-04,C-0030,W-12,CO01,Attended
A-000097,2025-06-04,C-0246,W-11,CO02,Attended
A-000098,2025-06-05,C-0037,W-12,CO01,Attended
A-000099,2025-06-05,C-0242,W-04,CH02,Attended
A-000100,2025-06-05,C-0246,W-12,CO01,Attended
A-000101,2025-06-05,C-0265,W-11,CO02,No-show
A-000102,2025-06-06,C-0045,W-03,HV01,Attended
A-000103,2025-06-07,C-0193,W-12,CO01,No-show
A-000104,2025-06-07,C-0300,W-12,CO01,Attended
A-000105,2025-06-08,C-0122,W-04,CH02,Attended
A-000106,2025-06-08,C-0176,W-12,CO01,Cancelled
A-000107,2025-06-08,C-0202,W-06,CH02,Attended
A-000108,2025-06-08,C-0291,W-12,CO01,Attended
A-000109,2025-06-09,C-0131,W-11,CO02,Attended
A-000110,2025-06-09,C-0155,W-11,CO02,No-show
A-000111,2025-06-09,C-0194,W-04,CH02,Attended
A-000112,2025-06-09,C-0266,W-12,CO02,Attended
A-000113,2025-06-09,C-0282,W-12,CO02,No-show
A-000114,2025-06-09,C-0300,W-11,CO01,Attended
A-000115,2025-06-10,C-0121,W-05,CH02,Attended
A-000116,2025-06-10,C-0131,W-12,CO01,Attended
A-000117,2025-06-10,C-0276,W-04,CH02,Attended
A-000118,2025-06-11,C-0030,W-03,CH02,Attended
A-000119,2025-06-11,C-0153,W-04,CH02,Attended
A-000120,2025-06-11,C-0246,W-01,CH02,Attended
A-000121,2025-06-11,C-0278,W-12,CO02,Attended
A-000122,2025-06-11,C-0291,W-02,HV01,Attended
A-000123,2025-06-12,C-0030,W-11,CO02,Attended
A-000124,2025-06-12,C-0265,W-06,CH02,Attended
A-000125,2025-06-12,C-0282,W-12,CO02,Attended
A-000126,2025-06-13,C-0030,W-12,CO02,Attended
A-000127,2025-06-13,C-0158,W-11,CO02,Attended
A-000128,2025-06-13,C-0158,W-04,CH02,Attended
A-000129,2025-06-13,C-0265,W-11,CO01,Attended
A-000130,2025-06-14,C-0143,W-06,CH02,Attended
A-000131,2025-06-14,C-0193,W-12,CO01,Attended
A-000132,2025-06-15,C-0176,W-12,CO01,Attended
A-000133,2025-06-15,C-0265,W-11,CO02,Attended
A-000134,2025-06-15,C-0276,W-05,CH02,Cancelled
A-000135,2025-06-15,C-0300,W-12,CO01,Attended
A-000136,2025-06-16,C-0095,W-11,CO01,Attended
A-000137,2025-06-16,C-0120,W-06,HV01,Cancelled
A-000138,2025-06-16,C-0122,W-02,CH02,Attended
A-000139,2025-06-16,C-0203,W-05,CH02,Attended
A-000140,2025-06-16,C-0250,W-06,HV01,Attended
A-000141,2025-06-16,C-0250,W-12,CO02,Attended
A-000142,2025-06-16,C-0267,W-04,CH02,Attended
A-000143,2025-06-17,C-0016,W-05,HV01,Attended
A-000144,2025-06-17,C-0016,W-11,CO01,Attended
A-000145,2025-06-17,C-0030,W-02,HV01,Attended
A-000146,2025-06-17,C-0155,W-11,CO02,Attended
A-000147,2025-06-17,C-0193,W-12,CO01,Attended
A-000148,2025-06-17,C-0299,W-06,HV01,Attended
A-000149,2025-06-18,C-0120,W-06,HV01,Attended
A-000150,2025-06-18,C-0120,W-05,CH02,Cancelled
A-000151,2025-06-18,C-0176,W-12,CO01,Attended
A-000152,2025-06-18,C-0266,W-12,CO01,Attended
A-000153,2025-06-18,C-0278,W-11,CO02,Attended
A-000154,2025-06-19,C-0068,W-04,CH02,Attended
A-000155,2025-06-19,C-0155,W-04,CH02,No-show
A-000156,2025-06-19,C-0193,W-12,CO02,Attended
A-000157,2025-06-19,C-0278,W-03,CH02,Attended
A-000158,2025-06-19,C-0300,W-04,HV01,Attended
A-000159,2025-06-20,C-0032,W-02,CH02,Cancelled
A-000160,2025-06-20,C-0116,W-05,CH02,Attended
A-000161,2025-06-20,C-0242,W-12,CO01,Cancelled
A-000162,2025-06-20,C-0246,W-11,CO01,Cancelled
A-000163,2025-06-21,C-0131,W-11,CO02,Attended
A-000164,2025-06-22,C-0016,W-03,HV01,Attended
A-000165,2025-06-22,C-0202,W-01,HV01,Attended
A-000166,2025-06-23,C-0131,W-03,HV01,Attended
A-000167,2025-06-23,C-0133,W-02,CH02,Attended
A-000168,2025-06-23,C-0256,W-11,CO01,Cancelled
A-000169,2025-06-23,C-0267,W-02,HV01,Attended
A-000170,2025-06-24,C-0032,W-02,CH02,Attended
A-000171,2025-06-24,C-0242,W-12,CO01,Attended
A-000172,2025-06-24,C-0300,W-11,CO01,Attended
A-000173,2025-06-24,C-0300,W-11,CO01,Attended
A-000174,2025-06-25,C-0144,W-04,HV01,Attended
A-000175,2025-06-25,C-0144,W-03,HV01,Attended
A-000176,2025-06-25,C-0276,W-05,CH02,Attended
A-000177,2025-06-26,C-0068,W-12,CO02,Attended
A-000178,2025-06-26,C-0158,W-04,HV01,Attended
A-000179,2025-06-26,C-0265,W-11,CO02,Attended
A-000180,2025-06-26,C-0276,W-05,HV01,Attended
A-000181,2025-06-27,C-0030,W-05,CH02,Attended
A-000182,2025-06-27,C-0122,W-01,CH02,Attended
A-000183,2025-06-27,C-0155,W-04,CH02,Attended
A-000184,2025-06-27,C-0158,W-03,CH02,Cancelled
A-000185,2025-06-27,C-0175,W-11,CO02,Attended
A-000186,2025-06-27,C-0246,W-11,CO01,Attended
A-000187,2025-06-27,C-0267,W-12,CO01,Attended
A-000188,2025-06-27,C-0291,W-05,HV01,Attended
A-000189,2025-06-28,C-0030,W-11,CO01,Attended
A-000190,2025-06-28,C-0116,W-05,HV01,Cancelled
A-000191,2025-06-28,C-0120,W-12,CO01,Attended
A-000192,2025-06-28,C-0120,W-05,CH02,Attended
A-000193,2025-06-28,C-0121,W-11,CO01,Attended
A-000194,2025-06-28,C-0122,W-01,HV01,Attended
A-000195,2025-06-28,C-0153,W-04,HV01,Attended
A-000196,2025-06-28,C-0193,W-11,CO02,Attended
A-000197,2025-06-28,C-0202,W-04,CH02,Attended
A-000198,2025-06-29,C-0143,W-01,HV01,No-show
A-000199,2025-06-29,C-0267,W-02,CH02,Attended
A-000200,2025-06-29,C-0300,W-12,CO01,No-show
A-000201,2025-06-30,C-0158,W-03,CH02,Attended
A-000202,2025-06-30,C-0158,W-11,CO02,Attended
A-000203,2025-06-30,C-0256,W-12,CO01,Attended
A-000204,2025-07-01,C-0093,W-03,HV01,Attended
A-000205,2025-07-01,C-0093,W-01,HV01,Attended
A-000206,2025-07-01,C-0143,W-01,HV01,Attended
A-000207,2025-07-01,C-0176,W-11,CO02,Attended
A-000208,2025-07-01,C-0193,W-12,CO01,Attended
A-000209,2025-07-01,C-0213,W-06,HV01,Attended
A-000210,2025-07-01,C-0256,W-12,CO02,Attended
A-000211,2025-07-02,C-0256,W-11,CO01,Attended
A-000212,2025-07-02,C-0282,W-03,HV01,Attended
A-000213,2025-07-03,C-0030,W-12,CO02,Attended
A-000214,2025-07-03,C-0116,W-05,HV01,Attended
A-000215,2025-07-03,C-0116,W-03,HV01,No-show
A-000216,2025-07-03,C-0131,W-12,CO01,Attended
A-000217,2025-07-03,C-0144,W-04,CH02,Attended
A-000218,2025-07-03,C-0175,W-04,CH02,Attended
A-000219,2025-07-03,C-0175,W-11,CO02,Attended
A-000220,2025-07-03,C-0263,W-04,HV01,Attended
A-000221,2025-07-03,C-0267,W-05,CH02,Attended
A-000222,2025-07-04,C-0016,W-04,HV01,Attended
A-000223,2025-07-04,C-0131,W-05,CH02,Attended
A-000224,2025-07-04,C-0131,W-05,HV01,Attended
A-000225,2025-07-04,C-0249,W-02,CH02,Attended
A-000226,2025-07-04,C-0256,W-06,CH02,Attended
A-000227,2025-07-04,C-0256,W-12,CO01,Attended
A-000228,2025-07-05,C-0116,W-03,HV01,Attended
A-000229,2025-07-05,C-0131,W-11,CO02,Attended
A-000230,2025-07-05,C-0253,W-02,HV01,Cancelled
A-000231,2025-07-05,C-0263,W-11,CO01,Attended
A-000232,2025-07-05,C-0299,W-01,CH02,Attended
A-000233,2025-07-06,C-0068,W-03,CH02,Attended
A-000234,2025-07-06,C-0147,W-01,HV01,Attended
A-000235,2025-07-06,C-0253,W-12,CO02,Cancelled
A-000236,2025-07-06,C-0256,W-04,HV01,Attended
A-000237,2025-07-06,C-0266,W-11,CO01,Attended
A-000238,2025-07-07,C-0207,W-03,HV01,Attended
A-000239,2025-07-08,C-0070,W-06,HV01,Attended
A-000240,2025-07-08,C-0079,W-12,CO01,Attended
A-000241,2025-07-08,C-0176,W-11,CO01,Attended
A-000242,2025-07-08,C-0276,W-04,CH02,Attended
A-000243,2025-07-09,C-0079,W-02,HV01,Attended
A-000244,2025-07-09,C-0131,W-06,HV01,Cancelled
A-000245,2025-07-09,C-0300,W-12,CO01,Attended
A-000246,2025-07-10,C-0079,W-11,CO02,Cancelled
A-000247,2025-07-10,C-0131,W-04,HV01,Attended
A-000248,2025-07-10,C-0246,W-12,CO01,Attended
A-000249,2025-07-11,C-0253,W-02,HV01,Attended
A-000250,2025-07-12,C-0079,W-11,CO02,Attended
A-000251,2025-07-12,C-0133,W-04,HV01,Attended
A-000252,2025-07-12,C-0250,W-04,HV01,Attended
A-000253,2025-07-12,C-0263,W-12,CO01,Attended
A-000254,2025-07-13,C-0253,W-12,CO02,Attended
A-000255,2025-07-13,C-0267,W-11,CO01,Attended
A-000256,2025-07-13,C-0283,W-12,CO01,Attended
A-000257,2025-07-14,C-0016,W-05,HV01,Attended
A-000258,2025-07-14,C-0093,W-06,HV01,Attended
A-000259,2025-07-14,C-0193,W-02,HV01,Attended
A-000260,2025-07-14,C-0246,W-11,CO02,Attended
A-000261,2025-07-15,C-0068,W-03,CH02,No-show
A-000262,2025-07-15,C-0265,W-03,HV01,Attended
A-000263,2025-07-16,C-0030,W-03,CH02,Attended
A-000264,2025-07-16,C-0030,W-04,CH02,Attended
A-000265,2025-07-16,C-0068,W-12,CO01,Attended
A-000266,2025-07-16,C-0131,W-11,CO01,Attended
A-000267,2025-07-16,C-0191,W-01,HV01,Attended
A-000268,2025-07-16,C-0246,W-02,HV01,Attended
A-000269,2025-07-16,C-0265,W-06,HV01,Attended
A-000270,2025-07-16,C-0266,W-12,CO02,Attended
A-000271,2025-07-17,C-0030,W-11,CO01,Attended
A-000272,2025-07-17,C-0116,W-03,HV01,Attended
A-000273,2025-07-17,C-0191,W-05,CH02,No-show
A-000274,2025-07-17,C-0246,W-12,CO01,Cancelled
A-000275,2025-07-17,C-0254,W-11,CO02,No-show
A-000276,2025-07-17,C-0267,W-03,HV01,Attended
A-000277,2025-07-17,C-0282,W-05,HV01,Attended
A-000278,2025-07-18,C-0037,W-11,CO01,Attended
A-000279,2025-07-18,C-0068,W-03,CH02,Attended
A-000280,2025-07-18,C-0131,W-06,HV01,Attended
A-000281,2025-07-18,C-0175,W-11,CO01,Attended
A-000282,2025-07-18,C-0255,W-04,CH02,Cancelled
A-000283,2025-07-19,C-0016,W-04,CH02,Cancelled
A-000284,2025-07-19,C-0031,W-03,HV01,Attended
A-000285,2025-07-19,C-0037,W-12,CO02,Attended
A-000286,2025-07-19,C-0053,W-03,HV01,Attended
A-000287,2025-07-19,C-0068,W-03,CH02,Attended
A-000288,2025-07-19,C-0153,W-01,CH02,Attended
A-000289,2025-07-19,C-0158,W-11,CO02,Cancelled
A-000290,2025-07-19,C-0263,W-02,HV01,Attended
A-000291,2025-07-19,C-0263,W-03,CH02,Attended
A-000292,2025-07-19,C-0265,W-12,CO01,Attended
A-000293,2025-07-19,C-0266,W-12,CO01,Attended
A-000294,2025-07-20,C-0125,W-04,HV01,Cancelled
A-000295,2025-07-20,C-0133,W-03,CH02,Attended
A-000296,2025-07-20,C-0176,W-12,CO01,Attended
A-000297,2025-07-20,C-0246,W-11,CO02,Attended
A-000298,2025-07-20,C-0246,W-12,CO01,Attended
A-000299,2025-07-20,C-0249,W-04,HV01,Attended
A-000300,2025-07-20,C-0282,W-05,CH02,Attended
A-000301,2025-07-21,C-0147,W-02,HV01,No-show
A-000302,2025-07-21,C-0175,W-03,HV01,Attended
A-000303,2025-07-22,C-0016,W-01,HV01,Attended
A-000304,2025-07-22,C-0048,W-06,HV01,Attended
A-000305,2025-07-22,C-0081,W-04,CH02,Attended
A-000306,2025-07-22,C-0133,W-11,CO02,Cancelled
A-000307,2025-07-22,C-0191,W-05,CH02,Attended
A-000308,2025-07-22,C-0193,W-12,CO01,Attended
A-000309,2025-07-22,C-0256,W-05,CH02,Attended
A-000310,2025-07-23,C-0023,W-04,HV01,Attended
A-000311,2025-07-23,C-0032,W-03,CH02,Attended
A-000312,2025-07-23,C-0032,W-11,CO01,No-show
A-000313,2025-07-23,C-0095,W-06,HV01,Attended
A-000314,2025-07-23,C-0125,W-04,HV01,Attended
A-000315,2025-07-23,C-0126,W-02,HV01,Attended
A-000316,2025-07-23,C-0283,W-01,HV01,Attended
A-000317,2025-07-24,C-0023,W-05,CH02,Attended
A-000318,2025-07-24,C-0079,W-11,CO02,Attended
A-000319,2025-07-24,C-0121,W-12,CO02,Attended
A-000320,2025-07-24,C-0125,W-12,CO01,Attended
A-000321,2025-07-24,C-0249,W-01,CH02,Attended
A-000322,2025-07-24,C-0255,W-04,CH02,Attended
A-000323,2025-07-24,C-0276,W-04,HV01,Attended
A-000324,2025-07-24,C-0276,W-06,CH02,Attended
A-000325,2025-07-25,C-0030,W-04,CH02,Attended
A-000326,2025-07-25,C-0079,W-11,CO02,Attended
A-000327,2025-07-25,C-0207,W-03,HV01,Attended
A-000328,2025-07-25,C-0254,W-11,CO02,Cancelled
A-000329,2025-07-25,C-0254,W-05,HV01,No-show
A-000330,2025-07-25,C-0263,W-03,HV01,Attended
A-000331,2025-07-26,C-0016,W-12,CO01,Attended
A-000332,2025-07-26,C-0032,W-11,CO01,Attended
A-000333,2025-07-26,C-0131,W-11,CO01,Attended
A-000334,2025-07-26,C-0131,W-03,CH02,Attended
A-000335,2025-07-26,C-0158,W-11,CO02,Attended
A-000336,2025-07-26,C-0194,W-04,CH02,Attended
A-000337,2025-07-26,C-0207,W-04,CH02,Attended
A-000338,2025-07-26,C-0267,W-05,CH02,Attended
A-000339,2025-07-27,C-0032,W-12,CO01,Attended
A-000340,2025-07-27,C-0037,W-11,CO01,Attended
A-000341,2025-07-27,C-0102,W-11,CO01,Attended
A-000342,2025-07-27,C-0133,W-11,CO02,Attended
A-000343,2025-07-27,C-0147,W-02,HV01,Attended
A-000344,2025-07-27,C-0176,W-11,CO01,No-show
A-000345,2025-07-27,C-0254,W-11,CO02,Attended
A-000346,2025-07-27,C-0254,W-11,CO02,Attended
A-000347,2025-07-27,C-0258,W-12,CO01,Attended
A-000348,2025-07-28,C-0016,W-04,CH02,Attended
A-000349,2025-07-28,C-0079,W-11,CO01,Attended
A-000350,2025-07-28,C-0245,W-04,HV01,Cancelled
A-000351,2025-07-28,C-0256,W-03,CH02,Attended
A-000352,2025-07-28,C-0284,W-06,CH02,Attended
A-000353,2025-07-29,C-0032,W-12,CO01,Attended
A-000354,2025-07-29,C-0063,W-06,HV01,Attended
A-000355,2025-07-29,C-0254,W-05,HV01,Attended
A-000356,2025-07-29,C-0265,W-11,CO01,Attended
A-000357,2025-07-29,C-0266,W-05,CH02,Attended
A-000358,2025-07-30,C-0131,W-02,HV01,No-show
A-000359,2025-07-30,C-0193,W-06,HV01,Attended
A-000360,2025-07-30,C-0194,W-06,HV01,Attended
A-000361,2025-07-30,C-0245,W-03,CH02,Attended
A-000362,2025-07-30,C-0246,W-11,CO01,Attended
A-000363,2025-07-30,C-0291,W-11,CO02,Attended
A-000364,2025-07-30,C-0291,W-04,CH02,No-show
A-000365,2025-07-31,C-0155,W-02,CH02,Cancelled
A-000366,2025-07-31,C-0176,W-11,CO01,Attended
A-000367,2025-07-31,C-0191,W-02,HV01,Attended
A-000368,2025-07-31,C-0215,W-11,CO02,Attended
A-000369,2025-07-31,C-0255,W-03,CH02,Attended
A-000370,2025-07-31,C-0282,W-01,HV01,Attended
A-000371,2025-08-01,C-0037,W-03,HV01,Attended
A-000372,2025-08-01,C-0070,W-06,HV01,Cancelled
A-000373,2025-08-01,C-0081,W-06,HV01,Attended
A-000374,2025-08-01,C-0120,W-04,HV01,Attended
A-000375,2025-08-01,C-0122,W-11,CO01,Attended
A-000376,2025-08-01,C-0122,W-05,HV01,Attended
A-000377,2025-08-01,C-0153,W-04,HV01,Attended
A-000378,2025-08-01,C-0245,W-04,HV01,Attended
A-000379,2025-08-02,C-0031,W-06,HV01,Attended
A-000380,2025-08-02,C-0032,W-03,CH02,Attended
A-000381,2025-08-02,C-0089,W-06,HV01,Attended
A-000382,2025-08-02,C-0122,W-12,CO01,Cancelled
A-000383,2025-08-02,C-0193,W-01,CH02,Attended
A-000384,2025-08-02,C-0267,W-12,CO01,Attended
A-000385,2025-08-03,C-0016,W-04,HV01,No-show
A-000386,2025-08-03,C-0300,W-06,CH02,Attended
A-000387,2025-08-04,C-0074,W-03,CH02,No-show
A-000388,2025-08-04,C-0126,W-05,HV01,Attended
A-000389,2025-08-04,C-0143,W-04,CH02,Attended
A-000390,2025-08-04,C-0192,W-12,CO01,Attended
A-000391,2025-08-04,C-0254,W-11,CO02,Attended
A-000392,2025-08-05,C-0016,W-04,HV01,Attended
A-000393,2025-08-05,C-0068,W-11,CO02,Attended
A-000394,2025-08-05,C-0078,W-02,CH02,Attended
A-000395,2025-08-05,C-0133,W-06,HV01,Attended
A-000396,2025-08-05,C-0175,W-12,CO01,Attended
A-000397,2025-08-05,C-0175,W-12,CO01,Attended
A-000398,2025-08-05,C-0255,W-03,HV01,Attended
A-000399,2025-08-05,C-0291,W-04,CH02,Attended
A-000400,2025-08-06,C-0131,W-02,HV01,Attended
A-000401,2025-08-06,C-0215,W-12,CO01,Attended
A-000402,2025-08-07,C-0093,W-02,HV01,Attended
A-000403,2025-08-07,C-0267,W-12,CO02,Attended
A-000404,2025-08-07,C-0291,W-11,CO02,Attended
A-000405,2025-08-07,C-0300,W-06,HV01,Attended
A-000406,2025-08-08,C-0023,W-06,HV01,Attended
A-000407,2025-08-08,C-0038,W-12,CO02,Attended
A-000408,2025-08-08,C-0074,W-12,CO01,Attended
A-000409,2025-08-08,C-0122,W-12,CO01,Attended
A-000410,2025-08-08,C-0155,W-02,CH02,Attended
A-000411,2025-08-09,C-0030,W-04,CH02,Attended
A-000412,2025-08-09,C-0031,W-01,CH02,Attended
A-000413,2025-08-09,C-0032,W-11,CO01,Attended
A-000414,2025-08-09,C-0079,W-01,CH02,Attended
A-000415,2025-08-09,C-0088,W-01,CH02,Attended
A-000416,2025-08-09,C-0175,W-11,CO01,Attended
A-000417,2025-08-09,C-0254,W-12,CO01,Attended
A-000418,2025-08-09,C-0266,W-12,CO01,Attended
A-000419,2025-08-09,C-0283,W-01,HV01,No-show
A-000420,2025-08-09,C-0290,W-12,CO01,Attended
A-000421,2025-08-10,C-0048,W-02,HV01,Attended
A-000422,2025-08-10,C-0102,W-12,CO02,Attended
A-000423,2025-08-10,C-0175,W-11,CO01,Attended
A-000424,2025-08-10,C-0194,W-11,CO01,Attended
A-000425,2025-08-11,C-0070,W-06,HV01,Attended
A-000426,2025-08-11,C-0102,W-11,CO01,Attended
A-000427,2025-08-11,C-0102,W-12,CO02,Attended
A-000428,2025-08-11,C-0192,W-03,HV01,Attended
A-000429,2025-08-11,C-0255,W-06,HV01,Attended
A-000430,2025-08-11,C-0291,W-03,HV01,Attended
A-000431,2025-08-11,C-0291,W-12,CO01,Attended
A-000432,2025-08-12,C-0048,W-03,CH02,Attended
A-000433,2025-08-12,C-0131,W-05,HV01,Attended
A-000434,2025-08-12,C-0143,W-06,HV01,Attended
A-000435,2025-08-12,C-0246,W-11,CO02,Attended
A-000436,2025-08-13,C-0120,W-04,CH02,Attended
A-000437,2025-08-13,C-0266,W-05,HV01,Attended
A-000438,2025-08-13,C-0284,W-06,CH02,Attended
A-000439,2025-08-14,C-0036,W-12,CO02,Attended
A-000440,2025-08-14,C-0037,W-12,CO01,Attended
A-000441,2025-08-14,C-0074,W-03,CH02,Attended
A-000442,2025-08-14,C-0246,W-12,CO01,Attended
A-000443,2025-08-14,C-0266,W-05,HV01,Attended
A-000444,2025-08-15,C-0037,W-11,CO01,Attended
A-000445,2025-08-15,C-0053,W-03,HV01,Cancelled
A-000446,2025-08-15,C-0063,W-06,HV01,Cancelled
A-000447,2025-08-15,C-0095,W-04,CH02,Attended
A-000448,2025-08-15,C-0131,W-04,HV01,Attended
A-000449,2025-08-15,C-0228,W-05,HV01,No-show
A-000450,2025-08-15,C-0254,W-11,CO01,Attended
A-000451,2025-08-15,C-0276,W-12,CO02,Attended
A-000452,2025-08-16,C-0045,W-05,HV01,Attended
A-000453,2025-08-16,C-0066,W-12,CO02,Cancelled
A-000454,2025-08-16,C-0095,W-11,CO01,Attended
A-000455,2025-08-16,C-0191,W-04,HV01,No-show
A-000456,2025-08-16,C-0193,W-04,CH02,Attended
A-000457,2025-08-16,C-0245,W-03,CH02,Attended
A-000458,2025-08-16,C-0283,W-01,HV01,Attended
A-000459,2025-08-17,C-0037,W-11,CO01,Attended
A-000460,2025-08-17,C-0068,W-04,CH02,Attended
A-000461,2025-08-17,C-0070,W-05,HV01,Attended
A-000462,2025-08-17,C-0126,W-03,HV01,Attended
A-000463,2025-08-17,C-0192,W-04,HV01,Attended
A-000464,2025-08-18,C-0037,W-11,CO02,Attended
A-000465,2025-08-18,C-0053,W-03,HV01,Attended
A-000466,2025-08-18,C-0066,W-12,CO02,Attended
A-000467,2025-08-18,C-0192,W-03,HV01,Attended
A-000468,2025-08-18,C-0254,W-02,CH02,Attended
A-000469,2025-08-18,C-0284,W-12,CO01,Attended
A-000470,2025-08-18,C-0299,W-03,CH02,No-show
A-000471,2025-08-19,C-0038,W-06,CH02,Attended
A-000472,2025-08-19,C-0048,W-11,CO01,Attended
A-000473,2025-08-19,C-0079,W-03,HV01,Attended
A-000474,2025-08-19,C-0095,W-11,CO01,Attended
A-000475,2025-08-19,C-0246,W-11,CO01,Attended
A-000476,2025-08-19,C-0250,W-12,CO01,Attended
A-000477,2025-08-19,C-0291,W-11,CO01,Attended
A-000478,2025-08-20,C-0081,W-12,CO01,No-show
A-000479,2025-08-20,C-0091,W-11,CO02,Attended
A-000480,2025-08-20,C-0120,W-12,CO02,No-show
A-000481,2025-08-20,C-0126,W-04,HV01,Attended
A-000482,2025-08-20,C-0158,W-12,CO02,Attended
A-000483,2025-08-20,C-0191,W-04,HV01,Attended
A-000484,2025-08-20,C-0246,W-02,CH02,Attended
A-000485,2025-08-20,C-0290,W-02,HV01,No-show
A-000486,2025-08-21,C-0031,W-03,HV01,Attended
A-000487,2025-08-21,C-0083,W-04,HV01,Attended
A-000488,2025-08-21,C-0113,W-11,CO01,Cancelled
A-000489,2025-08-21,C-0147,W-01,CH02,Attended
A-000490,2025-08-21,C-0265,W-12,CO01,Attended
A-000491,2025-08-21,C-0278,W-01,HV01,Cancelled
A-000492,2025-08-21,C-0300,W-11,CO01,Attended
A-000493,2025-08-22,C-0063,W-06,HV01,Attended
A-000494,2025-08-22,C-0074,W-05,CH02,Attended
A-000495,2025-08-22,C-0229,W-11,CO01,Attended
A-000496,2025-08-22,C-0276,W-03,HV01,No-show
A-000497,2025-08-23,C-0147,W-02,CH02,Cancelled
A-000498,2025-08-23,C-0179,W-05,CH02,Attended
A-000499,2025-08-23,C-0192,W-11,CO01,Attended
A-000500,2025-08-23,C-0193,W-05,CH02,Attended
A-000501,2025-08-23,C-0246,W-04,CH02,Attended
A-000502,2025-08-23,C-0267,W-12,CO01,Attended
A-000503,2025-08-23,C-0291,W-12,CO02,Attended
A-000504,2025-08-23,C-0291,W-06,CH02,Cancelled
A-000505,2025-08-24,C-0212,W-04,HV01,No-show
A-000506,2025-08-24,C-0267,W-03,HV01,Attended
A-000507,2025-08-24,C-0276,W-04,CH02,Attended
A-000508,2025-08-24,C-0276,W-03,HV01,Attended
A-000509,2025-08-25,C-0081,W-12,CO01,Attended
A-000510,2025-08-25,C-0088,W-04,HV01,Attended
A-000511,2025-08-25,C-0093,W-12,CO01,Attended
A-000512,2025-08-25,C-0102,W-04,CH02,No-show
A-000513,2025-08-25,C-0158,W-05,HV01,Attended
A-000514,2025-08-25,C-0228,W-05,HV01,Attended
A-000515,2025-08-25,C-0263,W-12,CO01,Attended
A-000516,2025-08-25,C-0299,W-01,HV01,Attended
A-000517,2025-08-26,C-0016,W-01,HV01,Attended
A-000518,2025-08-26,C-0079,W-12,CO01,Attended
A-000519,2025-08-26,C-0083,W-12,CO01,Attended
A-000520,2025-08-26,C-0208,W-04,CH02,Attended
A-000521,2025-08-26,C-0290,W-02,HV01,Attended
A-000522,2025-08-27,C-0030,W-11,CO01,Attended
A-000523,2025-08-27,C-0078,W-03,CH02,Attended
A-000524,2025-08-27,C-0079,W-06,CH02,Attended
A-000525,2025-08-27,C-0079,W-12,CO01,Attended
A-000526,2025-08-27,C-0081,W-03,CH02,Attended
A-000527,2025-08-27,C-0083,W-06,CH02,Attended
A-000528,2025-08-27,C-0102,W-04,CH02,Attended
A-000529,2025-08-27,C-0133,W-03,CH02,Attended
A-000530,2025-08-27,C-0155,W-11,CO01,Attended
A-000531,2025-08-27,C-0191,W-04,CH02,Attended
A-000532,2025-08-27,C-0256,W-06,CH02,Attended
A-000533,2025-08-27,C-0291,W-06,CH02,Attended
A-000534,2025-08-27,C-0291,W-12,CO02,Attended
A-000535,2025-08-27,C-0299,W-03,CH02,Attended
A-000536,2025-08-28,C-0030,W-12,CO02,Attended
A-000537,2025-08-28,C-0079,W-06,HV01,Attended
A-000538,2025-08-28,C-0120,W-12,CO02,Attended
A-000539,2025-08-28,C-0155,W-12,CO02,Attended
A-000540,2025-08-28,C-0194,W-04,HV01,Attended
A-000541,2025-08-28,C-0246,W-12,CO01,Attended
A-000542,2025-08-28,C-0265,W-05,CH02,Attended
A-000543,2025-08-29,C-0078,W-12,CO02,Attended
A-000544,2025-08-29,C-0113,W-11,CO01,Attended
A-000545,2025-08-29,C-0131,W-04,CH02,Attended
A-000546,2025-08-29,C-0147,W-02,CH02,Attended
A-000547,2025-08-29,C-0208,W-01,CH02,Attended
A-000548,2025-08-29,C-0212,W-04,HV01,Attended
A-000549,2025-08-29,C-0215,W-04,HV01,Attended
A-000550,2025-08-29,C-0278,W-01,HV01,Attended
A-000551,2025-08-29,C-0291,W-11,CO01,Attended
A-000552,2025-08-29,C-0291,W-11,CO02,Attended
A-000553,2025-08-30,C-0048,W-03,CH02,Attended
A-000554,2025-08-30,C-0131,W-12,CO02,Attended
A-000555,2025-08-30,C-0131,W-03,CH02,Cancelled
A-000556,2025-08-30,C-0158,W-05,HV01,Attended
A-000557,2025-08-30,C-0194,W-02,HV01,Attended
A-000558,2025-08-31,C-0066,W-04,CH02,Attended
A-000559,2025-08-31,C-0175,W-12,CO01,Attended
A-000560,2025-08-31,C-0207,W-05,HV01,Attended
A-000561,2025-08-31,C-0213,W-02,HV01,Attended
A-000562,2025-08-31,C-0256,W-11,CO01,Attended
A-000563,2025-09-01,C-0036,W-12,CO01,Attended
A-000564,2025-09-01,C-0063,W-06,HV01,Attended
A-000565,2025-09-01,C-0102,W-04,CH02,Attended
A-000566,2025-09-01,C-0144,W-03,HV01,Attended
A-000567,2025-09-01,C-0158,W-03,CH02,No-show
A-000568,2025-09-01,C-0228,W-03,HV01,Attended
A-000569,2025-09-01,C-0255,W-04,HV01,Attended
A-000570,2025-09-02,C-0031,W-06,HV01,Attended
A-000571,2025-09-02,C-0298,W-01,HV01,Attended
A-000572,2025-09-03,C-0016,W-11,CO02,Attended
A-000573,2025-09-03,C-0102,W-04,CH02,Attended
A-000574,2025-09-03,C-0227,W-11,CO02,Attended
A-000575,2025-09-03,C-0263,W-02,HV01,Attended
A-000576,2025-09-04,C-0030,W-04,CH02,Attended
A-000577,2025-09-04,C-0095,W-03,HV01,Attended
A-000578,2025-09-04,C-0256,W-12,CO01,Attended
A-000579,2025-09-04,C-0278,W-02,CH02,Attended
A-000580,2025-09-04,C-0290,W-12,CO01,Attended
A-000581,2025-09-05,C-0037,W-12,CO01,Attended
A-000582,2025-09-05,C-0037,W-12,CO01,Attended
A-000583,2025-09-05,C-0063,W-01,HV01,No-show
A-000584,2025-09-05,C-0074,W-11,CO01,Attended
A-000585,2025-09-05,C-0088,W-03,CH02,Attended
A-000586,2025-09-05,C-0089,W-11,CO02,Cancelled
A-000587,2025-09-05,C-0122,W-06,CH02,Attended
A-000588,2025-09-05,C-0131,W-03,CH02,Attended
A-000589,2025-09-05,C-0153,W-02,CH02,Attended
A-000590,2025-09-05,C-0212,W-11,CO02,Attended
A-000591,2025-09-05,C-0229,W-12,CO02,Attended
A-000592,2025-09-05,C-0254,W-11,CO02,Attended
A-000593,2025-09-05,C-0291,W-11,CO01,Attended
A-000594,2025-09-06,C-0036,W-11,CO02,Attended
A-000595,2025-09-06,C-0036,W-05,HV01,Attended
A-000596,2025-09-06,C-0193,W-12,CO01,Attended
A-000597,2025-09-07,C-0036,W-12,CO01,Attended
A-000598,2025-09-07,C-0046,W-05,CH02,Cancelled
A-000599,2025-09-07,C-0121,W-12,CO01,No-show
A-000600,2025-09-07,C-0229,W-03,CH02,No-show
A-000601,2025-09-07,C-0245,W-05,HV01,No-show
A-000602,2025-09-07,C-0255,W-04,CH02,Attended
A-000603,2025-09-07,C-0278,W-12,CO01,Attended
A-000604,2025-09-08,C-0037,W-11,CO02,No-show
A-000605,2025-09-08,C-0045,W-12,CO01,Attended
A-000606,2025-09-08,C-0079,W-12,CO01,Attended
A-000607,2025-09-08,C-0133,W-06,CH02,Attended
A-000608,2025-09-08,C-0194,W-03,HV01,Attended
A-000609,2025-09-09,C-0037,W-04,HV01,Attended
A-000610,2025-09-09,C-0202,W-06,HV01,Attended
A-000611,2025-09-09,C-0215,W-05,CH02,Attended
A-000612,2025-09-09,C-0283,W-01,CH02,Attended
A-000613,2025-09-10,C-0079,W-12,CO01,Attended
A-000614,2025-09-10,C-0109,W-12,CO01,Attended
A-000615,2025-09-10,C-0120,W-03,CH02,No-show
A-000616,2025-09-10,C-0212,W-06,HV01,Attended
A-000617,2025-09-11,C-0016,W-02,HV01,Attended
A-000618,2025-09-11,C-0024,W-02,HV01,Attended
A-000619,2025-09-11,C-0083,W-12,CO01,Attended
A-000620,2025-09-11,C-0129,W-12,CO01,Attended
A-000621,2025-09-11,C-0155,W-11,CO01,Attended
A-000622,2025-09-11,C-0158,W-03,CH02,Attended
A-000623,2025-09-11,C-0178,W-04,HV01,Attended
A-000624,2025-09-11,C-0263,W-12,CO01,Attended
A-000625,2025-09-12,C-0024,W-06,HV01,Attended
A-000626,2025-09-12,C-0030,W-11,CO02,Attended
A-000627,2025-09-12,C-0038,W-05,HV01,Attended
A-000628,2025-09-12,C-0078,W-12,CO01,Attended
A-000629,2025-09-12,C-0120,W-03,CH02,Attended
A-000630,2025-09-12,C-0121,W-12,CO01,Attended
A-000631,2025-09-12,C-0147,W-02,CH02,Attended
A-000632,2025-09-12,C-0194,W-03,CH02,Attended
A-000633,2025-09-12,C-0300,W-04,HV01,Cancelled
A-000634,2025-09-13,C-0037,W-12,CO01,Attended
A-000635,2025-09-13,C-0063,W-03,HV01,Attended
A-000636,2025-09-13,C-0063,W-02,HV01,No-show
A-000637,2025-09-13,C-0079,W-11,CO01,Attended
A-000638,2025-09-13,C-0109,W-02,HV01,No-show
A-000639,2025-09-13,C-0215,W-11,CO02,Cancelled
A-000640,2025-09-13,C-0228,W-02,HV01,Cancelled
A-000641,2025-09-13,C-0229,W-05,CH02,Attended
A-000642,2025-09-13,C-0256,W-11,CO02,No-show
A-000643,2025-09-14,C-0031,W-12,CO02,Attended
A-000644,2025-09-14,C-0037,W-12,CO01,Attended
A-000645,2025-09-14,C-0038,W-12,CO02,Attended
A-000646,2025-09-14,C-0063,W-01,HV01,Attended
A-000647,2025-09-14,C-0089,W-11,CO02,Attended
A-000648,2025-09-14,C-0131,W-12,CO01,Attended
A-000649,2025-09-14,C-0143,W-01,HV01,Attended
A-000650,2025-09-14,C-0158,W-11,CO02,Attended
A-000651,2025-09-14,C-0192,W-02,HV01,Attended
A-000652,2025-09-15,C-0037,W-11,CO02,Attended
A-000653,2025-09-15,C-0063,W-02,HV01,Attended
A-000654,2025-09-15,C-0063,W-05,HV01,Cancelled
A-000655,2025-09-15,C-0110,W-03,HV01,Attended
A-000656,2025-09-15,C-0122,W-01,HV01,Attended
A-000657,2025-09-15,C-0215,W-11,CO02,Attended
A-000658,2025-09-15,C-0215,W-01,CH02,Attended
A-000659,2025-09-15,C-0229,W-04,HV01,No-show
A-000660,2025-09-16,C-0024,W-01,CH02,Attended
A-000661,2025-09-16,C-0036,W-12,CO01,Attended
A-000662,2025-09-16,C-0068,W-02,CH02,Attended
A-000663,2025-09-16,C-0079,W-12,CO02,Attended
A-000664,2025-09-16,C-0102,W-02,CH02,Attended
A-000665,2025-09-16,C-0126,W-01,HV01,Attended
A-000666,2025-09-16,C-0129,W-05,HV01,Attended
A-000667,2025-09-16,C-0186,W-05,CH02,Attended
A-000668,2025-09-16,C-0194,W-04,HV01,Attended
A-000669,2025-09-16,C-0200,W-02,CH02,Attended
A-000670,2025-09-16,C-0243,W-06,HV01,Attended
A-000671,2025-09-16,C-0246,W-12,CO01,Attended
A-000672,2025-09-16,C-0254,W-05,HV01,Attended
A-000673,2025-09-17,C-0046,W-05,CH02,Attended
A-000674,2025-09-17,C-0059,W-02,HV01,Attended
A-000675,2025-09-17,C-0079,W-12,CO01,Attended
A-000676,2025-09-17,C-0227,W-11,CO01,Cancelled
A-000677,2025-09-17,C-0229,W-03,CH02,Attended
A-000678,2025-09-17,C-0245,W-05,HV01,Attended
A-000679,2025-09-18,C-0030,W-12,CO01,Attended
A-000680,2025-09-18,C-0129,W-01,HV01,Attended
A-000681,2025-09-18,C-0131,W-12,CO02,Attended
A-000682,2025-09-18,C-0155,W-12,CO01,Attended
A-000683,2025-09-18,C-0179,W-02,HV01,No-show
A-000684,2025-09-18,C-0185,W-06,HV01,Attended
A-000685,2025-09-18,C-0228,W-02,HV01,Attended
A-000686,2025-09-18,C-0256,W-11,CO02,Attended
A-000687,2025-09-18,C-0290,W-11,CO01,Attended
A-000688,2025-09-18,C-0290,W-12,CO01,Attended
A-000689,2025-09-18,C-0300,W-12,CO02,Attended
A-000690,2025-09-18,C-0300,W-11,CO02,Attended
A-000691,2025-09-19,C-0120,W-04,CH02,No-show
A-000692,2025-09-19,C-0122,W-06,HV01,Attended
A-000693,2025-09-19,C-0191,W-11,CO02,Attended
A-000694,2025-09-19,C-0215,W-01,CH02,Attended
A-000695,2025-09-19,C-0215,W-02,CH02,Attended
A-000696,2025-09-19,C-0252,W-01,HV01,Cancelled
A-000697,2025-09-20,C-0030,W-03,HV01,Attended
A-000698,2025-09-20,C-0063,W-02,HV01,Attended
A-000699,2025-09-20,C-0068,W-01,HV01,No-show
A-000700,2025-09-20,C-0102,W-12,CO02,No-show
A-000701,2025-09-20,C-0109,W-11,CO02,No-show
A-000702,2025-09-20,C-0300,W-04,HV01,Attended
A-000703,2025-09-21,C-0068,W-01,CH02,Attended
A-000704,2025-09-21,C-0074,W-11,CO01,Attended
A-000705,2025-09-21,C-0083,W-11,CO02,Attended
A-000706,2025-09-21,C-0095,W-03,CH02,Attended
A-000707,2025-09-21,C-0109,W-02,HV01,Attended
A-000708,2025-09-21,C-0120,W-05,HV01,Attended
A-000709,2025-09-21,C-0249,W-02,HV01,Attended
A-000710,2025-09-21,C-0265,W-12,CO01,Attended
A-000711,2025-09-21,C-0278,W-02,HV01,Attended
A-000712,2025-09-22,C-0048,W-06,CH02,Attended
A-000713,2025-09-22,C-0068,W-01,HV01,Attended
A-000714,2025-09-22,C-0088,W-06,HV01,Attended
A-000715,2025-09-22,C-0102,W-12,CO02,Attended
A-000716,2025-09-22,C-0120,W-04,CH02,Attended
A-000717,2025-09-22,C-0158,W-06,CH02,Attended
A-000718,2025-09-22,C-0179,W-02,HV01,Attended
A-000719,2025-09-22,C-0186,W-02,CH02,Attended
A-000720,2025-09-22,C-0193,W-12,CO01,Attended
A-000721,2025-09-22,C-0227,W-11,CO02,Attended
A-000722,2025-09-22,C-0229,W-04,HV01,Attended
A-000723,2025-09-23,C-0038,W-11,CO01,Attended
A-000724,2025-09-23,C-0059,W-01,CH02,Attended
A-000725,2025-09-23,C-0215,W-11,CO02,Attended
A-000726,2025-09-23,C-0256,W-12,CO01,Attended
A-000727,2025-09-24,C-0030,W-11,CO02,Attended
A-000728,2025-09-24,C-0040,W-02,HV01,Cancelled
A-000729,2025-09-24,C-0066,W-06,CH02,Attended
A-000730,2025-09-24,C-0133,W-03,HV01,No-show
A-000731,2025-09-24,C-0207,W-12,CO02,Attended
A-000732,2025-09-24,C-0256,W-05,HV01,Attended
A-000733,2025-09-24,C-0263,W-11,CO02,Cancelled
A-000734,2025-09-25,C-0041,W-12,CO02,Attended
A-000735,2025-09-25,C-0063,W-05,HV01,Attended
A-000736,2025-09-25,C-0088,W-03,CH02,Attended
A-000737,2025-09-25,C-0109,W-11,CO02,Attended
A-000738,2025-09-25,C-0133,W-01,HV01,Attended
A-000739,2025-09-25,C-0158,W-12,CO01,Attended
A-000740,2025-09-25,C-0227,W-11,CO01,Attended
A-000741,2025-09-25,C-0274,W-12,CO02,No-show
A-000742,2025-09-26,C-0068,W-05,HV01,Attended
A-000743,2025-09-26,C-0126,W-01,CH02,Attended
A-000744,2025-09-26,C-0153,W-01,CH02,Attended
A-000745,2025-09-26,C-0160,W-05,HV01,Attended
A-000746,2025-09-26,C-0207,W-11,CO01,Cancelled
A-000747,2025-09-26,C-0229,W-06,CH02,Attended
A-000748,2025-09-26,C-0290,W-12,CO01,Attended
A-000749,2025-09-27,C-0102,W-12,CO02,Attended
A-000750,2025-09-27,C-0133,W-05,CH02,Attended
A-000751,2025-09-27,C-0133,W-05,CH02,Cancelled
A-000752,2025-09-27,C-0186,W-12,CO01,Attended
A-000753,2025-09-27,C-0192,W-02,HV01,Attended
A-000754,2025-09-27,C-0274,W-01,HV01,Attended
A-000755,2025-09-27,C-0274,W-03,CH02,No-show
A-000756,2025-09-27,C-0278,W-12,CO02,No-show
A-000757,2025-09-27,C-0284,W-01,HV01,Attended
A-000758,2025-09-27,C-0291,W-01,HV01,Attended
A-000759,2025-09-28,C-0040,W-02,HV01,Attended
A-000760,2025-09-28,C-0045,W-02,HV01,No-show
A-000761,2025-09-28,C-0083,W-04,HV01,Attended
A-000762,2025-09-28,C-0197,W-12,CO01,No-show
A-000763,2025-09-28,C-0207,W-11,CO01,Attended
A-000764,2025-09-28,C-0252,W-01,HV01,Attended
A-000765,2025-09-28,C-0291,W-12,CO02,Attended
A-000766,2025-09-29,C-0037,W-03,CH02,Attended
A-000767,2025-09-29,C-0046,W-05,HV01,Attended
A-000768,2025-09-29,C-0122,W-02,HV01,Attended
A-000769,2025-09-29,C-0155,W-01,HV01,No-show
A-000770,2025-09-29,C-0208,W-04,HV01,Attended
A-000771,2025-09-29,C-0255,W-11,CO01,Attended
A-000772,2025-09-30,C-0030,W-11,CO01,Attended
A-000773,2025-09-30,C-0040,W-05,CH02,Attended
A-000774,2025-09-30,C-0120,W-01,HV01,Attended
A-000775,2025-09-30,C-0122,W-06,HV01,Cancelled
A-000776,2025-09-30,C-0151,W-06,CH02,Attended
A-000777,2025-09-30,C-0160,W-03,HV01,Attended
A-000778,2025-09-30,C-0227,W-11,CO02,Attended
A-000779,2025-09-30,C-0227,W-01,CH02,No-show
A-000780,2025-09-30,C-0252,W-06,HV01,Attended
A-000781,2025-09-30,C-0255,W-12,CO02,Attended
A-000782,2025-09-30,C-0278,W-12,CO02,Attended
A-000783,2025-09-30,C-0287,W-11,CO02,No-show
A-000784,2025-09-30,C-0290,W-02,HV01,Attended
A-000785,2025-10-01,C-0045,W-02,HV01,Attended
A-000786,2025-10-01,C-0080,W-01,HV01,Attended
A-000787,2025-10-01,C-0155,W-05,CH02,Attended
A-000788,2025-10-02,C-0030,W-11,CO02,No-show
A-000789,2025-10-02,C-0048,W-01,HV01,Attended
A-000790,2025-10-02,C-0077,W-03,HV01,Attended
A-000791,2025-10-03,C-0031,W-03,HV01,Attended
A-000792,2025-10-03,C-0063,W-02,HV01,Attended
A-000793,2025-10-03,C-0063,W-05,HV01,Attended
A-000794,2025-10-03,C-0102,W-12,CO02,Attended
A-000795,2025-10-03,C-0102,W-12,CO02,Attended
A-000796,2025-10-03,C-0133,W-03,HV01,Attended
A-000797,2025-10-03,C-0133,W-05,CH02,Attended
A-000798,2025-10-03,C-0186,W-03,CH02,Attended
A-000799,2025-10-03,C-0191,W-12,CO02,Attended
A-000800,2025-10-03,C-0193,W-03,HV01,Attended
A-000801,2025-10-03,C-0197,W-12,CO01,No-show
A-000802,2025-10-03,C-0228,W-05,HV01,Attended
A-000803,2025-10-03,C-0265,W-05,HV01,Attended
A-000804,2025-10-03,C-0274,W-06,CH02,No-show
A-000805,2025-10-04,C-0041,W-01,HV01,Attended
A-000806,2025-10-04,C-0083,W-11,CO01,Attended
A-000807,2025-10-04,C-0102,W-12,CO01,Attended
A-000808,2025-10-04,C-0170,W-11,CO02,No-show
A-000809,2025-10-04,C-0260,W-12,CO01,Attended
A-000810,2025-10-04,C-0263,W-11,CO02,Attended
A-000811,2025-10-04,C-0274,W-12,CO02,Attended
A-000812,2025-10-04,C-0278,W-05,CH02,Attended
A-000813,2025-10-05,C-0038,W-02,HV01,Attended
A-000814,2025-10-05,C-0122,W-06,HV01,Attended
A-000815,2025-10-05,C-0172,W-01,CH02,Attended
A-000816,2025-10-05,C-0185,W-03,HV01,Attended
A-000817,2025-10-05,C-0212,W-01,CH02,Attended
A-000818,2025-10-05,C-0274,W-06,CH02,Attended
A-000819,2025-10-06,C-0044,W-12,CO01,Attended
A-000820,2025-10-06,C-0077,W-06,HV01,Cancelled
A-000821,2025-10-06,C-0078,W-12,CO02,Attended
A-000822,2025-10-06,C-0129,W-06,HV01,Attended
A-000823,2025-10-06,C-0149,W-11,CO02,Attended
A-000824,2025-10-06,C-0160,W-05,CH02,Attended
A-000825,2025-10-06,C-0193,W-12,CO02,Attended
A-000826,2025-10-06,C-0197,W-11,CO01,No-show
A-000827,2025-10-06,C-0211,W-05,HV01,Attended
A-000828,2025-10-06,C-0256,W-11,CO01,Attended
A-000829,2025-10-06,C-0276,W-11,CO01,Attended
A-000830,2025-10-06,C-0287,W-11,CO02,Attended
A-000831,2025-10-06,C-0290,W-12,CO01,Attended
A-000832,2025-10-07,C-0024,W-04,HV01,Attended
A-000833,2025-10-07,C-0045,W-11,CO01,Attended
A-000834,2025-10-07,C-0088,W-01,CH02,Attended
A-000835,2025-10-07,C-0197,W-12,CO01,Attended
A-000836,2025-10-07,C-0215,W-01,CH02,Attended
A-000837,2025-10-07,C-0274,W-03,CH02,Attended
A-000838,2025-10-08,C-0024,W-01,HV01,Attended
A-000839,2025-10-08,C-0044,W-12,CO02,Attended
A-000840,2025-10-08,C-0083,W-11,CO01,Cancelled
A-000841,2025-10-08,C-0186,W-11,CO01,Attended
A-000842,2025-10-08,C-0193,W-11,CO02,No-show
A-000843,2025-10-08,C-0197,W-12,CO01,Attended
A-000844,2025-10-08,C-0200,W-03,HV01,Attended
A-000845,2025-10-08,C-0205,W-06,CH02,Attended
A-000846,2025-10-08,C-0215,W-03,CH02,Attended
A-000847,2025-10-08,C-0265,W-12,CO01,Attended
A-000848,2025-10-09,C-0030,W-11,CO02,Attended
A-000849,2025-10-09,C-0036,W-12,CO02,Attended
A-000850,2025-10-09,C-0045,W-04,HV01,Attended
A-000851,2025-10-09,C-0110,W-04,HV01,Attended
A-000852,2025-10-09,C-0155,W-01,HV01,Attended
A-000853,2025-10-09,C-0160,W-11,CO02,Attended
A-000854,2025-10-09,C-0227,W-01,CH02,Attended
A-000855,2025-10-09,C-0263,W-04,HV01,Attended
A-000856,2025-10-10,C-0016,W-02,CH02,Attended
A-000857,2025-10-10,C-0030,W-03,CH02,Attended
A-000858,2025-10-10,C-0077,W-06,HV01,Attended
A-000859,2025-10-10,C-0077,W-04,HV01,Attended
A-000860,2025-10-10,C-0121,W-01,CH02,Attended
A-000861,2025-10-10,C-0170,W-11,CO02,Attended
A-000862,2025-10-10,C-0185,W-01,HV01,Attended
A-000863,2025-10-10,C-0246,W-12,CO02,Cancelled
A-000864,2025-10-10,C-0255,W-05,CH02,Attended
A-000865,2025-10-10,C-0255,W-05,CH02,No-show
A-000866,2025-10-10,C-0263,W-12,CO01,Attended
A-000867,2025-10-11,C-0063,W-04,CH02,Attended
A-000868,2025-10-11,C-0065,W-05,HV01,Attended
A-000869,2025-10-11,C-0147,W-04,CH02,Cancelled
A-000870,2025-10-11,C-0153,W-02,HV01,Attended
A-000871,2025-10-11,C-0193,W-03,CH02,Attended
A-000872,2025-10-11,C-0255,W-12,CO02,Attended
A-000873,2025-10-11,C-0263,W-02,CH02,Attended
A-000874,2025-10-11,C-0275,W-06,HV01,Attended
A-000875,2025-10-11,C-0291,W-11,CO01,Attended
A-000876,2025-10-12,C-0046,W-12,CO01,Attended
A-000877,2025-10-12,C-0070,W-01,HV01,Attended
A-000878,2025-10-12,C-0083,W-03,HV01,Attended
A-000879,2025-10-12,C-0083,W-04,HV01,Attended
A-000880,2025-10-12,C-0122,W-03,CH02,Cancelled
A-000881,2025-10-12,C-0170,W-12,CO02,Attended
A-000882,2025-10-12,C-0274,W-12,CO02,Cancelled
A-000883,2025-10-13,C-0037,W-12,CO02,Attended
A-000884,2025-10-13,C-0037,W-11,CO01,Attended
A-000885,2025-10-13,C-0063,W-12,CO01,Attended
A-000886,2025-10-13,C-0074,W-11,CO01,Attended
A-000887,2025-10-13,C-0133,W-02,HV01,Attended
A-000888,2025-10-13,C-0213,W-05,CH02,Attended
A-000889,2025-10-13,C-0229,W-01,HV01,Attended
A-000890,2025-10-13,C-0287,W-11,CO02,Attended
A-000891,2025-10-14,C-0078,W-01,CH02,Attended
A-000892,2025-10-14,C-0083,W-11,CO01,Attended
A-000893,2025-10-14,C-0102,W-05,CH02,Attended
A-000894,2025-10-14,C-0197,W-11,CO01,Attended
A-000895,2025-10-14,C-0197,W-11,CO01,Attended
A-000896,2025-10-14,C-0208,W-03,CH02,Attended
A-000897,2025-10-14,C-0217,W-11,CO02,Attended
A-000898,2025-10-14,C-0217,W-12,CO02,No-show
A-000899,2025-10-14,C-0260,W-11,CO02,Attended
A-000900,2025-10-15,C-0030,W-12,CO01,Attended
A-000901,2025-10-15,C-0101,W-12,CO01,Attended
A-000902,2025-10-15,C-0126,W-11,CO01,Attended
A-000903,2025-10-15,C-0147,W-04,CH02,Attended
A-000904,2025-10-15,C-0194,W-02,CH02,Attended
A-000905,2025-10-15,C-0246,W-12,CO02,Attended
A-000906,2025-10-15,C-0246,W-06,HV01,No-show
A-000907,2025-10-16,C-0041,W-03,CH02,No-show
A-000908,2025-10-16,C-0074,W-02,HV01,Attended
A-000909,2025-10-16,C-0074,W-11,CO01,Attended
A-000910,2025-10-16,C-0083,W-11,CO02,Attended
A-000911,2025-10-16,C-0129,W-03,CH02,Attended
A-000912,2025-10-16,C-0143,W-12,CO02,Cancelled
A-000913,2025-10-16,C-0193,W-11,CO02,Attended
A-000914,2025-10-16,C-0229,W-01,HV01,Attended
A-000915,2025-10-16,C-0260,W-11,CO02,Attended
A-000916,2025-10-16,C-0265,W-11,CO01,Attended
A-000917,2025-10-17,C-0095,W-04,HV01,Attended
A-000918,2025-10-17,C-0122,W-03,CH02,Attended
A-000919,2025-10-17,C-0125,W-04,HV01,Attended
A-000920,2025-10-17,C-0208,W-01,CH02,Attended
A-000921,2025-10-17,C-0274,W-12,CO02,Attended
A-000922,2025-10-18,C-0041,W-01,CH02,Attended
A-000923,2025-10-18,C-0044,W-05,CH02,Attended
A-000924,2025-10-18,C-0101,W-04,CH02,Attended
A-000925,2025-10-18,C-0176,W-01,HV01,Attended
A-000926,2025-10-18,C-0208,W-02,CH02,Attended
A-000927,2025-10-19,C-0048,W-01,HV01,Attended
A-000928,2025-10-19,C-0050,W-02,CH02,Attended
A-000929,2025-10-19,C-0102,W-11,CO01,No-show
A-000930,2025-10-19,C-0120,W-04,HV01,Attended
A-000931,2025-10-19,C-0149,W-03,CH02,Attended
A-000932,2025-10-19,C-0246,W-06,HV01,Attended
A-000933,2025-10-20,C-0102,W-11,CO01,Attended
A-000934,2025-10-20,C-0102,W-02,HV01,No-show
A-000935,2025-10-20,C-0110,W-11,CO02,Attended
A-000936,2025-10-20,C-0149,W-06,CH02,Attended
A-000937,2025-10-20,C-0160,W-04,HV01,Attended
A-000938,2025-10-20,C-0255,W-11,CO01,Attended
A-000939,2025-10-20,C-0255,W-05,CH02,Attended
A-000940,2025-10-20,C-0265,W-03,CH02,Attended
A-000941,2025-10-20,C-0278,W-12,CO02,Attended
A-000942,2025-10-21,C-0136,W-11,CO01,Attended
A-000943,2025-10-21,C-0228,W-01,HV01,Attended
A-000944,2025-10-21,C-0255,W-12,CO01,Attended
A-000945,2025-10-21,C-0260,W-12,CO02,No-show
A-000946,2025-10-21,C-0276,W-03,CH02,No-show
A-000947,2025-10-21,C-0292,W-03,HV01,Attended
A-000948,2025-10-21,C-0299,W-06,CH02,Attended
A-000949,2025-10-22,C-0037,W-11,CO01,Cancelled
A-000950,2025-10-22,C-0065,W-03,HV01,Attended
A-000951,2025-10-22,C-0078,W-05,HV01,Attended
A-000952,2025-10-22,C-0095,W-02,CH02,Attended
A-000953,2025-10-22,C-0102,W-02,HV01,Attended
A-000954,2025-10-22,C-0102,W-11,CO01,Attended
A-000955,2025-10-22,C-0143,W-12,CO02,Attended
A-000956,2025-10-22,C-0151,W-01,HV01,Attended
A-000957,2025-10-22,C-0279,W-01,HV01,Attended
A-000958,2025-10-22,C-0291,W-05,HV01,Attended
A-000959,2025-10-23,C-0016,W-03,HV01,Attended
A-000960,2025-10-23,C-0031,W-03,HV01,Attended
A-000961,2025-10-23,C-0041,W-03,CH02,Attended
A-000962,2025-10-23,C-0048,W-06,HV01,Attended
A-000963,2025-10-23,C-0074,W-11,CO01,Attended
A-000964,2025-10-23,C-0077,W-12,CO01,Attended
A-000965,2025-10-23,C-0079,W-11,CO01,Attended
A-000966,2025-10-23,C-0170,W-11,CO01,No-show
A-000967,2025-10-23,C-0202,W-05,HV01,Attended
A-000968,2025-10-23,C-0208,W-05,HV01,No-show
A-000969,2025-10-23,C-0217,W-12,CO02,Attended
A-000970,2025-10-23,C-0255,W-02,CH02,Attended
A-000971,2025-10-23,C-0291,W-05,CH02,Attended
A-000972,2025-10-24,C-0024,W-01,HV01,Attended
A-000973,2025-10-24,C-0030,W-12,CO02,Attended
A-000974,2025-10-24,C-0094,W-12,CO02,Attended
A-000975,2025-10-24,C-0179,W-01,HV01,Attended
A-000976,2025-10-24,C-0235,W-03,HV01,No-show
A-000977,2025-10-24,C-0256,W-04,CH02,Attended
A-000978,2025-10-24,C-0275,W-12,CO01,Attended
A-000979,2025-10-24,C-0275,W-05,HV01,Attended
A-000980,2025-10-25,C-0044,W-03,CH02,Attended
A-000981,2025-10-25,C-0089,W-04,HV01,Attended
A-000982,2025-10-25,C-0149,W-06,CH02,Attended
A-000983,2025-10-25,C-0208,W-01,HV01,Attended
A-000984,2025-10-25,C-0217,W-05,HV01,No-show
A-000985,2025-10-25,C-0279,W-06,HV01,Attended
A-000986,2025-10-25,C-0284,W-06,HV01,Attended
A-000987,2025-10-26,C-0044,W-04,HV01,Cancelled
A-000988,2025-10-26,C-0056,W-05,CH02,Attended
A-000989,2025-10-26,C-0083,W-06,CH02,Attended
A-000990,2025-10-26,C-0102,W-12,CO02,Attended
A-000991,2025-10-26,C-0120,W-06,HV01,Attended
A-000992,2025-10-26,C-0129,W-01,CH02,Attended
A-000993,2025-10-26,C-0243,W-12,CO01,No-show
A-000994,2025-10-26,C-0291,W-11,CO01,Attended
A-000995,2025-10-27,C-0008,W-11,CO01,No-show
A-000996,2025-10-27,C-0079,W-12,CO01,Attended
A-000997,2025-10-27,C-0246,W-12,CO01,No-show
A-000998,2025-10-27,C-0260,W-12,CO02,Attended
A-000999,2025-10-27,C-0260,W-05,HV01,Cancelled
A-001000,2025-10-27,C-0278,W-03,CH02,Attended
A-001001,2025-10-27,C-0300,W-12,CO01,Attended
A-001002,2025-10-28,C-0046,W-12,CO02,Attended
A-001003,2025-10-28,C-0074,W-11,CO01,Attended
A-001004,2025-10-28,C-0121,W-02,CH02,Attended
A-001005,2025-10-28,C-0131,W-11,CO02,Attended
A-001006,2025-10-28,C-0144,W-01,HV01,Attended
A-001007,2025-10-28,C-0149,W-05,HV01,Attended
A-001008,2025-10-28,C-0160,W-01,CH02,Attended
A-001009,2025-10-28,C-0208,W-05,HV01,Attended
A-001010,2025-10-28,C-0300,W-04,HV01,Attended
A-001011,2025-10-29,C-0028,W-01,HV01,Attended
A-001012,2025-10-29,C-0168,W-01,CH02,No-show
A-001013,2025-10-29,C-0170,W-11,CO01,Attended
A-001014,2025-10-29,C-0200,W-04,CH02,Attended
A-001015,2025-10-29,C-0243,W-11,CO01,Attended
A-001016,2025-10-29,C-0276,W-03,CH02,Attended
A-001017,2025-10-30,C-0016,W-06,CH02,Attended
A-001018,2025-10-30,C-0037,W-11,CO01,Attended
A-001019,2025-10-30,C-0040,W-06,HV01,Cancelled
A-001020,2025-10-30,C-0046,W-01,HV01,Attended
A-001021,2025-10-30,C-0065,W-04,HV01,Attended
A-001022,2025-10-30,C-0205,W-12,CO01,Attended
A-001023,2025-10-30,C-0207,W-12,CO02,No-show
A-001024,2025-10-30,C-0235,W-03,HV01,Attended
A-001025,2025-10-30,C-0245,W-06,HV01,Attended
A-001026,2025-10-30,C-0265,W-12,CO01,Attended
A-001027,2025-10-30,C-0276,W-01,HV01,Attended
A-001028,2025-10-30,C-0291,W-11,CO01,Attended
A-001029,2025-10-31,C-0079,W-11,CO01,Attended
A-001030,2025-10-31,C-0102,W-03,HV01,Attended
A-001031,2025-10-31,C-0120,W-05,HV01,Attended
A-001032,2025-10-31,C-0207,W-05,HV01,No-show
A-001033,2025-11-01,C-0014,W-01,HV01,Attended
A-001034,2025-11-01,C-0016,W-06,HV01,Attended
A-001035,2025-11-01,C-0044,W-04,HV01,Attended
A-001036,2025-11-01,C-0121,W-11,CO02,Attended
A-001037,2025-11-01,C-0170,W-04,CH02,Attended
A-001038,2025-11-01,C-0197,W-02,HV01,Attended
A-001039,2025-11-01,C-0217,W-05,HV01,Attended
A-001040,2025-11-01,C-0290,W-12,CO01,Attended
A-001041,2025-11-02,C-0040,W-11,CO01,Attended
A-001042,2025-11-02,C-0080,W-06,CH02,Attended
A-001043,2025-11-02,C-0094,W-12,CO02,Attended
A-001044,2025-11-02,C-0125,W-05,HV01,No-show
A-001045,2025-11-02,C-0131,W-12,CO01,Attended
A-001046,2025-11-02,C-0197,W-11,CO01,Attended
A-001047,2025-11-02,C-0197,W-12,CO01,Attended
A-001048,2025-11-02,C-0207,W-12,CO02,Attended
A-001049,2025-11-02,C-0208,W-02,HV01,Attended
A-001050,2025-11-02,C-0217,W-04,CH02,Attended
A-001051,2025-11-02,C-0275,W-06,HV01,Attended
A-001052,2025-11-02,C-0290,W-12,CO02,Cancelled
A-001053,2025-11-03,C-0008,W-12,CO02,Attended
A-001054,2025-11-03,C-0028,W-03,CH02,Attended
A-001055,2025-11-03,C-0081,W-12,CO01,Attended
A-001056,2025-11-03,C-0095,W-06,HV01,Attended
A-001057,2025-11-03,C-0122,W-04,HV01,No-show
A-001058,2025-11-03,C-0186,W-06,HV01,Attended
A-001059,2025-11-03,C-0193,W-11,CO02,Attended
A-001060,2025-11-03,C-0217,W-11,CO01,Attended
A-001061,2025-11-03,C-0246,W-11,CO01,Attended
A-001062,2025-11-03,C-0249,W-01,HV01,Attended
A-001063,2025-11-03,C-0263,W-11,CO01,Attended
A-001064,2025-11-03,C-0265,W-12,CO01,Attended
A-001065,2025-11-03,C-0287,W-12,CO01,Attended
A-001066,2025-11-04,C-0008,W-11,CO01,Attended
A-001067,2025-11-04,C-0030,W-02,HV01,Attended
A-001068,2025-11-04,C-0056,W-11,CO02,Attended
A-001069,2025-11-04,C-0168,W-01,CH02,Attended
A-001070,2025-11-04,C-0204,W-01,HV01,Cancelled
A-001071,2025-11-04,C-0215,W-02,CH02,No-show
A-001072,2025-11-04,C-0243,W-12,CO01,Attended
A-001073,2025-11-04,C-0260,W-05,HV01,Attended
A-001074,2025-11-04,C-0265,W-01,CH02,Attended
A-001075,2025-11-04,C-0274,W-11,CO01,No-show
A-001076,2025-11-05,C-0016,W-06,HV01,Attended
A-001077,2025-11-05,C-0040,W-06,HV01,Attended
A-001078,2025-11-05,C-0155,W-01,HV01,Attended
A-001079,2025-11-05,C-0205,W-11,CO01,No-show
A-001080,2025-11-05,C-0229,W-12,CO02,Attended
A-001081,2025-11-05,C-0246,W-12,CO01,Attended
A-001082,2025-11-05,C-0275,W-03,HV01,No-show
A-001083,2025-11-05,C-0279,W-02,HV01,Attended
A-001084,2025-11-05,C-0300,W-05,CH02,Attended
A-001085,2025-11-06,C-0041,W-03,CH02,Attended
A-001086,2025-11-06,C-0065,W-03,HV01,Attended
A-001087,2025-11-06,C-0122,W-04,HV01,Attended
A-001088,2025-11-06,C-0155,W-06,CH02,Attended
A-001089,2025-11-06,C-0246,W-04,HV01,Attended
A-001090,2025-11-06,C-0253,W-01,HV01,Attended
A-001091,2025-11-06,C-0284,W-11,CO02,Attended
A-001092,2025-11-07,C-0012,W-01,HV01,Attended
A-001093,2025-11-07,C-0035,W-04,HV01,Cancelled
A-001094,2025-11-07,C-0036,W-01,CH02,Attended
A-001095,2025-11-07,C-0187,W-12,CO02,Attended
A-001096,2025-11-07,C-0192,W-11,CO01,Attended
A-001097,2025-11-07,C-0207,W-01,HV01,Attended
A-001098,2025-11-07,C-0292,W-06,CH02,Attended
A-001099,2025-11-08,C-0016,W-03,HV01,Attended
A-001100,2025-11-08,C-0078,W-05,CH02,Attended
A-001101,2025-11-08,C-0160,W-06,HV01,Attended
A-001102,2025-11-08,C-0205,W-11,CO01,Attended
A-001103,2025-11-08,C-0207,W-05,HV01,Attended
A-001104,2025-11-08,C-0245,W-11,CO02,Attended
A-001105,2025-11-08,C-0263,W-11,CO01,Attended
A-001106,2025-11-09,C-0024,W-11,CO02,Attended
A-001107,2025-11-09,C-0037,W-12,CO01,Attended
A-001108,2025-11-09,C-0081,W-11,CO01,No-show
A-001109,2025-11-09,C-0192,W-01,HV01,Attended
A-001110,2025-11-09,C-0215,W-02,CH02,Attended
A-001111,2025-11-09,C-0246,W-12,CO01,Attended
A-001112,2025-11-10,C-0079,W-11,CO01,Attended
A-001113,2025-11-10,C-0125,W-05,HV01,Attended
A-001114,2025-11-10,C-0126,W-12,CO01,Attended
A-001115,2025-11-10,C-0136,W-06,HV01,Attended
A-001116,2025-11-10,C-0172,W-02,CH02,Attended
A-001117,2025-11-10,C-0207,W-01,HV01,Attended
A-001118,2025-11-10,C-0208,W-03,HV01,Attended
A-001119,2025-11-10,C-0241,W-12,CO02,Attended
A-001120,2025-11-10,C-0274,W-04,HV01,Attended
A-001121,2025-11-10,C-0275,W-03,HV01,Attended
A-001122,2025-11-10,C-0276,W-01,CH02,Attended
A-001123,2025-11-10,C-0283,W-05,HV01,Attended
A-001124,2025-11-10,C-0290,W-12,CO02,Attended
A-001125,2025-11-10,C-0298,W-05,CH02,Attended
A-001126,2025-11-11,C-0044,W-04,HV01,Attended
A-001127,2025-11-11,C-0050,W-12,CO01,Attended
A-001128,2025-11-11,C-0160,W-02,HV01,Attended
A-001129,2025-11-11,C-0168,W-01,HV01,Attended
A-001130,2025-11-11,C-0179,W-04,HV01,Attended
A-001131,2025-11-11,C-0274,W-11,CO01,Attended
A-001132,2025-11-11,C-0279,W-02,CH02,Attended
A-001133,2025-11-11,C-0290,W-03,HV01,Cancelled
A-001134,2025-11-12,C-0012,W-01,CH02,Attended
A-001135,2025-11-12,C-0012,W-11,CO02,Attended
A-001136,2025-11-12,C-0110,W-05,HV01,Attended
A-001137,2025-11-12,C-0144,W-03,CH02,Attended
A-001138,2025-11-12,C-0191,W-03,CH02,Attended
A-001139,2025-11-12,C-0193,W-11,CO01,Attended
A-001140,2025-11-12,C-0197,W-05,CH02,Attended
A-001141,2025-11-12,C-0229,W-11,CO02,Attended
A-001142,2025-11-12,C-0265,W-12,CO01,Attended
A-001143,2025-11-12,C-0274,W-12,CO02,Attended
A-001144,2025-11-13,C-0081,W-12,CO02,Attended
A-001145,2025-11-13,C-0102,W-12,CO01,Attended
A-001146,2025-11-13,C-0104,W-11,CO02,Attended
A-001147,2025-11-13,C-0197,W-11,CO01,Attended
A-001148,2025-11-13,C-0207,W-03,HV01,Attended
A-001149,2025-11-14,C-0016,W-05,HV01,Attended
A-001150,2025-11-14,C-0056,W-05,CH02,Attended
A-001151,2025-11-14,C-0083,W-04,CH02,Attended
A-001152,2025-11-14,C-0088,W-05,HV01,Attended
A-001153,2025-11-14,C-0176,W-04,HV01,Attended
A-001154,2025-11-14,C-0204,W-01,HV01,Attended
A-001155,2025-11-14,C-0223,W-06,CH02,Attended
A-001156,2025-11-14,C-0255,W-02,HV01,Attended
A-001157,2025-11-14,C-0279,W-05,HV01,Attended
A-001158,2025-11-15,C-0079,W-12,CO01,Attended
A-001159,2025-11-15,C-0205,W-01,HV01,Attended
A-001160,2025-11-15,C-0207,W-05,HV01,Cancelled
A-001161,2025-11-15,C-0215,W-01,CH02,Attended
A-001162,2025-11-15,C-0265,W-12,CO01,Attended
A-001163,2025-11-15,C-0300,W-11,CO01,Attended
A-001164,2025-11-16,C-0012,W-04,CH02,Attended
A-001165,2025-11-16,C-0016,W-04,CH02,Cancelled
A-001166,2025-11-16,C-0031,W-06,CH02,Attended
A-001167,2025-11-16,C-0068,W-11,CO01,Attended
A-001168,2025-11-16,C-0078,W-11,CO01,Attended
A-001169,2025-11-16,C-0078,W-12,CO01,Cancelled
A-001170,2025-11-16,C-0079,W-04,HV01,Cancelled
A-001171,2025-11-16,C-0081,W-12,CO02,Attended
A-001172,2025-11-16,C-0102,W-11,CO02,Attended
A-001173,2025-11-16,C-0126,W-06,HV01,Attended
A-001174,2025-11-16,C-0170,W-12,CO01,Attended
A-001175,2025-11-16,C-0255,W-11,CO01,Attended
A-001176,2025-11-16,C-0284,W-03,CH02,Attended
A-001177,2025-11-17,C-0030,W-12,CO02,No-show
A-001178,2025-11-17,C-0035,W-04,HV01,Attended
A-001179,2025-11-17,C-0153,W-12,CO01,Attended
A-001180,2025-11-17,C-0207,W-05,HV01,Attended
A-001181,2025-11-17,C-0215,W-05,CH02,Attended
A-001182,2025-11-17,C-0260,W-11,CO02,Attended
A-001183,2025-11-18,C-0070,W-01,CH02,Attended
A-001184,2025-11-18,C-0074,W-05,HV01,Attended
A-001185,2025-11-18,C-0133,W-01,CH02,Attended
A-001186,2025-11-18,C-0170,W-02,HV01,Attended
A-001187,2025-11-18,C-0208,W-06,HV01,Attended
A-001188,2025-11-18,C-0223,W-04,HV01,No-show
A-001189,2025-11-18,C-0241,W-06,HV01,Attended
A-001190,2025-11-18,C-0283,W-03,HV01,Attended
A-001191,2025-11-18,C-0284,W-12,CO02,Attended
A-001192,2025-11-19,C-0030,W-11,CO01,Attended
A-001193,2025-11-19,C-0035,W-01,HV01,Attended
A-001194,2025-11-19,C-0036,W-01,CH02,Attended
A-001195,2025-11-19,C-0037,W-12,CO01,Attended
A-001196,2025-11-19,C-0081,W-11,CO01,Attended
A-001197,2025-11-19,C-0153,W-05,CH02,Attended
A-001198,2025-11-19,C-0300,W-11,CO01,Attended
A-001199,2025-11-20,C-0012,W-11,CO01,Attended
A-001200,2025-11-20,C-0079,W-12,CO01,Attended
A-001201,2025-11-20,C-0083,W-12,CO01,No-show
A-001202,2025-11-20,C-0094,W-06,HV01,Attended
A-001203,2025-11-20,C-0129,W-12,CO02,Attended
A-001204,2025-11-20,C-0131,W-12,CO01,Attended
A-001205,2025-11-20,C-0196,W-01,CH02,Cancelled
A-001206,2025-11-20,C-0200,W-12,CO02,Attended
A-001207,2025-11-20,C-0223,W-04,HV01,Attended
A-001208,2025-11-20,C-0274,W-11,CO01,No-show
A-001209,2025-11-20,C-0290,W-12,CO01,Attended
A-001210,2025-11-21,C-0016,W-04,CH02,Attended
A-001211,2025-11-21,C-0028,W-06,CH02,Cancelled
A-001212,2025-11-21,C-0078,W-11,CO01,Attended
A-001213,2025-11-21,C-0172,W-02,HV01,Attended
A-001214,2025-11-21,C-0186,W-12,CO01,Attended
A-001215,2025-11-21,C-0188,W-05,HV01,Attended
A-001216,2025-11-21,C-0188,W-11,CO01,Attended
A-001217,2025-11-21,C-0191,W-01,CH02,Attended
A-001218,2025-11-21,C-0193,W-11,CO01,Attended
A-001219,2025-11-21,C-0290,W-03,HV01,Attended
A-001220,2025-11-22,C-0027,W-05,HV01,Attended
A-001221,2025-11-22,C-0037,W-02,HV01,Attended
A-001222,2025-11-22,C-0074,W-12,CO01,Attended
A-001223,2025-11-22,C-0083,W-12,CO01,Attended
A-001224,2025-11-22,C-0291,W-12,CO01,Attended
A-001225,2025-11-23,C-0028,W-06,CH02,Attended
A-001226,2025-11-23,C-0037,W-12,CO01,Attended
A-001227,2025-11-23,C-0066,W-02,HV01,Attended
A-001228,2025-11-23,C-0079,W-04,HV01,Attended
A-001229,2025-11-23,C-0083,W-12,CO01,Attended
A-001230,2025-11-23,C-0173,W-06,CH02,Attended
A-001231,2025-11-23,C-0185,W-03,HV01,Attended
A-001232,2025-11-23,C-0186,W-12,CO01,Attended
A-001233,2025-11-23,C-0197,W-01,CH02,Attended
A-001234,2025-11-23,C-0202,W-03,HV01,No-show
A-001235,2025-11-23,C-0212,W-04,HV01,Attended
A-001236,2025-11-23,C-0291,W-11,CO01,Attended
A-001237,2025-11-24,C-0037,W-12,CO02,Attended
A-001238,2025-11-24,C-0061,W-12,CO01,Attended
A-001239,2025-11-24,C-0078,W-12,CO01,Attended
A-001240,2025-11-24,C-0173,W-11,CO01,Attended
A-001241,2025-11-24,C-0178,W-06,HV01,No-show
A-001242,2025-11-24,C-0205,W-12,CO01,Attended
A-001243,2025-11-24,C-0241,W-05,CH02,Attended
A-001244,2025-11-25,C-0036,W-11,CO02,Cancelled
A-001245,2025-11-25,C-0102,W-12,CO01,Attended
A-001246,2025-11-25,C-0196,W-01,CH02,Attended
A-001247,2025-11-25,C-0200,W-12,CO02,Attended
A-001248,2025-11-25,C-0204,W-06,HV01,Attended
A-001249,2025-11-25,C-0205,W-04,HV01,Attended
A-001250,2025-11-25,C-0278,W-04,CH02,Attended
A-001251,2025-11-26,C-0008,W-11,CO02,Attended
A-001252,2025-11-26,C-0079,W-05,HV01,Attended
A-001253,2025-11-26,C-0080,W-02,CH02,Attended
A-001254,2025-11-26,C-0110,W-02,HV01,No-show
A-001255,2025-11-26,C-0125,W-06,HV01,Attended
A-001256,2025-11-26,C-0170,W-11,CO01,Attended
A-001257,2025-11-26,C-0178,W-06,HV01,Attended
A-001258,2025-11-26,C-0186,W-12,CO01,Attended
A-001259,2025-11-26,C-0190,W-04,HV01,Attended
A-001260,2025-11-26,C-0215,W-12,CO01,Attended
A-001261,2025-11-26,C-0246,W-12,CO01,Attended
A-001262,2025-11-26,C-0279,W-04,CH02,No-show
A-001263,2025-11-27,C-0016,W-05,HV01,Attended
A-001264,2025-11-27,C-0030,W-12,CO02,Attended
A-001265,2025-11-27,C-0035,W-12,CO01,Attended
A-001266,2025-11-27,C-0121,W-04,CH02,Attended
A-001267,2025-11-27,C-0133,W-02,HV01,Attended
A-001268,2025-11-27,C-0155,W-02,CH02,Attended
A-001269,2025-11-27,C-0168,W-12,CO01,Attended
A-001270,2025-11-27,C-0173,W-11,CO01,Attended
A-001271,2025-11-27,C-0190,W-02,HV01,Attended
A-001272,2025-11-27,C-0191,W-12,CO01,Attended
A-001273,2025-11-27,C-0207,W-02,HV01,Attended
A-001274,2025-11-27,C-0219,W-01,CH02,Cancelled
A-001275,2025-11-27,C-0290,W-12,CO01,Attended
A-001276,2025-11-27,C-0291,W-12,CO02,Attended
A-001277,2025-11-28,C-0079,W-04,CH02,Attended
A-001278,2025-11-28,C-0101,W-12,CO02,Attended
A-001279,2025-11-28,C-0131,W-06,CH02,Attended
A-001280,2025-11-28,C-0163,W-01,HV01,No-show
A-001281,2025-11-28,C-0187,W-01,CH02,No-show
A-001282,2025-11-28,C-0190,W-01,HV01,Attended
A-001283,2025-11-28,C-0223,W-01,HV01,Attended
A-001284,2025-11-28,C-0241,W-03,HV01,Attended
A-001285,2025-11-28,C-0258,W-02,HV01,Attended
A-001286,2025-11-28,C-0284,W-12,CO01,Attended
A-001287,2025-11-28,C-0300,W-11,CO01,Attended
A-001288,2025-11-28,C-0300,W-05,HV01,Attended
A-001289,2025-11-29,C-0144,W-06,HV01,Attended
A-001290,2025-11-29,C-0246,W-06,HV01,Attended
A-001291,2025-11-30,C-0030,W-11,CO02,Attended
A-001292,2025-11-30,C-0037,W-12,CO01,Attended
A-001293,2025-11-30,C-0083,W-11,CO02,No-show
A-001294,2025-11-30,C-0163,W-01,HV01,Attended
A-001295,2025-11-30,C-0167,W-11,CO01,Attended
A-001296,2025-11-30,C-0187,W-01,CH02,Attended
A-001297,2025-11-30,C-0241,W-03,CH02,Attended
A-001298,2025-11-30,C-0274,W-11,CO01,Attended
A-001299,2025-11-30,C-0287,W-02,HV01,Attended
A-001300,2025-11-30,C-0291,W-05,HV01,Attended
A-001301,2025-11-30,C-0291,W-03,HV01,Attended
A-001302,2025-12-01,C-0035,W-11,CO02,No-show
A-001303,2025-12-01,C-0044,W-11,CO02,Attended
A-001304,2025-12-01,C-0207,W-06,HV01,Attended
A-001305,2025-12-01,C-0219,W-05,CH02,Cancelled
A-001306,2025-12-01,C-0255,W-12,CO02,Attended
A-001307,2025-12-01,C-0290,W-02,CH02,No-show
A-001308,2025-12-02,C-0035,W-01,HV01,Attended
A-001309,2025-12-02,C-0037,W-12,CO02,Attended
A-001310,2025-12-02,C-0046,W-01,HV01,Attended
A-001311,2025-12-02,C-0078,W-02,CH02,Attended
A-001312,2025-12-02,C-0110,W-02,HV01,Attended
A-001313,2025-12-02,C-0129,W-12,CO01,Cancelled
A-001314,2025-12-02,C-0156,W-06,CH02,Attended
A-001315,2025-12-02,C-0168,W-03,HV01,Attended
A-001316,2025-12-02,C-0212,W-12,CO02,Attended
A-001317,2025-12-02,C-0263,W-06,HV01,No-show
A-001318,2025-12-02,C-0265,W-12,CO01,Attended
A-001319,2025-12-02,C-0279,W-04,CH02,Attended
A-001320,2025-12-02,C-0287,W-11,CO01,No-show
A-001321,2025-12-02,C-0291,W-03,HV01,Attended
A-001322,2025-12-03,C-0014,W-11,CO01,Attended
A-001323,2025-12-03,C-0050,W-01,HV01,Attended
A-001324,2025-12-03,C-0074,W-11,CO01,Attended
A-001325,2025-12-03,C-0122,W-11,CO02,Attended
A-001326,2025-12-03,C-0133,W-04,CH02,Attended
A-001327,2025-12-03,C-0160,W-05,CH02,Attended
A-001328,2025-12-03,C-0202,W-03,HV01,Attended
A-001329,2025-12-03,C-0202,W-05,HV01,Attended
A-001330,2025-12-03,C-0208,W-03,CH02,Attended
A-001331,2025-12-03,C-0219,W-04,HV01,Attended
A-001332,2025-12-04,C-0035,W-11,CO02,Attended
A-001333,2025-12-04,C-0077,W-05,CH02,Attended
A-001334,2025-12-04,C-0081,W-11,CO02,Cancelled
A-001335,2025-12-04,C-0114,W-03,HV01,Attended
A-001336,2025-12-04,C-0210,W-06,CH02,Attended
A-001337,2025-12-04,C-0276,W-01,HV01,Attended
A-001338,2025-12-05,C-0036,W-11,CO02,Attended
A-001339,2025-12-05,C-0041,W-03,HV01,Attended
A-001340,2025-12-05,C-0046,W-06,HV01,Cancelled
A-001341,2025-12-05,C-0056,W-01,HV01,Attended
A-001342,2025-12-05,C-0078,W-03,CH02,Attended
A-001343,2025-12-05,C-0089,W-03,HV01,Attended
A-001344,2025-12-05,C-0091,W-04,CH02,Attended
A-001345,2025-12-05,C-0172,W-05,CH02,Attended
A-001346,2025-12-05,C-0205,W-11,CO01,Attended
A-001347,2025-12-05,C-0263,W-06,HV01,Attended
A-001348,2025-12-06,C-0012,W-03,HV01,Attended
A-001349,2025-12-06,C-0027,W-02,HV01,No-show
A-001350,2025-12-06,C-0078,W-01,CH02,Attended
A-001351,2025-12-06,C-0083,W-11,CO02,Attended
A-001352,2025-12-06,C-0131,W-11,CO01,No-show
A-001353,2025-12-06,C-0153,W-05,HV01,Attended
A-001354,2025-12-06,C-0202,W-02,CH02,Attended
A-001355,2025-12-06,C-0208,W-06,HV01,Attended
A-001356,2025-12-06,C-0208,W-01,CH02,No-show
A-001357,2025-12-06,C-0215,W-11,CO02,Attended
A-001358,2025-12-06,C-0217,W-02,CH02,Attended
A-001359,2025-12-06,C-0219,W-01,CH02,Attended
A-001360,2025-12-06,C-0287,W-11,CO01,Attended
A-001361,2025-12-06,C-0290,W-02,CH02,Attended
A-001362,2025-12-07,C-0027,W-04,CH02,Cancelled
A-001363,2025-12-07,C-0063,W-03,HV01,Attended
A-001364,2025-12-07,C-0075,W-11,CO02,Attended
A-001365,2025-12-07,C-0081,W-11,CO02,Attended
A-001366,2025-12-07,C-0083,W-02,CH02,Attended
A-001367,2025-12-07,C-0120,W-03,HV01,Attended
A-001368,2025-12-07,C-0131,W-12,CO01,No-show
A-001369,2025-12-07,C-0167,W-12,CO01,Attended
A-001370,2025-12-07,C-0192,W-06,HV01,Attended
A-001371,2025-12-07,C-0228,W-05,HV01,Attended
A-001372,2025-12-07,C-0263,W-06,CH02,Attended
A-001373,2025-12-07,C-0290,W-12,CO01,Attended
A-001374,2025-12-07,C-0291,W-12,CO01,Attended
A-001375,2025-12-07,C-0300,W-12,CO02,Attended
A-001376,2025-12-08,C-0013,W-01,HV01,Attended
A-001377,2025-12-08,C-0079,W-12,CO01,Attended
A-001378,2025-12-08,C-0133,W-06,CH02,Attended
A-001379,2025-12-08,C-0170,W-12,CO01,No-show
A-001380,2025-12-08,C-0173,W-02,HV01,Attended
A-001381,2025-12-08,C-0177,W-12,CO02,Attended
A-001382,2025-12-08,C-0264,W-11,CO02,Attended
A-001383,2025-12-08,C-0275,W-05,CH02,Attended
A-001384,2025-12-09,C-0012,W-05,CH02,Attended
A-001385,2025-12-09,C-0031,W-04,CH02,Attended
A-001386,2025-12-09,C-0057,W-04,HV01,No-show
A-001387,2025-12-09,C-0061,W-11,CO02,Attended
A-001388,2025-12-09,C-0075,W-06,CH02,Attended
A-001389,2025-12-09,C-0079,W-04,HV01,Attended
A-001390,2025-12-09,C-0129,W-12,CO01,Attended
A-001391,2025-12-09,C-0131,W-12,CO01,Attended
A-001392,2025-12-09,C-0131,W-11,CO01,Attended
A-001393,2025-12-09,C-0151,W-06,HV01,Attended
A-001394,2025-12-09,C-0172,W-04,HV01,Attended
A-001395,2025-12-09,C-0192,W-06,HV01,Cancelled
A-001396,2025-12-09,C-0197,W-11,CO01,Attended
A-001397,2025-12-09,C-0197,W-12,CO02,No-show
A-001398,2025-12-09,C-0207,W-03,HV01,Attended
A-001399,2025-12-09,C-0210,W-06,CH02,Cancelled
A-001400,2025-12-09,C-0241,W-01,CH02,Attended
A-001401,2025-12-09,C-0256,W-11,CO01,Attended
A-001402,2025-12-10,C-0012,W-12,CO01,Attended
A-001403,2025-12-10,C-0013,W-04,HV01,Attended
A-001404,2025-12-10,C-0027,W-04,CH02,Attended
A-001405,2025-12-10,C-0079,W-11,CO02,Cancelled
A-001406,2025-12-10,C-0080,W-12,CO01,Attended
A-001407,2025-12-10,C-0088,W-01,CH02,Attended
A-001408,2025-12-10,C-0110,W-02,CH02,Attended
A-001409,2025-12-10,C-0179,W-06,CH02,Attended
A-001410,2025-12-10,C-0205,W-12,CO01,Attended
A-001411,2025-12-10,C-0223,W-11,CO01,Attended
A-001412,2025-12-10,C-0249,W-05,CH02,Attended
A-001413,2025-12-10,C-0263,W-06,HV01,Attended
A-001414,2025-12-10,C-0264,W-06,HV01,Attended
A-001415,2025-12-11,C-0035,W-12,CO01,Cancelled
A-001416,2025-12-11,C-0095,W-03,HV01,Attended
A-001417,2025-12-11,C-0114,W-11,CO02,Attended
A-001418,2025-12-11,C-0134,W-04,HV01,Attended
A-001419,2025-12-11,C-0151,W-03,CH02,Attended
A-001420,2025-12-11,C-0191,W-05,CH02,Attended
A-001421,2025-12-11,C-0219,W-05,CH02,Attended
A-001422,2025-12-11,C-0265,W-12,CO01,No-show
A-001423,2025-12-12,C-0027,W-02,HV01,Attended
A-001424,2025-12-12,C-0031,W-04,CH02,Attended
A-001425,2025-12-12,C-0102,W-02,HV01,Attended
A-001426,2025-12-12,C-0121,W-11,CO01,Attended
A-001427,2025-12-12,C-0204,W-12,CO01,Attended
A-001428,2025-12-12,C-0208,W-01,CH02,Attended
A-001429,2025-12-12,C-0210,W-06,HV01,Attended
A-001430,2025-12-12,C-0223,W-12,CO02,Attended
A-001431,2025-12-13,C-0008,W-12,CO01,Attended
A-001432,2025-12-13,C-0027,W-06,CH02,Attended
A-001433,2025-12-13,C-0035,W-12,CO01,No-show
A-001434,2025-12-13,C-0037,W-11,CO02,Cancelled
A-001435,2025-12-13,C-0094,W-05,HV01,Attended
A-001436,2025-12-13,C-0147,W-02,HV01,Attended
A-001437,2025-12-13,C-0176,W-02,CH02,Attended
A-001438,2025-12-13,C-0178,W-11,CO02,Attended
A-001439,2025-12-13,C-0192,W-06,HV01,Attended
A-001440,2025-12-13,C-0196,W-11,CO01,Attended
A-001441,2025-12-13,C-0217,W-05,CH02,Attended
A-001442,2025-12-13,C-0246,W-04,CH02,Cancelled
A-001443,2025-12-13,C-0263,W-11,CO01,Attended
A-001444,2025-12-13,C-0279,W-05,CH02,No-show
A-001445,2025-12-13,C-0287,W-12,CO01,Attended
A-001446,2025-12-14,C-0037,W-12,CO01,Attended
A-001447,2025-12-14,C-0079,W-05,CH02,Attended
A-001448,2025-12-14,C-0170,W-12,CO01,Attended
A-001449,2025-12-14,C-0191,W-02,HV01,Attended
A-001450,2025-12-14,C-0191,W-12,CO02,Attended
A-001451,2025-12-14,C-0219,W-04,CH02,Attended
A-001452,2025-12-14,C-0256,W-01,HV01,Attended
A-001453,2025-12-14,C-0283,W-04,HV01,Attended
A-001454,2025-12-14,C-0298,W-04,CH02,Attended
A-001455,2025-12-15,C-0035,W-12,CO01,Attended
A-001456,2025-12-15,C-0037,W-11,CO02,Attended
A-001457,2025-12-15,C-0037,W-05,CH02,No-show
A-001458,2025-12-15,C-0046,W-06,HV01,Attended
A-001459,2025-12-15,C-0057,W-04,HV01,Attended
A-001460,2025-12-15,C-0079,W-11,CO02,Attended
A-001461,2025-12-15,C-0079,W-11,CO01,Attended
A-001462,2025-12-15,C-0083,W-11,CO02,No-show
A-001463,2025-12-15,C-0160,W-11,CO02,Attended
A-001464,2025-12-15,C-0192,W-01,HV01,Attended
A-001465,2025-12-15,C-0193,W-11,CO01,Attended
A-001466,2025-12-15,C-0210,W-03,HV01,Attended
A-001467,2025-12-15,C-0223,W-06,HV01,Attended
A-001468,2025-12-15,C-0227,W-01,HV01,Attended
A-001469,2025-12-15,C-0278,W-04,CH02,Attended
A-001470,2025-12-15,C-0290,W-06,HV01,Cancelled
A-001471,2025-12-16,C-0030,W-04,CH02,Attended
A-001472,2025-12-16,C-0125,W-06,HV01,Cancelled
A-001473,2025-12-16,C-0129,W-01,CH02,Attended
A-001474,2025-12-16,C-0162,W-05,HV01,No-show
A-001475,2025-12-16,C-0229,W-01,CH02,Attended
A-001476,2025-12-16,C-0241,W-03,CH02,Attended
A-001477,2025-12-16,C-0246,W-12,CO01,Attended
A-001478,2025-12-16,C-0256,W-05,HV01,Attended
A-001479,2025-12-16,C-0256,W-12,CO01,Attended
A-001480,2025-12-17,C-0014,W-03,HV01,Attended
A-001481,2025-12-17,C-0035,W-02,HV01,Attended
A-001482,2025-12-17,C-0036,W-05,CH02,Attended
A-001483,2025-12-17,C-0062,W-06,HV01,Attended
A-001484,2025-12-17,C-0065,W-12,CO01,Attended
A-001485,2025-12-17,C-0083,W-01,HV01,Attended
A-001486,2025-12-17,C-0110,W-02,CH02,Attended
A-001487,2025-12-17,C-0125,W-11,CO01,No-show
A-001488,2025-12-17,C-0136,W-01,CH02,Attended
A-001489,2025-12-17,C-0160,W-12,CO01,Attended
A-001490,2025-12-17,C-0287,W-11,CO01,Attended
A-001491,2025-12-17,C-0290,W-06,HV01,Attended
A-001492,2025-12-17,C-0291,W-11,CO01,Attended
A-001493,2025-12-17,C-0292,W-02,CH02,Cancelled
A-001494,2025-12-18,C-0030,W-11,CO01,Attended
A-001495,2025-12-18,C-0047,W-02,HV01,No-show
A-001496,2025-12-18,C-0048,W-11,CO01,No-show
A-001497,2025-12-18,C-0074,W-11,CO01,Attended
A-001498,2025-12-18,C-0114,W-04,CH02,Attended
A-001499,2025-12-18,C-0167,W-02,CH02,Attended
A-001500,2025-12-18,C-0193,W-12,CO02,Cancelled
A-001501,2025-12-18,C-0194,W-02,CH02,Attended
A-001502,2025-12-18,C-0263,W-01,CH02,Cancelled
A-001503,2025-12-18,C-0265,W-12,CO01,Attended
A-001504,2025-12-19,C-0012,W-11,CO02,Cancelled
A-001505,2025-12-19,C-0074,W-12,CO02,Attended
A-001506,2025-12-19,C-0101,W-12,CO01,Attended
A-001507,2025-12-19,C-0102,W-12,CO01,Attended
A-001508,2025-12-19,C-0102,W-11,CO02,Attended
A-001509,2025-12-19,C-0133,W-01,HV01,Attended
A-001510,2025-12-19,C-0156,W-05,CH02,Attended
A-001511,2025-12-19,C-0186,W-12,CO02,Attended
A-001512,2025-12-19,C-0187,W-11,CO02,No-show
A-001513,2025-12-19,C-0190,W-01,CH02,No-show
A-001514,2025-12-19,C-0197,W-11,CO02,Attended
A-001515,2025-12-19,C-0197,W-12,CO02,Attended
A-001516,2025-12-19,C-0210,W-02,CH02,Attended
A-001517,2025-12-19,C-0210,W-06,CH02,Attended
A-001518,2025-12-19,C-0238,W-01,HV01,Attended
A-001519,2025-12-19,C-0246,W-04,CH02,Attended
A-001520,2025-12-19,C-0249,W-02,HV01,Attended
A-001521,2025-12-19,C-0279,W-05,CH02,Attended
A-001522,2025-12-19,C-0292,W-12,CO02,Cancelled
A-001523,2025-12-19,C-0298,W-05,HV01,Attended
A-001524,2025-12-20,C-0027,W-11,CO02,Attended
A-001525,2025-12-20,C-0037,W-12,CO01,Attended
A-001526,2025-12-20,C-0047,W-02,HV01,Attended
A-001527,2025-12-20,C-0167,W-11,CO01,No-show
A-001528,2025-12-20,C-0168,W-11,CO02,No-show
A-001529,2025-12-20,C-0190,W-01,HV01,Attended
A-001530,2025-12-20,C-0291,W-02,HV01,Attended
A-001531,2025-12-21,C-0018,W-11,CO01,Attended
A-001532,2025-12-21,C-0035,W-12,CO01,Attended
A-001533,2025-12-21,C-0044,W-11,CO02,Attended
A-001534,2025-12-21,C-0048,W-02,HV01,Attended
A-001535,2025-12-21,C-0048,W-11,CO01,Attended
A-001536,2025-12-21,C-0083,W-11,CO02,Attended
A-001537,2025-12-21,C-0092,W-11,CO02,No-show
A-001538,2025-12-21,C-0102,W-12,CO01,Attended
A-001539,2025-12-21,C-0160,W-01,HV01,Cancelled
A-001540,2025-12-21,C-0180,W-12,CO01,Attended
A-001541,2025-12-21,C-0187,W-11,CO01,Attended
A-001542,2025-12-21,C-0246,W-03,CH02,Attended
A-001543,2025-12-21,C-0275,W-06,CH02,Attended
A-001544,2025-12-21,C-0290,W-11,CO02,Attended
A-001545,2025-12-21,C-0300,W-06,CH02,Attended
A-001546,2025-12-22,C-0091,W-01,HV01,Attended
A-001547,2025-12-22,C-0092,W-05,HV01,No-show
A-001548,2025-12-22,C-0094,W-06,CH02,Attended
A-001549,2025-12-22,C-0131,W-11,CO01,Attended
A-001550,2025-12-22,C-0179,W-05,HV01,Attended
A-001551,2025-12-22,C-0187,W-11,CO02,Attended
A-001552,2025-12-22,C-0197,W-11,CO01,Attended
A-001553,2025-12-22,C-0263,W-11,CO01,Attended
A-001554,2025-12-23,C-0031,W-01,CH02,Attended
A-001555,2025-12-23,C-0034,W-02,HV01,Cancelled
A-001556,2025-12-23,C-0037,W-05,CH02,Attended
A-001557,2025-12-23,C-0046,W-05,CH02,No-show
A-001558,2025-12-23,C-0091,W-03,HV01,Attended
A-001559,2025-12-23,C-0102,W-12,CO01,Attended
A-001560,2025-12-23,C-0215,W-12,CO02,Attended
A-001561,2025-12-23,C-0229,W-03,HV01,Attended
A-001562,2025-12-23,C-0265,W-11,CO02,Attended
A-001563,2025-12-23,C-0278,W-04,HV01,Attended
A-001564,2025-12-24,C-0028,W-01,CH02,No-show
A-001565,2025-12-24,C-0075,W-12,CO01,Attended
A-001566,2025-12-24,C-0091,W-04,CH02,Attended
A-001567,2025-12-24,C-0180,W-12,CO02,Attended
A-001568,2025-12-24,C-0252,W-04,CH02,Attended
A-001569,2025-12-25,C-0012,W-04,HV01,Attended
A-001570,2025-12-25,C-0074,W-12,CO02,Attended
A-001571,2025-12-25,C-0110,W-06,CH02,Attended
A-001572,2025-12-25,C-0121,W-03,HV01,No-show
A-001573,2025-12-25,C-0125,W-06,HV01,Attended
A-001574,2025-12-25,C-0162,W-05,HV01,Attended
A-001575,2025-12-25,C-0167,W-11,CO01,Attended
A-001576,2025-12-25,C-0179,W-01,CH02,Attended
A-001577,2025-12-25,C-0190,W-01,CH02,Attended
A-001578,2025-12-25,C-0193,W-12,CO02,Attended
A-001579,2025-12-25,C-0214,W-01,CH02,Attended
A-001580,2025-12-25,C-0217,W-06,HV01,Cancelled
A-001581,2025-12-25,C-0228,W-05,HV01,Attended
A-001582,2025-12-25,C-0229,W-12,CO02,Attended
A-001583,2025-12-25,C-0238,W-12,CO02,Attended
A-001584,2025-12-25,C-0292,W-02,CH02,Attended
A-001585,2025-12-26,C-0065,W-01,HV01,No-show
A-001586,2025-12-26,C-0088,W-06,HV01,Attended
A-001587,2025-12-26,C-0092,W-11,CO02,Attended
A-001588,2025-12-26,C-0125,W-11,CO01,Attended
A-001589,2025-12-26,C-0164,W-11,CO01,Attended
A-001590,2025-12-26,C-0178,W-04,HV01,Attended
A-001591,2025-12-26,C-0191,W-06,HV01,Attended
A-001592,2025-12-26,C-0241,W-12,CO02,No-show
A-001593,2025-12-26,C-0256,W-11,CO02,Attended
A-001594,2025-12-26,C-0263,W-01,HV01,Attended
A-001595,2025-12-26,C-0276,W-02,HV01,Attended
A-001596,2025-12-27,C-0028,W-01,CH02,Attended
A-001597,2025-12-27,C-0074,W-11,CO01,Attended
A-001598,2025-12-27,C-0212,W-02,HV01,Attended
A-001599,2025-12-27,C-0263,W-01,CH02,Attended
A-001600,2025-12-28,C-0012,W-11,CO02,Attended
A-001601,2025-12-28,C-0030,W-06,HV01,Attended
A-001602,2025-12-28,C-0065,W-01,HV01,Attended
A-001603,2025-12-28,C-0065,W-01,HV01,Attended
A-001604,2025-12-28,C-0246,W-01,HV01,Attended
A-001605,2025-12-29,C-0026,W-12,CO01,No-show
A-001606,2025-12-29,C-0074,W-11,CO01,Attended
A-001607,2025-12-29,C-0088,W-05,CH02,Attended
A-001608,2025-12-29,C-0095,W-04,CH02,No-show
A-001609,2025-12-29,C-0164,W-02,HV01,Attended
A-001610,2025-12-29,C-0212,W-06,HV01,No-show
A-001611,2025-12-29,C-0217,W-06,HV01,Attended
A-001612,2025-12-29,C-0284,W-04,CH02,Attended
A-001613,2025-12-29,C-0292,W-12,CO02,Attended
A-001614,2025-12-29,C-0299,W-01,HV01,Attended
A-001615,2025-12-30,C-0062,W-02,CH02,Attended
A-001616,2025-12-30,C-0092,W-05,HV01,Attended
A-001617,2025-12-30,C-0102,W-12,CO02,Attended
A-001618,2025-12-30,C-0121,W-03,HV01,Attended
A-001619,2025-12-30,C-0133,W-06,HV01,Cancelled
A-001620,2025-12-30,C-0160,W-01,HV01,Attended
A-001621,2025-12-30,C-0168,W-11,CO02,Attended
A-001622,2025-12-30,C-0210,W-01,HV01,Attended
A-001623,2025-12-31,C-0018,W-06,CH02,No-show
A-001624,2025-12-31,C-0030,W-11,CO01,Attended
A-001625,2025-12-31,C-0031,W-02,CH02,Attended
A-001626,2025-12-31,C-0044,W-06,HV01,Attended
A-001627,2025-12-31,C-0050,W-06,CH02,No-show
A-001628,2025-12-31,C-0056,W-12,CO02,Attended
A-001629,2025-12-31,C-0070,W-02,CH02,Attended
A-001630,2025-12-31,C-0070,W-12,CO01,Attended
A-001631,2025-12-31,C-0088,W-02,HV01,Attended
A-001632,2025-12-31,C-0092,W-12,CO01,Attended
A-001633,2025-12-31,C-0102,W-12,CO01,Attended
A-001634,2025-12-31,C-0131,W-12,CO02,Attended
A-001635,2025-12-31,C-0156,W-06,HV01,Attended
A-001636,2025-12-31,C-0167,W-03,HV01,Attended
A-001637,2025-12-31,C-0196,W-04,HV01,Attended
A-001638,2025-12-31,C-0197,W-06,CH02,No-show
A-001639,2025-12-31,C-0229,W-12,CO02,Attended
A-001640,2025-12-31,C-0229,W-12,CO02,Attended
A-001641,2025-12-31,C-0245,W-02,HV01,Attended
A-001642,2025-12-31,C-0290,W-02,HV01,Attended
A-001643,2025-12-31,C-0300,W-04,HV01,Attended
A-001644,2025-12-31,C-0300,W-12,CO02,Attended
A-001645,2026-01-01,C-0018,W-11,CO02,No-show
A-001646,2026-01-01,C-0026,W-12,CO01,Attended
A-001647,2026-01-01,C-0046,W-05,CH02,Attended
A-001648,2026-01-01,C-0074,W-06,HV01,Attended
A-001649,2026-01-01,C-0079,W-12,CO02,No-show
A-001650,2026-01-01,C-0126,W-05,HV01,Attended
A-001651,2026-01-01,C-0133,W-02,HV01,Attended
A-001652,2026-01-01,C-0133,W-11,CO01,Attended
A-001653,2026-01-01,C-0138,W-03,CH02,Cancelled
A-001654,2026-01-01,C-0179,W-05,HV01,Attended
A-001655,2026-01-01,C-0229,W-11,CO01,Attended
A-001656,2026-01-01,C-0294,W-04,HV01,Attended
A-001657,2026-01-02,C-0014,W-03,HV01,Attended
A-001658,2026-01-02,C-0034,W-02,HV01,Attended
A-001659,2026-01-02,C-0044,W-11,CO01,Attended
A-001660,2026-01-02,C-0068,W-12,CO01,Attended
A-001661,2026-01-02,C-0102,W-12,CO01,Attended
A-001662,2026-01-02,C-0162,W-03,HV01,Attended
A-001663,2026-01-02,C-0197,W-02,CH02,Attended
A-001664,2026-01-02,C-0241,W-12,CO02,Attended
A-001665,2026-01-02,C-0256,W-12,CO01,Cancelled
A-001666,2026-01-02,C-0265,W-11,CO01,Attended
A-001667,2026-01-02,C-0294,W-12,CO02,Attended
A-001668,2026-01-03,C-0012,W-11,CO01,Attended
A-001669,2026-01-03,C-0012,W-01,CH02,Attended
A-001670,2026-01-03,C-0017,W-12,CO01,Attended
A-001671,2026-01-03,C-0030,W-03,HV01,Attended
A-001672,2026-01-03,C-0057,W-04,HV01,Cancelled
A-001673,2026-01-03,C-0063,W-05,HV01,Attended
A-001674,2026-01-03,C-0074,W-12,CO02,Attended
A-001675,2026-01-03,C-0092,W-01,HV01,Attended
A-001676,2026-01-03,C-0093,W-11,CO01,Attended
A-001677,2026-01-03,C-0133,W-06,HV01,Attended
A-001678,2026-01-03,C-0144,W-04,CH02,Attended
A-001679,2026-01-03,C-0197,W-12,CO01,Attended
A-001680,2026-01-03,C-0238,W-03,HV01,Attended
A-001681,2026-01-03,C-0287,W-05,HV01,Attended
A-001682,2026-01-03,C-0300,W-11,CO01,Attended
A-001683,2026-01-04,C-0034,W-03,HV01,Attended
A-001684,2026-01-04,C-0046,W-03,CH02,Attended
A-001685,2026-01-04,C-0057,W-03,HV01,Attended
A-001686,2026-01-04,C-0065,W-04,HV01,Attended
A-001687,2026-01-04,C-0129,W-06,HV01,Attended
A-001688,2026-01-04,C-0197,W-06,CH02,Attended
A-001689,2026-01-04,C-0210,W-02,CH02,Attended
A-001690,2026-01-04,C-0219,W-04,CH02,Attended
A-001691,2026-01-04,C-0228,W-11,CO01,Cancelled
A-001692,2026-01-04,C-0243,W-06,HV01,No-show
A-001693,2026-01-04,C-0265,W-11,CO02,Attended
A-001694,2026-01-04,C-0290,W-11,CO01,No-show
A-001695,2026-01-05,C-0014,W-01,CH02,No-show
A-001696,2026-01-05,C-0065,W-06,HV01,Cancelled
A-001697,2026-01-05,C-0114,W-11,CO02,Attended
A-001698,2026-01-05,C-0125,W-05,HV01,Attended
A-001699,2026-01-05,C-0161,W-12,CO02,Attended
A-001700,2026-01-05,C-0168,W-04,CH02,No-show
A-001701,2026-01-05,C-0173,W-12,CO02,Attended
A-001702,2026-01-05,C-0190,W-12,CO01,Attended
A-001703,2026-01-05,C-0196,W-11,CO01,Attended
A-001704,2026-01-05,C-0256,W-11,CO01,Attended
A-001705,2026-01-05,C-0263,W-01,CH02,Attended
A-001706,2026-01-05,C-0263,W-11,CO01,Attended
A-001707,2026-01-05,C-0276,W-04,HV01,Attended
A-001708,2026-01-05,C-0290,W-11,CO01,Attended
A-001709,2026-01-06,C-0018,W-11,CO01,Attended
A-001710,2026-01-06,C-0050,W-06,CH02,Attended
A-001711,2026-01-06,C-0095,W-04,CH02,Attended
A-001712,2026-01-06,C-0110,W-04,HV01,Attended
A-001713,2026-01-06,C-0161,W-11,CO02,Attended
A-001714,2026-01-06,C-0177,W-11,CO02,Attended
A-001715,2026-01-06,C-0212,W-06,HV01,Attended
A-001716,2026-01-06,C-0219,W-06,CH02,Attended
A-001717,2026-01-06,C-0228,W-03,CH02,Attended
A-001718,2026-01-06,C-0228,W-11,CO01,Attended
A-001719,2026-01-06,C-0241,W-06,HV01,Attended
A-001720,2026-01-06,C-0291,W-12,CO01,Attended
A-001721,2026-01-07,C-0017,W-05,HV01,Attended
A-001722,2026-01-07,C-0018,W-06,CH02,Attended
A-001723,2026-01-07,C-0035,W-03,HV01,Attended
A-001724,2026-01-07,C-0063,W-04,CH02,Attended
A-001725,2026-01-07,C-0079,W-12,CO02,Attended
A-001726,2026-01-07,C-0092,W-11,CO01,Attended
A-001727,2026-01-07,C-0188,W-03,CH02,Attended
A-001728,2026-01-07,C-0208,W-06,HV01,No-show
A-001729,2026-01-07,C-0263,W-03,CH02,Attended
A-001730,2026-01-07,C-0279,W-04,CH02,Cancelled
A-001731,2026-01-07,C-0290,W-11,CO01,Attended
A-001732,2026-01-07,C-0294,W-05,CH02,Attended
A-001733,2026-01-07,C-0299,W-05,CH02,No-show
A-001734,2026-01-08,C-0026,W-06,CH02,Attended
A-001735,2026-01-08,C-0048,W-12,CO01,Attended
A-001736,2026-01-08,C-0061,W-12,CO02,Attended
A-001737,2026-01-08,C-0065,W-06,HV01,Attended
A-001738,2026-01-08,C-0083,W-06,CH02,Attended
A-001739,2026-01-08,C-0160,W-04,HV01,Attended
A-001740,2026-01-08,C-0177,W-12,CO01,Attended
A-001741,2026-01-08,C-0197,W-11,CO01,Attended
A-001742,2026-01-08,C-0204,W-12,CO01,Cancelled
A-001743,2026-01-08,C-0246,W-11,CO01,Attended
A-001744,2026-01-09,C-0012,W-04,HV01,No-show
A-001745,2026-01-09,C-0018,W-11,CO02,Attended
A-001746,2026-01-09,C-0057,W-04,HV01,Attended
A-001747,2026-01-09,C-0134,W-03,HV01,Attended
A-001748,2026-01-09,C-0177,W-11,CO01,Attended
A-001749,2026-01-09,C-0214,W-06,HV01,Attended
A-001750,2026-01-09,C-0219,W-12,CO01,Attended
A-001751,2026-01-09,C-0223,W-11,CO01,Attended
A-001752,2026-01-09,C-0249,W-11,CO01,Attended
A-001753,2026-01-09,C-0265,W-06,HV01,Attended
A-001754,2026-01-10,C-0014,W-01,CH02,Attended
A-001755,2026-01-10,C-0160,W-04,HV01,Attended
A-001756,2026-01-10,C-0161,W-05,HV01,Attended
A-001757,2026-01-10,C-0187,W-12,CO01,Attended
A-001758,2026-01-10,C-0188,W-11,CO02,Attended
A-001759,2026-01-10,C-0241,W-02,CH02,Attended
A-001760,2026-01-10,C-0245,W-04,CH02,Attended
A-001761,2026-01-10,C-0256,W-12,CO01,Attended
A-001762,2026-01-10,C-0263,W-02,HV01,Attended
A-001763,2026-01-10,C-0265,W-12,CO01,Attended
A-001764,2026-01-10,C-0273,W-02,HV01,Attended
A-001765,2026-01-10,C-0279,W-04,CH02,Attended
A-001766,2026-01-10,C-0292,W-01,HV01,No-show
A-001767,2026-01-11,C-0026,W-01,HV01,Attended
A-001768,2026-01-11,C-0035,W-06,HV01,Attended
A-001769,2026-01-11,C-0131,W-05,HV01,Attended
A-001770,2026-01-11,C-0138,W-03,CH02,Attended
A-001771,2026-01-11,C-0177,W-12,CO01,Attended
A-001772,2026-01-11,C-0196,W-02,CH02,Attended
A-001773,2026-01-11,C-0223,W-12,CO01,Attended
A-001774,2026-01-11,C-0278,W-03,CH02,Attended
A-001775,2026-01-11,C-0291,W-11,CO01,Attended
A-001776,2026-01-11,C-0299,W-05,CH02,Attended
A-001777,2026-01-12,C-0030,W-12,CO02,Attended
A-001778,2026-01-12,C-0063,W-05,CH02,Cancelled
A-001779,2026-01-12,C-0094,W-02,CH02,Attended
A-001780,2026-01-12,C-0119,W-12,CO02,Attended
A-001781,2026-01-12,C-0121,W-12,CO01,Attended
A-001782,2026-01-12,C-0168,W-04,CH02,Attended
A-001783,2026-01-12,C-0188,W-04,HV01,Attended
A-001784,2026-01-12,C-0188,W-01,CH02,Attended
A-001785,2026-01-12,C-0207,W-11,CO01,No-show
A-001786,2026-01-12,C-0246,W-12,CO01,Attended
A-001787,2026-01-13,C-0036,W-02,HV01,Attended
A-001788,2026-01-13,C-0119,W-02,CH02,No-show
A-001789,2026-01-13,C-0126,W-05,HV01,No-show
A-001790,2026-01-13,C-0243,W-06,HV01,Attended
A-001791,2026-01-13,C-0289,W-05,CH02,Attended
A-001792,2026-01-13,C-0290,W-11,CO01,Attended
A-001793,2026-01-14,C-0012,W-04,HV01,Attended
A-001794,2026-01-14,C-0065,W-03,HV01,Attended
A-001795,2026-01-14,C-0102,W-12,CO01,Attended
A-001796,2026-01-14,C-0104,W-04,HV01,Attended
A-001797,2026-01-14,C-0115,W-01,CH02,No-show
A-001798,2026-01-14,C-0177,W-11,CO01,Attended
A-001799,2026-01-14,C-0178,W-06,CH02,Attended
A-001800,2026-01-14,C-0186,W-12,CO01,No-show
A-001801,2026-01-14,C-0208,W-06,HV01,Attended
A-001802,2026-01-14,C-0219,W-05,CH02,No-show
A-001803,2026-01-15,C-0016,W-01,CH02,Attended
A-001804,2026-01-15,C-0062,W-12,CO02,Attended
A-001805,2026-01-15,C-0063,W-05,CH02,Attended
A-001806,2026-01-15,C-0072,W-02,HV01,Attended
A-001807,2026-01-15,C-0075,W-04,HV01,Attended
A-001808,2026-01-15,C-0119,W-01,HV01,No-show
A-001809,2026-01-15,C-0120,W-04,HV01,Attended
A-001810,2026-01-15,C-0126,W-12,CO02,Attended
A-001811,2026-01-15,C-0126,W-05,HV01,Attended
A-001812,2026-01-15,C-0197,W-11,CO01,Attended
A-001813,2026-01-15,C-0204,W-12,CO01,Attended
A-001814,2026-01-15,C-0235,W-02,HV01,No-show
A-001815,2026-01-16,C-0027,W-12,CO02,Attended
A-001816,2026-01-16,C-0044,W-06,HV01,Cancelled
A-001817,2026-01-16,C-0048,W-11,CO01,Attended
A-001818,2026-01-16,C-0104,W-02,CH02,Attended
A-001819,2026-01-16,C-0129,W-01,CH02,Attended
A-001820,2026-01-16,C-0167,W-11,CO02,Attended
A-001821,2026-01-16,C-0187,W-12,CO01,Attended
A-001822,2026-01-16,C-0207,W-12,CO01,Attended
A-001823,2026-01-16,C-0235,W-11,CO02,No-show
A-001824,2026-01-17,C-0044,W-02,HV01,Attended
A-001825,2026-01-17,C-0095,W-03,HV01,Attended
A-001826,2026-01-17,C-0133,W-11,CO02,Attended
A-001827,2026-01-17,C-0172,W-05,HV01,Attended
A-001828,2026-01-17,C-0278,W-05,CH02,Attended
A-001829,2026-01-17,C-0291,W-06,CH02,Attended
A-001830,2026-01-18,C-0013,W-05,CH02,Attended
A-001831,2026-01-18,C-0074,W-12,CO01,Attended
A-001832,2026-01-18,C-0177,W-03,HV01,Attended
A-001833,2026-01-18,C-0207,W-11,CO01,Attended
A-001834,2026-01-18,C-0219,W-05,CH02,Attended
A-001835,2026-01-18,C-0223,W-11,CO01,Attended
A-001836,2026-01-18,C-0227,W-11,CO02,Attended
A-001837,2026-01-19,C-0010,W-06,HV01,Attended
A-001838,2026-01-19,C-0036,W-11,CO01,Attended
A-001839,2026-01-19,C-0037,W-11,CO01,Attended
A-001840,2026-01-19,C-0083,W-12,CO02,Attended
A-001841,2026-01-19,C-0104,W-06,CH02,Attended
A-001842,2026-01-19,C-0119,W-06,HV01,Attended
A-001843,2026-01-19,C-0136,W-06,HV01,No-show
A-001844,2026-01-19,C-0153,W-02,HV01,Attended
A-001845,2026-01-19,C-0168,W-03,CH02,Attended
A-001846,2026-01-19,C-0187,W-11,CO01,Attended
A-001847,2026-01-19,C-0197,W-12,CO01,Attended
A-001848,2026-01-19,C-0200,W-01,CH02,Attended
A-001849,2026-01-19,C-0235,W-11,CO02,Attended
A-001850,2026-01-19,C-0292,W-01,HV01,Attended
A-001851,2026-01-19,C-0300,W-12,CO02,Attended
A-001852,2026-01-20,C-0031,W-01,CH02,Attended
A-001853,2026-01-20,C-0034,W-04,CH02,No-show
A-001854,2026-01-20,C-0062,W-12,CO01,Attended
A-001855,2026-01-20,C-0119,W-02,CH02,Attended
A-001856,2026-01-20,C-0208,W-01,HV01,Attended
A-001857,2026-01-20,C-0291,W-12,CO01,Attended
A-001858,2026-01-21,C-0044,W-06,HV01,Attended
A-001859,2026-01-21,C-0138,W-01,CH02,Attended
A-001860,2026-01-21,C-0151,W-03,CH02,Attended
A-001861,2026-01-21,C-0246,W-04,CH02,Attended
A-001862,2026-01-21,C-0263,W-12,CO01,No-show
A-001863,2026-01-21,C-0292,W-04,CH02,Attended
A-001864,2026-01-21,C-0300,W-02,HV01,No-show
A-001865,2026-01-22,C-0008,W-02,HV01,Attended
A-001866,2026-01-22,C-0012,W-03,CH02,Attended
A-001867,2026-01-22,C-0074,W-03,CH02,Attended
A-001868,2026-01-22,C-0078,W-11,CO01,Attended
A-001869,2026-01-22,C-0079,W-12,CO01,Attended
A-001870,2026-01-22,C-0115,W-01,CH02,Attended
A-001871,2026-01-22,C-0146,W-12,CO02,Attended
A-001872,2026-01-22,C-0186,W-12,CO01,Attended
A-001873,2026-01-22,C-0188,W-11,CO02,Attended
A-001874,2026-01-22,C-0204,W-06,HV01,Attended
A-001875,2026-01-22,C-0246,W-12,CO02,Attended
A-001876,2026-01-23,C-0026,W-06,HV01,Attended
A-001877,2026-01-23,C-0057,W-04,HV01,Attended
A-001878,2026-01-23,C-0074,W-12,CO01,No-show
A-001879,2026-01-23,C-0093,W-01,CH02,Attended
A-001880,2026-01-23,C-0130,W-04,CH02,No-show
A-001881,2026-01-23,C-0131,W-06,HV01,No-show
A-001882,2026-01-23,C-0136,W-06,HV01,Attended
A-001883,2026-01-23,C-0161,W-04,HV01,Attended
A-001884,2026-01-23,C-0164,W-06,CH02,Attended
A-001885,2026-01-23,C-0179,W-11,CO02,Attended
A-001886,2026-01-23,C-0210,W-01,HV01,Attended
A-001887,2026-01-23,C-0235,W-02,HV01,Attended
A-001888,2026-01-23,C-0273,W-12,CO02,Attended
A-001889,2026-01-24,C-0012,W-06,HV01,Attended
A-001890,2026-01-24,C-0030,W-12,CO01,Attended
A-001891,2026-01-24,C-0047,W-03,HV01,Attended
A-001892,2026-01-24,C-0119,W-01,HV01,Attended
A-001893,2026-01-24,C-0133,W-01,HV01,Attended
A-001894,2026-01-24,C-0138,W-05,HV01,Attended
A-001895,2026-01-24,C-0146,W-04,HV01,Attended
A-001896,2026-01-24,C-0156,W-04,CH02,Attended
A-001897,2026-01-24,C-0156,W-11,CO01,No-show
A-001898,2026-01-24,C-0197,W-12,CO01,Attended
A-001899,2026-01-24,C-0283,W-06,HV01,Attended
A-001900,2026-01-25,C-0035,W-12,CO02,Attended
A-001901,2026-01-25,C-0079,W-03,CH02,No-show
A-001902,2026-01-25,C-0205,W-11,CO01,Attended
A-001903,2026-01-25,C-0208,W-02,HV01,Attended
A-001904,2026-01-25,C-0229,W-12,CO02,Attended
A-001905,2026-01-25,C-0256,W-02,HV01,Attended
A-001906,2026-01-25,C-0261,W-05,HV01,No-show
A-001907,2026-01-25,C-0287,W-11,CO01,Attended
A-001908,2026-01-25,C-0299,W-12,CO01,No-show
A-001909,2026-01-26,C-0008,W-11,CO01,Attended
A-001910,2026-01-26,C-0057,W-03,CH02,Attended
A-001911,2026-01-26,C-0074,W-04,CH02,Attended
A-001912,2026-01-26,C-0074,W-12,CO01,Attended
A-001913,2026-01-26,C-0074,W-02,HV01,Cancelled
A-001914,2026-01-26,C-0110,W-06,HV01,Attended
A-001915,2026-01-26,C-0124,W-02,HV01,Attended
A-001916,2026-01-26,C-0126,W-05,HV01,Attended
A-001917,2026-01-26,C-0133,W-06,CH02,No-show
A-001918,2026-01-26,C-0138,W-11,CO01,Attended
A-001919,2026-01-26,C-0151,W-01,CH02,Attended
A-001920,2026-01-26,C-0174,W-06,CH02,Attended
A-001921,2026-01-26,C-0208,W-05,CH02,No-show
A-001922,2026-01-26,C-0210,W-05,HV01,Attended
A-001923,2026-01-26,C-0215,W-05,HV01,Attended
A-001924,2026-01-26,C-0256,W-05,HV01,Attended
A-001925,2026-01-27,C-0074,W-05,CH02,Attended
A-001926,2026-01-27,C-0094,W-02,CH02,Attended
A-001927,2026-01-27,C-0130,W-01,CH02,Attended
A-001928,2026-01-27,C-0131,W-06,HV01,Attended
A-001929,2026-01-27,C-0136,W-06,CH02,Attended
A-001930,2026-01-27,C-0143,W-06,HV01,Attended
A-001931,2026-01-27,C-0167,W-11,CO01,Attended
A-001932,2026-01-27,C-0245,W-05,CH02,Attended
A-001933,2026-01-27,C-0246,W-12,CO02,Attended
A-001934,2026-01-27,C-0256,W-12,CO01,Attended
A-001935,2026-01-28,C-0057,W-04,CH02,Attended
A-001936,2026-01-28,C-0065,W-03,CH02,Attended
A-001937,2026-01-28,C-0065,W-11,CO02,Attended
A-001938,2026-01-28,C-0074,W-12,CO01,Attended
A-001939,2026-01-28,C-0086,W-03,HV01,Cancelled
A-001940,2026-01-28,C-0197,W-11,CO02,Attended
A-001941,2026-01-28,C-0261,W-05,HV01,Attended
A-001942,2026-01-28,C-0263,W-12,CO01,Attended
A-001943,2026-01-28,C-0290,W-06,HV01,Attended
A-001944,2026-01-28,C-0300,W-12,CO02,Attended
A-001945,2026-01-28,C-0300,W-02,HV01,Attended
A-001946,2026-01-29,C-0079,W-12,CO02,Attended
A-001947,2026-01-29,C-0114,W-12,CO02,Attended
A-001948,2026-01-29,C-0124,W-12,CO02,Attended
A-001949,2026-01-29,C-0246,W-11,CO01,Attended
A-001950,2026-01-29,C-0261,W-05,CH02,Attended
A-001951,2026-01-29,C-0261,W-01,HV01,Attended
A-001952,2026-01-29,C-0292,W-04,CH02,Attended
A-001953,2026-01-30,C-0028,W-05,CH02,Attended
A-001954,2026-01-30,C-0034,W-04,CH02,Attended
A-001955,2026-01-30,C-0092,W-11,CO02,Attended
A-001956,2026-01-30,C-0115,W-05,CH02,Attended
A-001957,2026-01-30,C-0130,W-06,CH02,Attended
A-001958,2026-01-30,C-0130,W-04,CH02,Attended
A-001959,2026-01-30,C-0247,W-01,CH02,Attended
A-001960,2026-01-30,C-0299,W-05,CH02,Attended
A-001961,2026-01-31,C-0094,W-12,CO01,No-show
A-001962,2026-01-31,C-0197,W-02,HV01,Attended
A-001963,2026-01-31,C-0208,W-05,CH02,Attended
A-001964,2026-01-31,C-0264,W-11,CO01,Attended
A-001965,2026-01-31,C-0290,W-12,CO01,Attended
A-001966,2026-01-31,C-0291,W-02,CH02,Attended
A-001967,2026-01-31,C-0299,W-12,CO01,Attended
A-001968,2026-02-01,C-0001,W-04,HV01,Attended
A-001969,2026-02-01,C-0010,W-05,HV01,Attended
A-001970,2026-02-01,C-0048,W-06,HV01,Attended
A-001971,2026-02-01,C-0061,W-04,CH02,Attended
A-001972,2026-02-01,C-0072,W-04,HV01,Attended
A-001973,2026-02-01,C-0086,W-03,HV01,Attended
A-001974,2026-02-01,C-0151,W-06,HV01,No-show
A-001975,2026-02-01,C-0174,W-05,HV01,Attended
A-001976,2026-02-01,C-0188,W-05,CH02,Attended
A-001977,2026-02-01,C-0200,W-04,CH02,Attended
A-001978,2026-02-01,C-0210,W-01,HV01,Attended
A-001979,2026-02-01,C-0246,W-12,CO01,No-show
A-001980,2026-02-02,C-0065,W-01,CH02,Attended
A-001981,2026-02-02,C-0074,W-02,HV01,Attended
A-001982,2026-02-02,C-0079,W-05,HV01,Attended
A-001983,2026-02-02,C-0080,W-06,HV01,Attended
A-001984,2026-02-02,C-0088,W-01,HV01,Attended
A-001985,2026-02-02,C-0093,W-04,CH02,Attended
A-001986,2026-02-02,C-0099,W-05,CH02,Attended
A-001987,2026-02-02,C-0124,W-02,HV01,Attended
A-001988,2026-02-02,C-0138,W-01,HV01,Attended
A-001989,2026-02-02,C-0156,W-11,CO01,Attended
A-001990,2026-02-02,C-0204,W-05,HV01,Attended
A-001991,2026-02-02,C-0284,W-11,CO02,Attended
A-001992,2026-02-03,C-0070,W-05,HV01,Attended
A-001993,2026-02-03,C-0082,W-04,CH02,Attended
A-001994,2026-02-03,C-0086,W-03,HV01,Attended
A-001995,2026-02-03,C-0091,W-04,CH02,No-show
A-001996,2026-02-03,C-0104,W-01,HV01,Attended
A-001997,2026-02-03,C-0114,W-06,HV01,Attended
A-001998,2026-02-03,C-0120,W-12,CO01,Attended
A-001999,2026-02-03,C-0124,W-02,HV01,Cancelled
A-002000,2026-02-03,C-0133,W-06,CH02,Attended
A-002001,2026-02-03,C-0151,W-06,HV01,Attended
A-002002,2026-02-03,C-0168,W-12,CO02,Attended
A-002003,2026-02-03,C-0173,W-11,CO02,Attended
A-002004,2026-02-03,C-0186,W-12,CO01,Attended
A-002005,2026-02-03,C-0207,W-04,HV01,Attended
A-002006,2026-02-03,C-0246,W-01,HV01,Attended
A-002007,2026-02-03,C-0264,W-04,CH02,Attended
A-002008,2026-02-03,C-0289,W-04,CH02,Attended
A-002009,2026-02-04,C-0012,W-01,CH02,Cancelled
A-002010,2026-02-04,C-0048,W-02,HV01,Attended
A-002011,2026-02-04,C-0079,W-03,CH02,Attended
A-002012,2026-02-04,C-0097,W-05,CH02,Attended
A-002013,2026-02-04,C-0119,W-04,HV01,Attended
A-002014,2026-02-04,C-0241,W-05,HV01,Attended
A-002015,2026-02-04,C-0246,W-12,CO01,Attended
A-002016,2026-02-04,C-0291,W-11,CO01,Attended
A-002017,2026-02-05,C-0017,W-04,CH02,Attended
A-002018,2026-02-05,C-0018,W-11,CO01,Attended
A-002019,2026-02-05,C-0091,W-04,CH02,Attended
A-002020,2026-02-05,C-0109,W-06,HV01,Attended
A-002021,2026-02-05,C-0120,W-06,CH02,Attended
A-002022,2026-02-05,C-0130,W-06,CH02,Attended
A-002023,2026-02-05,C-0147,W-06,HV01,Attended
A-002024,2026-02-05,C-0187,W-04,HV01,Attended
A-002025,2026-02-05,C-0197,W-03,HV01,Attended
A-002026,2026-02-05,C-0278,W-04,HV01,Attended
A-002027,2026-02-05,C-0286,W-12,CO01,No-show
A-002028,2026-02-05,C-0291,W-01,HV01,Attended
A-002029,2026-02-06,C-0094,W-12,CO01,Attended
A-002030,2026-02-06,C-0124,W-02,HV01,Attended
A-002031,2026-02-06,C-0133,W-12,CO02,Attended
A-002032,2026-02-06,C-0138,W-05,HV01,Attended
A-002033,2026-02-06,C-0161,W-12,CO02,Attended
A-002034,2026-02-06,C-0161,W-06,CH02,No-show
A-002035,2026-02-06,C-0164,W-12,CO02,Attended
A-002036,2026-02-06,C-0167,W-04,HV01,Attended
A-002037,2026-02-06,C-0180,W-11,CO02,Attended
A-002038,2026-02-06,C-0200,W-12,CO02,Attended
A-002039,2026-02-06,C-0217,W-06,CH02,Attended
A-002040,2026-02-06,C-0228,W-05,HV01,Attended
A-002041,2026-02-06,C-0246,W-01,CH02,Attended
A-002042,2026-02-06,C-0300,W-11,CO01,Attended
A-002043,2026-02-07,C-0040,W-01,CH02,Attended
A-002044,2026-02-07,C-0047,W-03,CH02,Cancelled
A-002045,2026-02-07,C-0050,W-06,CH02,No-show
A-002046,2026-02-07,C-0083,W-11,CO02,Attended
A-002047,2026-02-07,C-0083,W-05,CH02,Cancelled
A-002048,2026-02-07,C-0115,W-01,HV01,Attended
A-002049,2026-02-07,C-0161,W-03,HV01,Attended
A-002050,2026-02-07,C-0176,W-11,CO01,Attended
A-002051,2026-02-07,C-0228,W-12,CO01,Attended
A-002052,2026-02-07,C-0291,W-12,CO01,Attended
A-002053,2026-02-08,C-0048,W-02,HV01,Attended
A-002054,2026-02-08,C-0063,W-01,CH02,Attended
A-002055,2026-02-08,C-0083,W-12,CO01,Attended
A-002056,2026-02-08,C-0088,W-06,HV01,Attended
A-002057,2026-02-08,C-0114,W-01,CH02,Attended
A-002058,2026-02-08,C-0114,W-02,HV01,Attended
A-002059,2026-02-08,C-0114,W-11,CO01,No-show
A-002060,2026-02-08,C-0133,W-02,CH02,Attended
A-002061,2026-02-08,C-0197,W-11,CO01,Attended
A-002062,2026-02-08,C-0215,W-02,CH02,Attended
A-002063,2026-02-08,C-0229,W-04,HV01,Attended
A-002064,2026-02-08,C-0246,W-04,CH02,No-show
A-002065,2026-02-09,C-0037,W-03,CH02,Attended
A-002066,2026-02-09,C-0040,W-06,CH02,No-show
A-002067,2026-02-09,C-0063,W-03,HV01,Attended
A-002068,2026-02-09,C-0101,W-12,CO02,Attended
A-002069,2026-02-09,C-0121,W-01,HV01,No-show
A-002070,2026-02-09,C-0130,W-06,HV01,Cancelled
A-002071,2026-02-09,C-0138,W-02,HV01,Attended
A-002072,2026-02-09,C-0161,W-06,CH02,Attended
A-002073,2026-02-09,C-0246,W-11,CO01,No-show
A-002074,2026-02-09,C-0249,W-06,HV01,Attended
A-002075,2026-02-09,C-0256,W-12,CO01,Attended
A-002076,2026-02-09,C-0278,W-05,CH02,Attended
A-002077,2026-02-09,C-0286,W-12,CO01,Attended
A-002078,2026-02-10,C-0063,W-02,CH02,Attended
A-002079,2026-02-10,C-0094,W-11,CO01,Attended
A-002080,2026-02-10,C-0110,W-05,CH02,No-show
A-002081,2026-02-10,C-0147,W-12,CO01,Attended
A-002082,2026-02-10,C-0164,W-03,CH02,Attended
A-002083,2026-02-10,C-0187,W-11,CO02,Attended
A-002084,2026-02-10,C-0219,W-12,CO01,Attended
A-002085,2026-02-10,C-0223,W-11,CO01,Attended
A-002086,2026-02-10,C-0300,W-11,CO01,No-show
A-002087,2026-02-11,C-0028,W-03,HV01,Attended
A-002088,2026-02-11,C-0037,W-12,CO02,Attended
A-002089,2026-02-11,C-0037,W-03,HV01,Attended
A-002090,2026-02-11,C-0040,W-06,HV01,Attended
A-002091,2026-02-11,C-0082,W-12,CO01,Attended
A-002092,2026-02-11,C-0114,W-11,CO01,Attended
A-002093,2026-02-11,C-0114,W-12,CO02,Attended
A-002094,2026-02-11,C-0143,W-04,CH02,Attended
A-002095,2026-02-11,C-0157,W-03,CH02,Cancelled
A-002096,2026-02-11,C-0219,W-11,CO02,Attended
A-002097,2026-02-11,C-0223,W-12,CO01,Attended
A-002098,2026-02-11,C-0294,W-11,CO01,Attended
A-002099,2026-02-12,C-0017,W-12,CO02,Cancelled
A-002100,2026-02-12,C-0065,W-06,HV01,Attended
A-002101,2026-02-12,C-0086,W-03,CH02,Cancelled
A-002102,2026-02-12,C-0094,W-12,CO02,Attended
A-002103,2026-02-12,C-0110,W-05,CH02,Attended
A-002104,2026-02-12,C-0129,W-03,HV01,Attended
A-002105,2026-02-12,C-0130,W-06,HV01,Attended
A-002106,2026-02-12,C-0161,W-05,HV01,Attended
A-002107,2026-02-12,C-0224,W-11,CO02,Attended
A-002108,2026-02-12,C-0255,W-12,CO01,No-show
A-002109,2026-02-13,C-0050,W-06,CH02,Attended
A-002110,2026-02-13,C-0070,W-05,CH02,Attended
A-002111,2026-02-13,C-0099,W-04,CH02,Attended
A-002112,2026-02-13,C-0133,W-02,CH02,Attended
A-002113,2026-02-13,C-0153,W-03,HV01,Attended
A-002114,2026-02-13,C-0167,W-12,CO01,Attended
A-002115,2026-02-13,C-0172,W-03,HV01,Attended
A-002116,2026-02-13,C-0193,W-02,HV01,Attended
A-002117,2026-02-13,C-0217,W-12,CO01,Attended
A-002118,2026-02-13,C-0223,W-11,CO01,Attended
A-002119,2026-02-13,C-0224,W-12,CO02,Attended
A-002120,2026-02-13,C-0241,W-05,CH02,Attended
A-002121,2026-02-13,C-0246,W-11,CO02,No-show
A-002122,2026-02-14,C-0012,W-01,CH02,Attended
A-002123,2026-02-14,C-0036,W-12,CO01,Attended
A-002124,2026-02-14,C-0047,W-03,CH02,Attended
A-002125,2026-02-14,C-0056,W-04,CH02,Attended
A-002126,2026-02-14,C-0061,W-01,HV01,Attended
A-002127,2026-02-14,C-0079,W-05,CH02,Attended
A-002128,2026-02-14,C-0102,W-12,CO02,Attended
A-002129,2026-02-14,C-0114,W-12,CO01,Attended
A-002130,2026-02-14,C-0120,W-12,CO01,Attended
A-002131,2026-02-14,C-0121,W-01,HV01,Attended
A-002132,2026-02-14,C-0174,W-03,HV01,Attended
A-002133,2026-02-14,C-0176,W-11,CO01,Attended
A-002134,2026-02-14,C-0191,W-11,CO01,Attended
A-002135,2026-02-14,C-0193,W-12,CO01,No-show
A-002136,2026-02-14,C-0207,W-05,HV01,Attended
A-002137,2026-02-14,C-0215,W-01,HV01,Cancelled
A-002138,2026-02-14,C-0229,W-02,HV01,Attended
A-002139,2026-02-14,C-0246,W-02,CH02,Attended
A-002140,2026-02-14,C-0246,W-11,CO01,Attended
A-002141,2026-02-14,C-0276,W-03,HV01,Attended
A-002142,2026-02-15,C-0040,W-06,CH02,Attended
A-002143,2026-02-15,C-0057,W-05,CH02,Cancelled
A-002144,2026-02-15,C-0083,W-05,CH02,Attended
A-002145,2026-02-15,C-0086,W-03,CH02,Attended
A-002146,2026-02-15,C-0099,W-11,CO01,Attended
A-002147,2026-02-15,C-0109,W-03,HV01,No-show
A-002148,2026-02-15,C-0146,W-12,CO02,Attended
A-002149,2026-02-15,C-0156,W-02,HV01,Attended
A-002150,2026-02-15,C-0157,W-05,HV01,Attended
A-002151,2026-02-15,C-0205,W-06,CH02,Attended
A-002152,2026-02-15,C-0224,W-11,CO01,Attended
A-002153,2026-02-15,C-0224,W-02,HV01,No-show
A-002154,2026-02-15,C-0246,W-04,CH02,Attended
A-002155,2026-02-16,C-0074,W-12,CO01,Attended
A-002156,2026-02-16,C-0083,W-04,HV01,Attended
A-002157,2026-02-16,C-0102,W-11,CO02,Attended
A-002158,2026-02-16,C-0102,W-04,CH02,No-show
A-002159,2026-02-16,C-0119,W-04,HV01,Attended
A-002160,2026-02-16,C-0147,W-04,CH02,Attended
A-002161,2026-02-16,C-0152,W-01,HV01,No-show
A-002162,2026-02-16,C-0157,W-03,CH02,Attended
A-002163,2026-02-16,C-0191,W-12,CO01,Attended
A-002164,2026-02-16,C-0219,W-02,HV01,Attended
A-002165,2026-02-16,C-0252,W-11,CO02,No-show
A-002166,2026-02-16,C-0278,W-12,CO02,Attended
A-002167,2026-02-16,C-0299,W-05,CH02,Attended
A-002168,2026-02-17,C-0001,W-12,CO02,Attended
A-002169,2026-02-17,C-0035,W-05,CH02,Attended
A-002170,2026-02-17,C-0057,W-04,CH02,Attended
A-002171,2026-02-17,C-0058,W-04,CH02,Attended
A-002172,2026-02-17,C-0086,W-03,CH02,Attended
A-002173,2026-02-17,C-0104,W-04,CH02,Attended
A-002174,2026-02-17,C-0113,W-04,HV01,Attended
A-002175,2026-02-17,C-0144,W-06,HV01,Attended
A-002176,2026-02-17,C-0167,W-11,CO01,Attended
A-002177,2026-02-17,C-0207,W-04,CH02,Attended
A-002178,2026-02-17,C-0229,W-11,CO02,Attended
A-002179,2026-02-17,C-0248,W-05,HV01,Attended
A-002180,2026-02-17,C-0300,W-11,CO01,Attended
A-002181,2026-02-18,C-0003,W-03,HV01,Attended
A-002182,2026-02-18,C-0026,W-12,CO02,Attended
A-002183,2026-02-18,C-0044,W-02,CH02,No-show
A-002184,2026-02-18,C-0046,W-11,CO01,Attended
A-002185,2026-02-18,C-0092,W-11,CO01,Attended
A-002186,2026-02-18,C-0102,W-11,CO01,No-show
A-002187,2026-02-18,C-0160,W-12,CO01,Attended
A-002188,2026-02-18,C-0193,W-12,CO01,Attended
A-002189,2026-02-18,C-0197,W-03,HV01,Attended
A-002190,2026-02-18,C-0207,W-04,CH02,Attended
A-002191,2026-02-18,C-0214,W-03,HV01,Attended
A-002192,2026-02-18,C-0215,W-01,HV01,Attended
A-002193,2026-02-18,C-0241,W-03,CH02,Attended
A-002194,2026-02-18,C-0255,W-12,CO01,Attended
A-002195,2026-02-18,C-0289,W-06,HV01,Attended
A-002196,2026-02-19,C-0030,W-11,CO01,Attended
A-002197,2026-02-19,C-0041,W-12,CO01,No-show
A-002198,2026-02-19,C-0074,W-02,HV01,Attended
A-002199,2026-02-19,C-0146,W-04,HV01,No-show
A-002200,2026-02-19,C-0173,W-12,CO01,Attended
A-002201,2026-02-19,C-0248,W-12,CO02,Cancelled
A-002202,2026-02-19,C-0289,W-05,HV01,Attended
A-002203,2026-02-20,C-0044,W-11,CO01,Attended
A-002204,2026-02-20,C-0065,W-06,HV01,Attended
A-002205,2026-02-20,C-0097,W-04,CH02,Attended
A-002206,2026-02-20,C-0109,W-03,HV01,Attended
A-002207,2026-02-20,C-0146,W-01,HV01,Attended
A-002208,2026-02-20,C-0152,W-01,HV01,Attended
A-002209,2026-02-20,C-0173,W-11,CO02,Attended
A-002210,2026-02-20,C-0186,W-11,CO01,Cancelled
A-002211,2026-02-20,C-0187,W-11,CO01,Attended
A-002212,2026-02-20,C-0193,W-12,CO01,Cancelled
A-002213,2026-02-20,C-0196,W-12,CO02,No-show
A-002214,2026-02-20,C-0205,W-03,CH02,Attended
A-002215,2026-02-20,C-0224,W-02,HV01,Attended
A-002216,2026-02-20,C-0228,W-04,CH02,Attended
A-002217,2026-02-20,C-0256,W-11,CO02,Attended
A-002218,2026-02-20,C-0279,W-06,CH02,Attended
A-002219,2026-02-20,C-0287,W-12,CO01,Attended
A-002220,2026-02-21,C-0003,W-12,CO02,Attended
A-002221,2026-02-21,C-0044,W-12,CO01,Attended
A-002222,2026-02-21,C-0078,W-11,CO02,Attended
A-002223,2026-02-21,C-0114,W-12,CO01,Cancelled
A-002224,2026-02-21,C-0120,W-02,CH02,Attended
A-002225,2026-02-21,C-0147,W-02,HV01,Attended
A-002226,2026-02-21,C-0173,W-06,CH02,Attended
A-002227,2026-02-21,C-0187,W-12,CO01,No-show
A-002228,2026-02-21,C-0193,W-04,HV01,Attended
A-002229,2026-02-21,C-0204,W-03,CH02,Attended
A-002230,2026-02-21,C-0208,W-03,HV01,Attended
A-002231,2026-02-21,C-0252,W-11,CO02,Attended
A-002232,2026-02-21,C-0294,W-12,CO01,Attended
A-002233,2026-02-21,C-0300,W-02,HV01,Attended
A-002234,2026-02-22,C-0017,W-12,CO02,Attended
A-002235,2026-02-22,C-0018,W-12,CO02,Attended
A-002236,2026-02-22,C-0047,W-12,CO02,Attended
A-002237,2026-02-22,C-0048,W-04,HV01,Attended
A-002238,2026-02-22,C-0102,W-04,CH02,Attended
A-002239,2026-02-22,C-0133,W-05,CH02,Attended
A-002240,2026-02-22,C-0224,W-11,CO01,Attended
A-002241,2026-02-22,C-0246,W-11,CO02,Attended
A-002242,2026-02-22,C-0246,W-01,CH02,Attended
A-002243,2026-02-23,C-0035,W-06,CH02,Attended
A-002244,2026-02-23,C-0041,W-11,CO02,Attended
A-002245,2026-02-23,C-0044,W-02,CH02,Attended
A-002246,2026-02-23,C-0047,W-02,HV01,Attended
A-002247,2026-02-23,C-0082,W-06,HV01,Attended
A-002248,2026-02-23,C-0152,W-02,HV01,Attended
A-002249,2026-02-23,C-0181,W-11,CO01,Attended
A-002250,2026-02-23,C-0193,W-12,CO01,Attended
A-002251,2026-02-23,C-0196,W-12,CO02,Attended
A-002252,2026-02-23,C-0229,W-11,CO02,Attended
A-002253,2026-02-23,C-0255,W-12,CO02,Attended
A-002254,2026-02-23,C-0279,W-12,CO01,Attended
A-002255,2026-02-24,C-0012,W-01,HV01,Attended
A-002256,2026-02-24,C-0057,W-05,CH02,Attended
A-002257,2026-02-24,C-0109,W-03,CH02,No-show
A-002258,2026-02-24,C-0130,W-11,CO02,Attended
A-002259,2026-02-24,C-0131,W-11,CO01,Attended
A-002260,2026-02-24,C-0161,W-11,CO01,Attended
A-002261,2026-02-24,C-0167,W-11,CO01,Attended
A-002262,2026-02-24,C-0193,W-11,CO01,Attended
A-002263,2026-02-24,C-0205,W-02,HV01,Cancelled
A-002264,2026-02-24,C-0241,W-03,HV01,Cancelled
A-002265,2026-02-24,C-0273,W-06,CH02,Attended
A-002266,2026-02-25,C-0008,W-03,CH02,No-show
A-002267,2026-02-25,C-0056,W-11,CO02,Attended
A-002268,2026-02-25,C-0080,W-01,CH02,Attended
A-002269,2026-02-25,C-0083,W-11,CO02,Attended
A-002270,2026-02-25,C-0102,W-11,CO01,Attended
A-002271,2026-02-25,C-0146,W-04,HV01,Attended
A-002272,2026-02-25,C-0279,W-04,CH02,Attended
A-002273,2026-02-25,C-0300,W-11,CO02,Attended
A-002274,2026-02-25,C-0300,W-12,CO01,No-show
A-002275,2026-02-26,C-0008,W-05,HV01,Attended
A-002276,2026-02-26,C-0056,W-11,CO01,Attended
A-002277,2026-02-26,C-0082,W-02,HV01,Attended
A-002278,2026-02-26,C-0147,W-06,CH02,Attended
A-002279,2026-02-26,C-0186,W-11,CO01,Attended
A-002280,2026-02-26,C-0215,W-03,CH02,Attended
A-002281,2026-02-26,C-0223,W-11,CO01,Attended
A-002282,2026-02-26,C-0248,W-12,CO02,Attended
A-002283,2026-02-26,C-0255,W-12,CO02,Attended
A-002284,2026-02-26,C-0276,W-06,HV01,No-show
A-002285,2026-02-26,C-0286,W-04,HV01,Attended
A-002286,2026-02-27,C-0040,W-01,HV01,Attended
A-002287,2026-02-27,C-0041,W-12,CO01,Attended
A-002288,2026-02-27,C-0083,W-11,CO02,Cancelled
A-002289,2026-02-27,C-0114,W-12,CO01,Attended
A-002290,2026-02-27,C-0176,W-11,CO01,Attended
A-002291,2026-02-27,C-0191,W-01,CH02,Attended
A-002292,2026-02-27,C-0200,W-02,CH02,No-show
A-002293,2026-02-27,C-0248,W-12,CO02,Attended
A-002294,2026-02-27,C-0300,W-12,CO02,Attended
A-002295,2026-02-27,C-0300,W-12,CO01,Attended
A-002296,2026-02-28,C-0034,W-06,CH02,Attended
A-002297,2026-02-28,C-0072,W-04,HV01,Attended
A-002298,2026-02-28,C-0097,W-01,HV01,Attended
A-002299,2026-02-28,C-0097,W-02,HV01,Attended
A-002300,2026-02-28,C-0113,W-04,HV01,Attended
A-002301,2026-02-28,C-0115,W-04,CH02,Attended
A-002302,2026-02-28,C-0115,W-05,HV01,No-show
A-002303,2026-02-28,C-0171,W-05,HV01,Attended
A-002304,2026-02-28,C-0171,W-03,HV01,No-show
A-002305,2026-02-28,C-0174,W-01,HV01,Attended
A-002306,2026-02-28,C-0180,W-11,CO01,Attended
A-002307,2026-02-28,C-0181,W-11,CO02,Attended
A-002308,2026-02-28,C-0187,W-12,CO01,No-show
A-002309,2026-02-28,C-0193,W-06,CH02,Attended
A-002310,2026-02-28,C-0193,W-12,CO02,Attended
A-002311,2026-02-28,C-0193,W-12,CO01,Attended
A-002312,2026-02-28,C-0220,W-12,CO02,Attended
A-002313,2026-02-28,C-0273,W-11,CO02,Attended
A-002314,2026-03-01,C-0002,W-05,CH02,Attended
A-002315,2026-03-01,C-0014,W-06,CH02,Attended
A-002316,2026-03-01,C-0017,W-12,CO01,Attended
A-002317,2026-03-01,C-0048,W-04,HV01,Attended
A-002318,2026-03-01,C-0078,W-04,HV01,No-show
A-002319,2026-03-01,C-0109,W-01,HV01,Attended
A-002320,2026-03-01,C-0120,W-03,HV01,Attended
A-002321,2026-03-01,C-0126,W-11,CO01,Attended
A-002322,2026-03-01,C-0188,W-05,HV01,Attended
A-002323,2026-03-01,C-0220,W-02,HV01,Attended
A-002324,2026-03-01,C-0228,W-01,HV01,Cancelled
A-002325,2026-03-01,C-0247,W-11,CO02,No-show
A-002326,2026-03-01,C-0283,W-12,CO01,Attended
A-002327,2026-03-02,C-0040,W-06,HV01,Attended
A-002328,2026-03-02,C-0083,W-04,HV01,Attended
A-002329,2026-03-02,C-0171,W-04,HV01,No-show
A-002330,2026-03-02,C-0173,W-04,HV01,Attended
A-002331,2026-03-02,C-0187,W-12,CO01,Attended
A-002332,2026-03-02,C-0191,W-12,CO01,Attended
A-002333,2026-03-02,C-0197,W-01,CH02,Attended
A-002334,2026-03-02,C-0205,W-04,CH02,Attended
A-002335,2026-03-02,C-0205,W-12,CO01,Cancelled
A-002336,2026-03-02,C-0220,W-12,CO02,Cancelled
A-002337,2026-03-02,C-0246,W-03,HV01,Attended
A-002338,2026-03-02,C-0249,W-01,CH02,Attended
A-002339,2026-03-02,C-0300,W-11,CO01,Attended
A-002340,2026-03-03,C-0008,W-03,CH02,Attended
A-002341,2026-03-03,C-0014,W-05,HV01,Cancelled
A-002342,2026-03-03,C-0021,W-01,HV01,Attended
A-002343,2026-03-03,C-0063,W-03,CH02,Attended
A-002344,2026-03-03,C-0074,W-12,CO01,Attended
A-002345,2026-03-03,C-0078,W-12,CO02,Attended
A-002346,2026-03-03,C-0126,W-01,HV01,Attended
A-002347,2026-03-03,C-0134,W-11,CO01,Attended
A-002348,2026-03-03,C-0164,W-06,HV01,Attended
A-002349,2026-03-03,C-0168,W-05,HV01,Attended
A-002350,2026-03-03,C-0187,W-11,CO01,Attended
A-002351,2026-03-03,C-0229,W-12,CO01,Attended
A-002352,2026-03-03,C-0238,W-05,CH02,Attended
A-002353,2026-03-03,C-0252,W-11,CO01,Attended
A-002354,2026-03-03,C-0252,W-01,HV01,Attended
A-002355,2026-03-03,C-0265,W-11,CO01,Attended
A-002356,2026-03-03,C-0278,W-06,CH02,Attended
A-002357,2026-03-04,C-0017,W-03,CH02,Attended
A-002358,2026-03-04,C-0109,W-03,CH02,Attended
A-002359,2026-03-04,C-0110,W-04,HV01,Attended
A-002360,2026-03-04,C-0115,W-05,HV01,Attended
A-002361,2026-03-04,C-0129,W-03,CH02,Attended
A-002362,2026-03-04,C-0130,W-03,HV01,Attended
A-002363,2026-03-04,C-0200,W-02,CH02,Attended
A-002364,2026-03-04,C-0215,W-06,HV01,Attended
A-002365,2026-03-04,C-0241,W-03,HV01,Attended
A-002366,2026-03-04,C-0245,W-11,CO01,Attended
A-002367,2026-03-04,C-0246,W-04,CH02,Cancelled
A-002368,2026-03-04,C-0265,W-12,CO01,Cancelled
A-002369,2026-03-05,C-0008,W-11,CO01,Attended
A-002370,2026-03-05,C-0016,W-01,HV01,Attended
A-002371,2026-03-05,C-0078,W-04,HV01,Attended
A-002372,2026-03-05,C-0083,W-06,HV01,Cancelled
A-002373,2026-03-05,C-0094,W-12,CO02,No-show
A-002374,2026-03-05,C-0115,W-12,CO02,No-show
A-002375,2026-03-05,C-0129,W-12,CO02,No-show
A-002376,2026-03-05,C-0188,W-12,CO02,No-show
A-002377,2026-03-05,C-0196,W-04,HV01,Attended
A-002378,2026-03-05,C-0197,W-11,CO02,Attended
A-002379,2026-03-05,C-0197,W-12,CO01,No-show
A-002380,2026-03-05,C-0241,W-05,HV01,Attended
A-002381,2026-03-05,C-0265,W-12,CO01,Attended
A-002382,2026-03-05,C-0276,W-06,HV01,Attended
A-002383,2026-03-06,C-0028,W-12,CO02,No-show
A-002384,2026-03-06,C-0104,W-12,CO01,Cancelled
A-002385,2026-03-06,C-0114,W-12,CO02,Attended
A-002386,2026-03-06,C-0174,W-11,CO01,Attended
A-002387,2026-03-06,C-0196,W-01,CH02,Attended
A-002388,2026-03-06,C-0196,W-02,HV01,Attended
A-002389,2026-03-06,C-0205,W-02,HV01,Attended
A-002390,2026-03-06,C-0207,W-06,CH02,Attended
A-002391,2026-03-06,C-0223,W-05,CH02,No-show
A-002392,2026-03-06,C-0229,W-11,CO02,Attended
A-002393,2026-03-06,C-0247,W-05,CH02,Attended
A-002394,2026-03-06,C-0265,W-12,CO01,Attended
A-002395,2026-03-07,C-0018,W-12,CO01,No-show
A-002396,2026-03-07,C-0036,W-11,CO01,Attended
A-002397,2026-03-07,C-0037,W-01,HV01,Attended
A-002398,2026-03-07,C-0071,W-03,CH02,Attended
A-002399,2026-03-07,C-0092,W-04,HV01,Attended
A-002400,2026-03-07,C-0104,W-05,CH02,Attended
A-002401,2026-03-07,C-0130,W-11,CO02,Attended
A-002402,2026-03-07,C-0171,W-04,HV01,Attended
A-002403,2026-03-07,C-0204,W-05,HV01,Attended
A-002404,2026-03-07,C-0220,W-12,CO02,Attended
A-002405,2026-03-07,C-0246,W-04,CH02,Attended
A-002406,2026-03-07,C-0247,W-11,CO02,Attended
A-002407,2026-03-07,C-0276,W-01,CH02,Attended
A-002408,2026-03-07,C-0278,W-11,CO02,Attended
A-002409,2026-03-07,C-0286,W-11,CO01,Attended
A-002410,2026-03-08,C-0014,W-11,CO02,Attended
A-002411,2026-03-08,C-0056,W-12,CO01,Attended
A-002412,2026-03-08,C-0102,W-01,HV01,Attended
A-002413,2026-03-08,C-0171,W-03,HV01,Attended
A-002414,2026-03-08,C-0205,W-12,CO01,Attended
A-002415,2026-03-08,C-0228,W-01,HV01,Attended
A-002416,2026-03-08,C-0228,W-02,HV01,No-show
A-002417,2026-03-08,C-0237,W-05,CH02,Attended
A-002418,2026-03-08,C-0248,W-05,CH02,Cancelled
A-002419,2026-03-08,C-0264,W-04,CH02,No-show
A-002420,2026-03-08,C-0265,W-12,CO01,Attended
A-002421,2026-03-08,C-0294,W-11,CO01,Attended
A-002422,2026-03-09,C-0037,W-12,CO01,Attended
A-002423,2026-03-09,C-0083,W-11,CO02,Attended
A-002424,2026-03-09,C-0104,W-12,CO01,Attended
A-002425,2026-03-09,C-0131,W-11,CO01,Attended
A-002426,2026-03-09,C-0197,W-12,CO01,Attended
A-002427,2026-03-09,C-0207,W-05,HV01,Cancelled
A-002428,2026-03-10,C-0010,W-12,CO02,Attended
A-002429,2026-03-10,C-0014,W-01,CH02,Attended
A-002430,2026-03-10,C-0014,W-05,HV01,Attended
A-002431,2026-03-10,C-0037,W-03,CH02,Attended
A-002432,2026-03-10,C-0083,W-06,HV01,Attended
A-002433,2026-03-10,C-0086,W-04,HV01,Attended
A-002434,2026-03-10,C-0094,W-12,CO02,Attended
A-002435,2026-03-10,C-0114,W-01,CH02,Attended
A-002436,2026-03-10,C-0115,W-01,CH02,No-show
A-002437,2026-03-10,C-0124,W-03,HV01,Attended
A-002438,2026-03-10,C-0130,W-04,CH02,Attended
A-002439,2026-03-10,C-0131,W-11,CO02,Attended
A-002440,2026-03-10,C-0163,W-05,HV01,Attended
A-002441,2026-03-10,C-0186,W-05,HV01,Attended
A-002442,2026-03-10,C-0187,W-12,CO01,Attended
A-002443,2026-03-10,C-0223,W-12,CO01,Attended
A-002444,2026-03-10,C-0284,W-01,CH02,Attended
A-002445,2026-03-11,C-0012,W-11,CO01,Attended
A-002446,2026-03-11,C-0021,W-04,CH02,Attended
A-002447,2026-03-11,C-0026,W-02,CH02,Attended
A-002448,2026-03-11,C-0035,W-03,CH02,No-show
A-002449,2026-03-11,C-0036,W-06,HV01,Attended
A-002450,2026-03-11,C-0044,W-11,CO01,Attended
A-002451,2026-03-11,C-0074,W-11,CO01,Attended
A-002452,2026-03-11,C-0094,W-06,HV01,No-show
A-002453,2026-03-11,C-0104,W-03,HV01,Attended
A-002454,2026-03-11,C-0194,W-04,CH02,Attended
A-002455,2026-03-11,C-0223,W-05,CH02,Attended
A-002456,2026-03-11,C-0256,W-01,HV01,Attended
A-002457,2026-03-11,C-0265,W-11,CO02,No-show
A-002458,2026-03-11,C-0295,W-12,CO02,Attended
A-002459,2026-03-12,C-0012,W-12,CO01,Attended
A-002460,2026-03-12,C-0034,W-02,CH02,Attended
A-002461,2026-03-12,C-0035,W-11,CO01,No-show
A-002462,2026-03-12,C-0044,W-12,CO01,Attended
A-002463,2026-03-12,C-0048,W-03,HV01,No-show
A-002464,2026-03-12,C-0080,W-06,CH02,Attended
A-002465,2026-03-12,C-0104,W-12,CO01,No-show
A-002466,2026-03-12,C-0129,W-12,CO02,Attended
A-002467,2026-03-12,C-0130,W-11,CO02,Attended
A-002468,2026-03-12,C-0131,W-12,CO02,Cancelled
A-002469,2026-03-12,C-0173,W-11,CO02,No-show
A-002470,2026-03-12,C-0183,W-02,CH02,Attended
A-002471,2026-03-12,C-0188,W-12,CO02,Attended
A-002472,2026-03-12,C-0193,W-06,HV01,Attended
A-002473,2026-03-12,C-0264,W-04,CH02,Attended
A-002474,2026-03-12,C-0295,W-06,CH02,Attended
A-002475,2026-03-12,C-0300,W-02,HV01,No-show
A-002476,2026-03-13,C-0042,W-12,CO01,Attended
A-002477,2026-03-13,C-0043,W-06,CH02,No-show
A-002478,2026-03-13,C-0114,W-04,HV01,Attended
A-002479,2026-03-13,C-0129,W-04,CH02,No-show
A-002480,2026-03-13,C-0156,W-04,CH02,Attended
A-002481,2026-03-13,C-0248,W-05,CH02,Attended
A-002482,2026-03-13,C-0256,W-04,HV01,No-show
A-002483,2026-03-13,C-0289,W-01,CH02,Attended
A-002484,2026-03-14,C-0002,W-12,CO01,Attended
A-002485,2026-03-14,C-0018,W-12,CO01,Attended
A-002486,2026-03-14,C-0028,W-12,CO02,Attended
A-002487,2026-03-14,C-0048,W-01,CH02,Attended
A-002488,2026-03-14,C-0060,W-06,HV01,Attended
A-002489,2026-03-14,C-0115,W-12,CO02,Attended
A-002490,2026-03-14,C-0131,W-12,CO02,Attended
A-002491,2026-03-14,C-0174,W-12,CO01,Attended
A-002492,2026-03-14,C-0186,W-11,CO01,Attended
A-002493,2026-03-14,C-0186,W-03,HV01,Attended
A-002494,2026-03-14,C-0193,W-02,CH02,Attended
A-002495,2026-03-14,C-0193,W-11,CO01,No-show
A-002496,2026-03-14,C-0219,W-06,CH02,Attended
A-002497,2026-03-14,C-0223,W-02,HV01,Attended
A-002498,2026-03-14,C-0247,W-06,CH02,Attended
A-002499,2026-03-14,C-0265,W-11,CO01,Attended
A-002500,2026-03-14,C-0286,W-05,HV01,No-show
A-002501,2026-03-15,C-0060,W-05,HV01,Attended
A-002502,2026-03-15,C-0134,W-02,HV01,Attended
A-002503,2026-03-15,C-0134,W-03,HV01,Attended
A-002504,2026-03-15,C-0153,W-03,HV01,Attended
A-002505,2026-03-15,C-0168,W-11,CO02,Attended
A-002506,2026-03-15,C-0197,W-12,CO02,Attended
A-002507,2026-03-15,C-0237,W-04,CH02,No-show
A-002508,2026-03-15,C-0248,W-04,HV01,Attended
A-002509,2026-03-15,C-0252,W-03,CH02,Attended
A-002510,2026-03-16,C-0037,W-11,CO02,Attended
A-002511,2026-03-16,C-0044,W-03,HV01,Attended
A-002512,2026-03-16,C-0048,W-03,HV01,Attended
A-002513,2026-03-16,C-0063,W-06,HV01,Attended
A-002514,2026-03-16,C-0094,W-06,HV01,Attended
A-002515,2026-03-16,C-0204,W-02,HV01,No-show
A-002516,2026-03-16,C-0215,W-11,CO01,Attended
A-002517,2026-03-16,C-0223,W-12,CO02,Attended
A-002518,2026-03-16,C-0247,W-03,HV01,Attended
A-002519,2026-03-16,C-0265,W-01,CH02,Attended
A-002520,2026-03-16,C-0286,W-05,HV01,Attended
A-002521,2026-03-16,C-0295,W-04,HV01,Attended
A-002522,2026-03-17,C-0021,W-11,CO02,Attended
A-002523,2026-03-17,C-0035,W-11,CO01,Attended
A-002524,2026-03-17,C-0036,W-06,HV01,Attended
A-002525,2026-03-17,C-0060,W-01,HV01,Attended
A-002526,2026-03-17,C-0084,W-12,CO01,Attended
A-002527,2026-03-17,C-0115,W-01,CH02,Attended
A-002528,2026-03-17,C-0129,W-04,CH02,Attended
A-002529,2026-03-17,C-0130,W-05,HV01,Attended
A-002530,2026-03-17,C-0131,W-05,CH02,Attended
A-002531,2026-03-17,C-0173,W-11,CO02,Attended
A-002532,2026-03-17,C-0217,W-04,CH02,No-show
A-002533,2026-03-17,C-0228,W-02,HV01,Attended
A-002534,2026-03-17,C-0237,W-04,CH02,Attended
A-002535,2026-03-18,C-0016,W-11,CO01,Attended
A-002536,2026-03-18,C-0138,W-05,HV01,Attended
A-002537,2026-03-18,C-0197,W-11,CO02,No-show
A-002538,2026-03-18,C-0227,W-06,CH02,Attended
A-002539,2026-03-19,C-0035,W-03,CH02,Attended
A-002540,2026-03-19,C-0042,W-12,CO02,Attended
A-002541,2026-03-19,C-0048,W-03,HV01,Attended
A-002542,2026-03-19,C-0078,W-01,CH02,Attended
A-002543,2026-03-19,C-0079,W-02,CH02,Attended
A-002544,2026-03-19,C-0083,W-01,HV01,No-show
A-002545,2026-03-19,C-0104,W-12,CO01,Attended
A-002546,2026-03-19,C-0109,W-01,HV01,Attended
A-002547,2026-03-19,C-0180,W-11,CO02,Attended
A-002548,2026-03-19,C-0191,W-04,HV01,Attended
A-002549,2026-03-19,C-0205,W-11,CO01,Attended
A-002550,2026-03-19,C-0207,W-05,HV01,Attended
A-002551,2026-03-19,C-0216,W-03,HV01,No-show
A-002552,2026-03-19,C-0228,W-04,HV01,Attended
A-002553,2026-03-19,C-0237,W-03,CH02,Cancelled
A-002554,2026-03-19,C-0265,W-04,CH02,Cancelled
A-002555,2026-03-19,C-0287,W-12,CO02,Attended
A-002556,2026-03-19,C-0294,W-11,CO01,Attended
A-002557,2026-03-20,C-0012,W-02,CH02,Attended
A-002558,2026-03-20,C-0047,W-05,HV01,No-show
A-002559,2026-03-20,C-0057,W-04,HV01,Attended
A-002560,2026-03-20,C-0084,W-11,CO02,Attended
A-002561,2026-03-20,C-0097,W-11,CO01,Attended
A-002562,2026-03-20,C-0110,W-04,CH02,Attended
A-002563,2026-03-20,C-0154,W-04,HV01,Attended
A-002564,2026-03-20,C-0181,W-11,CO01,Attended
A-002565,2026-03-20,C-0204,W-02,HV01,Attended
A-002566,2026-03-20,C-0207,W-11,CO01,Attended
A-002567,2026-03-20,C-0237,W-04,CH02,Attended
A-002568,2026-03-20,C-0288,W-11,CO01,Cancelled
A-002569,2026-03-20,C-0300,W-02,HV01,Attended
A-002570,2026-03-20,C-0300,W-11,CO01,Attended
A-002571,2026-03-21,C-0069,W-01,HV01,Attended
A-002572,2026-03-21,C-0080,W-12,CO02,Attended
A-002573,2026-03-21,C-0097,W-01,HV01,Attended
A-002574,2026-03-21,C-0101,W-03,CH02,Attended
A-002575,2026-03-21,C-0153,W-12,CO01,Attended
A-002576,2026-03-21,C-0162,W-05,CH02,Attended
A-002577,2026-03-21,C-0167,W-11,CO02,Attended
A-002578,2026-03-21,C-0212,W-11,CO02,Attended
A-002579,2026-03-21,C-0217,W-03,CH02,Attended
A-002580,2026-03-21,C-0235,W-01,HV01,Attended
A-002581,2026-03-21,C-0265,W-11,CO02,Attended
A-002582,2026-03-21,C-0286,W-05,HV01,Attended
A-002583,2026-03-21,C-0294,W-12,CO02,Attended
A-002584,2026-03-22,C-0043,W-06,CH02,Attended
A-002585,2026-03-22,C-0044,W-12,CO02,Attended
A-002586,2026-03-22,C-0047,W-05,HV01,Attended
A-002587,2026-03-22,C-0084,W-11,CO01,Attended
A-002588,2026-03-22,C-0110,W-05,HV01,Attended
A-002589,2026-03-22,C-0131,W-12,CO01,Attended
A-002590,2026-03-22,C-0138,W-01,CH02,Attended
A-002591,2026-03-22,C-0156,W-06,CH02,Attended
A-002592,2026-03-22,C-0204,W-06,HV01,Attended
A-002593,2026-03-22,C-0215,W-01,CH02,Attended
A-002594,2026-03-22,C-0255,W-12,CO01,No-show
A-002595,2026-03-22,C-0256,W-04,HV01,Attended
A-002596,2026-03-22,C-0295,W-03,CH02,No-show
A-002597,2026-03-23,C-0060,W-02,HV01,No-show
A-002598,2026-03-23,C-0079,W-11,CO01,Attended
A-002599,2026-03-23,C-0161,W-12,CO01,Attended
A-002600,2026-03-23,C-0205,W-01,HV01,Cancelled
A-002601,2026-03-23,C-0217,W-04,CH02,Attended
A-002602,2026-03-23,C-0284,W-04,CH02,Attended
A-002603,2026-03-24,C-0040,W-01,HV01,Attended
A-002604,2026-03-24,C-0041,W-06,HV01,Attended
A-002605,2026-03-24,C-0072,W-03,HV01,Attended
A-002606,2026-03-24,C-0074,W-02,HV01,Attended
A-002607,2026-03-24,C-0097,W-11,CO02,Attended
A-002608,2026-03-24,C-0119,W-06,HV01,Attended
A-002609,2026-03-24,C-0133,W-12,CO02,Attended
A-002610,2026-03-24,C-0157,W-11,CO01,Attended
A-002611,2026-03-24,C-0180,W-03,CH02,Attended
A-002612,2026-03-24,C-0191,W-03,CH02,Cancelled
A-002613,2026-03-24,C-0193,W-11,CO01,Attended
A-002614,2026-03-24,C-0196,W-01,HV01,Attended
A-002615,2026-03-24,C-0197,W-11,CO02,Attended
A-002616,2026-03-24,C-0237,W-03,CH02,Attended
A-002617,2026-03-24,C-0265,W-12,CO01,Cancelled
A-002618,2026-03-24,C-0287,W-12,CO01,Attended
A-002619,2026-03-25,C-0018,W-02,CH02,Cancelled
A-002620,2026-03-25,C-0040,W-12,CO02,Attended
A-002621,2026-03-25,C-0044,W-12,CO01,Attended
A-002622,2026-03-25,C-0056,W-04,CH02,Attended
A-002623,2026-03-25,C-0058,W-05,HV01,Attended
A-002624,2026-03-25,C-0060,W-02,HV01,Attended
A-002625,2026-03-25,C-0099,W-04,HV01,Cancelled
A-002626,2026-03-25,C-0161,W-06,CH02,Attended
A-002627,2026-03-25,C-0223,W-11,CO02,Attended
A-002628,2026-03-25,C-0238,W-11,CO02,Attended
A-002629,2026-03-25,C-0249,W-05,HV01,Attended
A-002630,2026-03-25,C-0273,W-03,HV01,Attended
A-002631,2026-03-25,C-0273,W-02,HV01,Attended
A-002632,2026-03-26,C-0062,W-04,CH02,No-show
A-002633,2026-03-26,C-0091,W-02,CH02,Attended
A-002634,2026-03-26,C-0095,W-02,CH02,Attended
A-002635,2026-03-26,C-0171,W-03,HV01,Attended
A-002636,2026-03-26,C-0179,W-11,CO01,Attended
A-002637,2026-03-26,C-0188,W-06,CH02,Attended
A-002638,2026-03-26,C-0200,W-12,CO01,Attended
A-002639,2026-03-26,C-0223,W-11,CO02,Attended
A-002640,2026-03-26,C-0247,W-11,CO01,Attended
A-002641,2026-03-26,C-0265,W-04,CH02,Attended
A-002642,2026-03-26,C-0284,W-11,CO02,Attended
A-002643,2026-03-26,C-0292,W-12,CO01,No-show
A-002644,2026-03-27,C-0037,W-11,CO02,Attended
A-002645,2026-03-27,C-0074,W-04,HV01,Attended
A-002646,2026-03-27,C-0110,W-06,CH02,Attended
A-002647,2026-03-27,C-0131,W-11,CO01,No-show
A-002648,2026-03-27,C-0147,W-12,CO02,Attended
A-002649,2026-03-27,C-0153,W-02,HV01,Attended
A-002650,2026-03-27,C-0156,W-04,HV01,Attended
A-002651,2026-03-27,C-0187,W-12,CO02,Attended
A-002652,2026-03-27,C-0193,W-12,CO01,Attended
A-002653,2026-03-27,C-0264,W-12,CO01,Attended
A-002654,2026-03-28,C-0008,W-03,CH02,Attended
A-002655,2026-03-28,C-0041,W-12,CO01,Attended
A-002656,2026-03-28,C-0044,W-12,CO02,Attended
A-002657,2026-03-28,C-0083,W-01,HV01,Attended
A-002658,2026-03-28,C-0099,W-04,HV01,Attended
A-002659,2026-03-28,C-0200,W-11,CO02,Attended
A-002660,2026-03-28,C-0207,W-06,CH02,Attended
A-002661,2026-03-28,C-0264,W-03,HV01,Attended
A-002662,2026-03-29,C-0010,W-11,CO02,Attended
A-002663,2026-03-29,C-0063,W-01,HV01,Attended
A-002664,2026-03-29,C-0066,W-05,CH02,Attended
A-002665,2026-03-29,C-0109,W-12,CO02,Attended
A-002666,2026-03-29,C-0131,W-11,CO01,Attended
A-002667,2026-03-29,C-0181,W-01,HV01,No-show
A-002668,2026-03-29,C-0216,W-03,HV01,Attended
A-002669,2026-03-29,C-0248,W-12,CO01,Attended
A-002670,2026-03-29,C-0256,W-01,HV01,Attended
A-002671,2026-03-29,C-0265,W-12,CO01,Attended
A-002672,2026-03-29,C-0288,W-11,CO01,Attended
A-002673,2026-03-30,C-0018,W-01,CH02,Attended
A-002674,2026-03-30,C-0044,W-04,CH02,No-show
A-002675,2026-03-30,C-0102,W-12,CO01,Cancelled
A-002676,2026-03-30,C-0110,W-06,CH02,Attended
A-002677,2026-03-30,C-0163,W-05,HV01,Attended
A-002678,2026-03-30,C-0168,W-12,CO02,Attended
A-002679,2026-03-30,C-0188,W-03,CH02,Attended
A-002680,2026-03-30,C-0247,W-05,CH02,Attended
A-002681,2026-03-30,C-0295,W-03,CH02,Attended
A-002682,2026-03-30,C-0295,W-12,CO02,Attended
A-002683,2026-03-30,C-0300,W-12,CO02,Attended
A-002684,2026-03-31,C-0008,W-11,CO01,Attended
A-002685,2026-03-31,C-0012,W-11,CO02,Attended
A-002686,2026-03-31,C-0014,W-02,CH02,Attended
A-002687,2026-03-31,C-0024,W-05,CH02,Attended
A-002688,2026-03-31,C-0058,W-11,CO02,Attended
A-002689,2026-03-31,C-0071,W-03,HV01,Attended
A-002690,2026-03-31,C-0072,W-04,HV01,Attended
A-002691,2026-03-31,C-0134,W-06,CH02,Attended
A-002692,2026-03-31,C-0153,W-02,CH02,Attended
A-002693,2026-04-01,C-0054,W-04,CH02,Attended
A-002694,2026-04-01,C-0070,W-03,CH02,Attended
A-002695,2026-04-01,C-0124,W-05,CH02,Attended
A-002696,2026-04-01,C-0152,W-12,CO02,Attended
A-002697,2026-04-01,C-0181,W-01,HV01,Attended
A-002698,2026-04-01,C-0205,W-01,HV01,Attended
A-002699,2026-04-01,C-0238,W-02,CH02,Attended
A-002700,2026-04-01,C-0255,W-12,CO01,Attended
A-002701,2026-04-01,C-0256,W-06,HV01,Attended
A-002702,2026-04-01,C-0261,W-05,CH02,Attended
A-002703,2026-04-02,C-0018,W-02,CH02,Attended
A-002704,2026-04-02,C-0060,W-12,CO02,Attended
A-002705,2026-04-02,C-0063,W-12,CO01,Attended
A-002706,2026-04-02,C-0104,W-02,CH02,Attended
A-002707,2026-04-02,C-0138,W-01,CH02,Cancelled
A-002708,2026-04-02,C-0167,W-05,HV01,Attended
A-002709,2026-04-02,C-0171,W-05,HV01,Attended
A-002710,2026-04-02,C-0186,W-01,HV01,Attended
A-002711,2026-04-02,C-0191,W-03,CH02,Attended
A-002712,2026-04-02,C-0193,W-03,HV01,Attended
A-002713,2026-04-02,C-0207,W-12,CO02,Attended
A-002714,2026-04-02,C-0227,W-05,CH02,Attended
A-002715,2026-04-02,C-0241,W-03,CH02,Attended
A-002716,2026-04-02,C-0246,W-05,CH02,Attended
A-002717,2026-04-02,C-0264,W-02,HV01,Cancelled
A-002718,2026-04-02,C-0295,W-01,HV01,Attended
A-002719,2026-04-03,C-0089,W-02,CH02,Attended
A-002720,2026-04-03,C-0119,W-05,HV01,Attended
A-002721,2026-04-03,C-0248,W-11,CO02,Attended
A-002722,2026-04-03,C-0292,W-12,CO01,Attended
A-002723,2026-04-03,C-0299,W-12,CO02,Attended
A-002724,2026-04-04,C-0057,W-02,CH02,Attended
A-002725,2026-04-04,C-0138,W-01,CH02,Attended
A-002726,2026-04-04,C-0145,W-05,CH02,Attended
A-002727,2026-04-04,C-0174,W-02,HV01,Attended
A-002728,2026-04-04,C-0206,W-01,CH02,Attended
A-002729,2026-04-04,C-0229,W-03,CH02,Attended
A-002730,2026-04-05,C-0043,W-05,CH02,Cancelled
A-002731,2026-04-05,C-0057,W-01,HV01,Attended
A-002732,2026-04-05,C-0058,W-12,CO02,Cancelled
A-002733,2026-04-05,C-0062,W-04,CH02,Attended
A-002734,2026-04-05,C-0070,W-05,HV01,Attended
A-002735,2026-04-05,C-0095,W-06,HV01,Attended
A-002736,2026-04-05,C-0131,W-01,HV01,Attended
A-002737,2026-04-05,C-0193,W-06,HV01,Attended
A-002738,2026-04-05,C-0264,W-04,HV01,Attended
A-002739,2026-04-06,C-0008,W-11,CO01,Cancelled
A-002740,2026-04-06,C-0063,W-06,CH02,Attended
A-002741,2026-04-06,C-0065,W-03,HV01,Attended
A-002742,2026-04-06,C-0080,W-12,CO02,Attended
A-002743,2026-04-06,C-0188,W-02,CH02,Attended
A-002744,2026-04-06,C-0188,W-01,CH02,No-show
A-002745,2026-04-06,C-0191,W-12,CO02,Cancelled
A-002746,2026-04-06,C-0207,W-02,HV01,Attended
A-002747,2026-04-06,C-0246,W-11,CO01,No-show
A-002748,2026-04-06,C-0300,W-12,CO01,Attended
A-002749,2026-04-06,C-0300,W-12,CO01,Attended
A-002750,2026-04-07,C-0044,W-04,CH02,Attended
A-002751,2026-04-07,C-0048,W-06,HV01,Attended
A-002752,2026-04-07,C-0061,W-05,CH02,Attended
A-002753,2026-04-07,C-0074,W-11,CO01,Attended
A-002754,2026-04-07,C-0099,W-05,CH02,Cancelled
A-002755,2026-04-07,C-0102,W-12,CO01,Attended
A-002756,2026-04-07,C-0114,W-05,CH02,Cancelled
A-002757,2026-04-07,C-0120,W-03,HV01,Attended
A-002758,2026-04-07,C-0120,W-04,HV01,Attended
A-002759,2026-04-07,C-0131,W-12,CO01,Attended
A-002760,2026-04-07,C-0154,W-06,HV01,Attended
A-002761,2026-04-07,C-0159,W-12,CO02,Attended
A-002762,2026-04-07,C-0169,W-12,CO01,Attended
A-002763,2026-04-07,C-0180,W-02,CH02,Attended
A-002764,2026-04-07,C-0188,W-04,HV01,Attended
A-002765,2026-04-07,C-0248,W-11,CO02,No-show
A-002766,2026-04-07,C-0271,W-03,CH02,Attended
A-002767,2026-04-07,C-0271,W-03,CH02,Attended
A-002768,2026-04-07,C-0289,W-12,CO02,Attended
A-002769,2026-04-07,C-0295,W-04,HV01,Attended
A-002770,2026-04-08,C-0006,W-12,CO02,Attended
A-002771,2026-04-08,C-0013,W-03,CH02,Attended
A-002772,2026-04-08,C-0035,W-12,CO02,No-show
A-002773,2026-04-08,C-0060,W-02,CH02,Attended
A-002774,2026-04-08,C-0080,W-11,CO02,Attended
A-002775,2026-04-08,C-0133,W-01,HV01,Attended
A-002776,2026-04-08,C-0164,W-02,HV01,Attended
A-002777,2026-04-08,C-0171,W-01,HV01,Cancelled
A-002778,2026-04-08,C-0200,W-11,CO02,Attended
A-002779,2026-04-08,C-0201,W-06,HV01,No-show
A-002780,2026-04-08,C-0219,W-04,CH02,Attended
A-002781,2026-04-08,C-0238,W-03,HV01,Cancelled
A-002782,2026-04-08,C-0246,W-02,HV01,No-show
A-002783,2026-04-08,C-0261,W-02,CH02,Attended
A-002784,2026-04-08,C-0271,W-02,HV01,Attended
A-002785,2026-04-08,C-0287,W-06,HV01,Attended
A-002786,2026-04-08,C-0292,W-02,HV01,Attended
A-002787,2026-04-08,C-0299,W-01,HV01,Attended
A-002788,2026-04-09,C-0037,W-11,CO01,Attended
A-002789,2026-04-09,C-0040,W-11,CO02,Attended
A-002790,2026-04-09,C-0043,W-05,CH02,Attended
A-002791,2026-04-09,C-0058,W-12,CO02,Attended
A-002792,2026-04-09,C-0071,W-02,CH02,Attended
A-002793,2026-04-09,C-0084,W-12,CO02,No-show
A-002794,2026-04-09,C-0088,W-06,HV01,Attended
A-002795,2026-04-09,C-0206,W-01,HV01,Attended
A-002796,2026-04-09,C-0222,W-06,HV01,Attended
A-002797,2026-04-09,C-0223,W-11,CO01,Attended
A-002798,2026-04-09,C-0279,W-02,HV01,Attended
A-002799,2026-04-09,C-0296,W-01,CH02,Attended
A-002800,2026-04-10,C-0026,W-06,CH02,Attended
A-002801,2026-04-10,C-0035,W-12,CO02,Attended
A-002802,2026-04-10,C-0057,W-05,HV01,Attended
A-002803,2026-04-10,C-0083,W-03,CH02,Attended
A-002804,2026-04-10,C-0102,W-05,HV01,Attended
A-002805,2026-04-10,C-0164,W-11,CO02,Attended
A-002806,2026-04-10,C-0208,W-04,CH02,Cancelled
A-002807,2026-04-10,C-0214,W-03,HV01,Attended
A-002808,2026-04-10,C-0234,W-12,CO01,No-show
A-002809,2026-04-10,C-0264,W-02,HV01,Attended
A-002810,2026-04-10,C-0296,W-11,CO02,Attended
A-002811,2026-04-10,C-0296,W-03,HV01,Attended
A-002812,2026-04-11,C-0008,W-11,CO01,Attended
A-002813,2026-04-11,C-0018,W-11,CO02,Attended
A-002814,2026-04-11,C-0028,W-04,CH02,Attended
A-002815,2026-04-11,C-0028,W-12,CO01,Attended
A-002816,2026-04-11,C-0040,W-12,CO01,Attended
A-002817,2026-04-11,C-0058,W-12,CO01,Attended
A-002818,2026-04-11,C-0101,W-06,HV01,Attended
A-002819,2026-04-11,C-0106,W-04,CH02,Attended
A-002820,2026-04-11,C-0106,W-05,HV01,Attended
A-002821,2026-04-11,C-0180,W-11,CO02,Cancelled
A-002822,2026-04-11,C-0188,W-01,CH02,Attended
A-002823,2026-04-11,C-0214,W-11,CO01,Attended
A-002824,2026-04-11,C-0246,W-11,CO01,Attended
A-002825,2026-04-11,C-0247,W-06,HV01,Attended
A-002826,2026-04-11,C-0256,W-11,CO01,Attended
A-002827,2026-04-11,C-0279,W-02,HV01,Attended
A-002828,2026-04-12,C-0097,W-05,HV01,Attended
A-002829,2026-04-12,C-0131,W-01,HV01,Attended
A-002830,2026-04-12,C-0133,W-02,HV01,Attended
A-002831,2026-04-12,C-0156,W-03,CH02,Attended
A-002832,2026-04-12,C-0191,W-12,CO02,Attended
A-002833,2026-04-12,C-0196,W-04,HV01,Attended
A-002834,2026-04-12,C-0205,W-02,HV01,Attended
A-002835,2026-04-12,C-0220,W-03,CH02,Attended
A-002836,2026-04-12,C-0231,W-02,HV01,Attended
A-002837,2026-04-12,C-0256,W-12,CO01,Attended
A-002838,2026-04-12,C-0294,W-05,HV01,Attended
A-002839,2026-04-12,C-0296,W-04,HV01,Attended
A-002840,2026-04-13,C-0026,W-12,CO01,Attended
A-002841,2026-04-13,C-0043,W-11,CO01,Attended
A-002842,2026-04-13,C-0056,W-05,CH02,Attended
A-002843,2026-04-13,C-0065,W-05,HV01,Attended
A-002844,2026-04-13,C-0097,W-02,HV01,Attended
A-002845,2026-04-13,C-0115,W-04,CH02,Attended
A-002846,2026-04-13,C-0141,W-11,CO02,Attended
A-002847,2026-04-13,C-0141,W-06,CH02,No-show
A-002848,2026-04-13,C-0151,W-04,HV01,Attended
A-002849,2026-04-13,C-0180,W-11,CO02,Attended
A-002850,2026-04-13,C-0181,W-02,HV01,Cancelled
A-002851,2026-04-13,C-0186,W-11,CO02,Attended
A-002852,2026-04-13,C-0206,W-11,CO02,Attended
A-002853,2026-04-13,C-0208,W-04,CH02,Attended
A-002854,2026-04-13,C-0219,W-12,CO01,No-show
A-002855,2026-04-13,C-0261,W-11,CO02,Attended
A-002856,2026-04-14,C-0021,W-05,CH02,Attended
A-002857,2026-04-14,C-0063,W-05,HV01,Attended
A-002858,2026-04-14,C-0092,W-02,HV01,Attended
A-002859,2026-04-14,C-0114,W-05,CH02,Attended
A-002860,2026-04-14,C-0191,W-04,HV01,Attended
A-002861,2026-04-14,C-0193,W-01,HV01,Cancelled
A-002862,2026-04-14,C-0197,W-11,CO02,Attended
A-002863,2026-04-14,C-0200,W-04,CH02,Attended
A-002864,2026-04-14,C-0257,W-06,HV01,Attended
A-002865,2026-04-15,C-0028,W-04,HV01,Cancelled
A-002866,2026-04-15,C-0063,W-01,HV01,Attended
A-002867,2026-04-15,C-0074,W-12,CO01,Attended
A-002868,2026-04-15,C-0080,W-11,CO02,Attended
A-002869,2026-04-15,C-0080,W-12,CO02,Cancelled
A-002870,2026-04-15,C-0102,W-12,CO02,Attended
A-002871,2026-04-15,C-0102,W-12,CO02,Attended
A-002872,2026-04-15,C-0130,W-02,CH02,Attended
A-002873,2026-04-15,C-0145,W-01,HV01,Attended
A-002874,2026-04-15,C-0169,W-05,CH02,Attended
A-002875,2026-04-15,C-0171,W-01,HV01,Attended
A-002876,2026-04-15,C-0214,W-02,HV01,No-show
A-002877,2026-04-15,C-0222,W-04,CH02,No-show
A-002878,2026-04-15,C-0227,W-12,CO02,Attended
A-002879,2026-04-15,C-0246,W-11,CO01,No-show
A-002880,2026-04-16,C-0057,W-12,CO02,Attended
A-002881,2026-04-16,C-0074,W-12,CO01,Attended
A-002882,2026-04-16,C-0106,W-04,CH02,Attended
A-002883,2026-04-16,C-0173,W-04,CH02,Attended
A-002884,2026-04-16,C-0181,W-04,HV01,Attended
A-002885,2026-04-16,C-0181,W-02,HV01,Attended
A-002886,2026-04-16,C-0191,W-05,CH02,Attended
A-002887,2026-04-16,C-0193,W-01,HV01,Attended
A-002888,2026-04-16,C-0207,W-05,CH02,Attended
A-002889,2026-04-16,C-0214,W-02,HV01,Attended
A-002890,2026-04-16,C-0223,W-02,HV01,Attended
A-002891,2026-04-16,C-0224,W-04,CH02,Attended
A-002892,2026-04-16,C-0255,W-11,CO02,Attended
A-002893,2026-04-16,C-0265,W-12,CO01,Attended
A-002894,2026-04-16,C-0278,W-03,HV01,Cancelled
A-002895,2026-04-17,C-0013,W-02,HV01,Attended
A-002896,2026-04-17,C-0028,W-04,HV01,Attended
A-002897,2026-04-17,C-0070,W-03,HV01,Attended
A-002898,2026-04-17,C-0099,W-05,CH02,Attended
A-002899,2026-04-17,C-0141,W-06,CH02,Attended
A-002900,2026-04-17,C-0178,W-02,HV01,Attended
A-002901,2026-04-17,C-0201,W-06,HV01,Attended
A-002902,2026-04-17,C-0214,W-02,HV01,Attended
A-002903,2026-04-17,C-0220,W-12,CO02,Attended
A-002904,2026-04-17,C-0238,W-03,HV01,Attended
A-002905,2026-04-17,C-0246,W-02,HV01,Attended
A-002906,2026-04-17,C-0248,W-11,CO02,Attended
A-002907,2026-04-17,C-0265,W-12,CO02,Attended
A-002908,2026-04-17,C-0279,W-04,CH02,Attended
A-002909,2026-04-17,C-0288,W-01,CH02,Attended
A-002910,2026-04-18,C-0024,W-02,HV01,Attended
A-002911,2026-04-18,C-0050,W-06,HV01,Attended
A-002912,2026-04-18,C-0147,W-04,HV01,Attended
A-002913,2026-04-18,C-0156,W-04,HV01,Attended
A-002914,2026-04-18,C-0167,W-11,CO01,Attended
A-002915,2026-04-18,C-0193,W-12,CO01,No-show
A-002916,2026-04-18,C-0223,W-12,CO01,Attended
A-002917,2026-04-18,C-0246,W-11,CO01,Attended
A-002918,2026-04-18,C-0265,W-04,CH02,Attended
A-002919,2026-04-19,C-0065,W-03,HV01,Attended
A-002920,2026-04-19,C-0084,W-12,CO02,Attended
A-002921,2026-04-19,C-0099,W-12,CO02,Cancelled
A-002922,2026-04-19,C-0115,W-01,CH02,No-show
A-002923,2026-04-19,C-0164,W-05,HV01,Attended
A-002924,2026-04-19,C-0174,W-04,CH02,Attended
A-002925,2026-04-19,C-0227,W-01,HV01,Cancelled
A-002926,2026-04-19,C-0264,W-06,HV01,Attended
A-002927,2026-04-19,C-0288,W-11,CO02,Attended
A-002928,2026-04-20,C-0024,W-04,HV01,Attended
A-002929,2026-04-20,C-0040,W-06,HV01,Attended
A-002930,2026-04-20,C-0060,W-01,HV01,Attended
A-002931,2026-04-20,C-0063,W-01,HV01,Attended
A-002932,2026-04-20,C-0080,W-12,CO02,Attended
A-002933,2026-04-20,C-0088,W-04,CH02,Attended
A-002934,2026-04-20,C-0095,W-11,CO02,Attended
A-002935,2026-04-20,C-0130,W-05,CH02,Attended
A-002936,2026-04-20,C-0180,W-06,CH02,Attended
A-002937,2026-04-20,C-0182,W-06,HV01,Attended
A-002938,2026-04-20,C-0219,W-12,CO01,Attended
A-002939,2026-04-20,C-0229,W-04,HV01,Attended
A-002940,2026-04-20,C-0234,W-12,CO01,Attended
A-002941,2026-04-20,C-0255,W-12,CO01,Attended
A-002942,2026-04-21,C-0014,W-03,CH02,Attended
A-002943,2026-04-21,C-0044,W-12,CO01,Attended
A-002944,2026-04-21,C-0063,W-11,CO01,Attended
A-002945,2026-04-21,C-0097,W-06,HV01,Attended
A-002946,2026-04-21,C-0097,W-01,HV01,Attended
A-002947,2026-04-21,C-0119,W-01,HV01,Attended
A-002948,2026-04-21,C-0126,W-03,HV01,Attended
A-002949,2026-04-21,C-0145,W-05,CH02,Attended
A-002950,2026-04-21,C-0157,W-11,CO01,Attended
A-002951,2026-04-21,C-0164,W-04,HV01,Attended
A-002952,2026-04-21,C-0167,W-02,CH02,Cancelled
A-002953,2026-04-21,C-0197,W-12,CO02,No-show
A-002954,2026-04-21,C-0228,W-05,CH02,Attended
A-002955,2026-04-21,C-0246,W-06,HV01,Attended
A-002956,2026-04-21,C-0248,W-11,CO02,Attended
A-002957,2026-04-21,C-0278,W-03,HV01,Attended
A-002958,2026-04-21,C-0298,W-06,HV01,No-show
A-002959,2026-04-22,C-0002,W-03,HV01,Attended
A-002960,2026-04-22,C-0138,W-12,CO01,Cancelled
A-002961,2026-04-22,C-0193,W-12,CO01,Attended
A-002962,2026-04-22,C-0204,W-05,HV01,Attended
A-002963,2026-04-22,C-0219,W-12,CO01,Attended
A-002964,2026-04-22,C-0223,W-11,CO01,Attended
A-002965,2026-04-22,C-0244,W-11,CO01,Attended
A-002966,2026-04-22,C-0255,W-05,CH02,Attended
A-002967,2026-04-23,C-0002,W-12,CO01,Cancelled
A-002968,2026-04-23,C-0006,W-03,HV01,Attended
A-002969,2026-04-23,C-0056,W-12,CO02,Attended
A-002970,2026-04-23,C-0057,W-01,HV01,Attended
A-002971,2026-04-23,C-0084,W-06,HV01,Attended
A-002972,2026-04-23,C-0086,W-02,HV01,Attended
A-002973,2026-04-23,C-0099,W-12,CO02,Attended
A-002974,2026-04-23,C-0103,W-06,CH02,Attended
A-002975,2026-04-23,C-0115,W-01,CH02,Attended
A-002976,2026-04-23,C-0126,W-05,HV01,Attended
A-002977,2026-04-23,C-0130,W-11,CO01,Attended
A-002978,2026-04-23,C-0133,W-02,CH02,Attended
A-002979,2026-04-23,C-0138,W-01,HV01,Attended
A-002980,2026-04-23,C-0161,W-01,CH02,Attended
A-002981,2026-04-23,C-0180,W-06,CH02,Attended
A-002982,2026-04-23,C-0194,W-11,CO02,Attended
A-002983,2026-04-23,C-0204,W-11,CO02,Attended
A-002984,2026-04-23,C-0222,W-04,CH02,Attended
A-002985,2026-04-23,C-0223,W-01,CH02,Cancelled
A-002986,2026-04-23,C-0223,W-12,CO01,No-show
A-002987,2026-04-23,C-0228,W-12,CO01,Attended
A-002988,2026-04-23,C-0236,W-03,HV01,Attended
A-002989,2026-04-23,C-0246,W-12,CO01,Attended
A-002990,2026-04-23,C-0273,W-01,CH02,Attended
A-002991,2026-04-23,C-0279,W-02,HV01,Attended
A-002992,2026-04-23,C-0298,W-06,HV01,Attended
A-002993,2026-04-24,C-0074,W-03,HV01,Attended
A-002994,2026-04-24,C-0095,W-11,CO01,Attended
A-002995,2026-04-24,C-0130,W-04,CH02,Attended
A-002996,2026-04-24,C-0156,W-06,HV01,Attended
A-002997,2026-04-24,C-0167,W-02,CH02,Attended
A-002998,2026-04-24,C-0201,W-03,HV01,Attended
A-002999,2026-04-24,C-0231,W-03,CH02,Attended
A-003000,2026-04-24,C-0231,W-04,HV01,Attended
A-003001,2026-04-25,C-0012,W-05,HV01,Attended
A-003002,2026-04-25,C-0026,W-01,CH02,No-show
A-003003,2026-04-25,C-0042,W-12,CO01,Attended
A-003004,2026-04-25,C-0046,W-06,HV01,Attended
A-003005,2026-04-25,C-0069,W-11,CO02,Attended
A-003006,2026-04-25,C-0091,W-05,CH02,No-show
A-003007,2026-04-25,C-0096,W-02,CH02,No-show
A-003008,2026-04-25,C-0189,W-12,CO01,Attended
A-003009,2026-04-25,C-0197,W-12,CO02,Attended
A-003010,2026-04-25,C-0223,W-12,CO01,Attended
A-003011,2026-04-25,C-0227,W-01,HV01,Attended
A-003012,2026-04-25,C-0257,W-03,HV01,Attended
A-003013,2026-04-25,C-0294,W-11,CO01,No-show
A-003014,2026-04-26,C-0002,W-12,CO01,Attended
A-003015,2026-04-26,C-0010,W-11,CO02,No-show
A-003016,2026-04-26,C-0060,W-02,CH02,Attended
A-003017,2026-04-26,C-0086,W-01,HV01,Attended
A-003018,2026-04-26,C-0097,W-02,CH02,Attended
A-003019,2026-04-26,C-0131,W-11,CO01,Cancelled
A-003020,2026-04-26,C-0154,W-05,CH02,Attended
A-003021,2026-04-26,C-0173,W-05,HV01,Attended
A-003022,2026-04-26,C-0197,W-05,HV01,Cancelled
A-003023,2026-04-26,C-0201,W-01,HV01,Cancelled
A-003024,2026-04-26,C-0256,W-12,CO02,Attended
A-003025,2026-04-26,C-0264,W-03,CH02,No-show
A-003026,2026-04-26,C-0287,W-11,CO02,Attended
A-003027,2026-04-27,C-0012,W-11,CO02,Attended
A-003028,2026-04-27,C-0035,W-12,CO02,Attended
A-003029,2026-04-27,C-0037,W-11,CO01,Cancelled
A-003030,2026-04-27,C-0086,W-05,HV01,Attended
A-003031,2026-04-27,C-0086,W-02,HV01,No-show
A-003032,2026-04-27,C-0129,W-02,CH02,Attended
A-003033,2026-04-27,C-0129,W-05,CH02,Attended
A-003034,2026-04-27,C-0138,W-12,CO01,Attended
A-003035,2026-04-27,C-0188,W-04,HV01,Attended
A-003036,2026-04-27,C-0197,W-12,CO01,Attended
A-003037,2026-04-27,C-0197,W-12,CO01,No-show
A-003038,2026-04-27,C-0216,W-01,HV01,Attended
A-003039,2026-04-27,C-0220,W-03,HV01,Attended
A-003040,2026-04-27,C-0228,W-12,CO01,Attended
A-003041,2026-04-27,C-0287,W-12,CO01,Attended
A-003042,2026-04-28,C-0018,W-02,HV01,Attended
A-003043,2026-04-28,C-0041,W-06,HV01,No-show
A-003044,2026-04-28,C-0074,W-12,CO02,Cancelled
A-003045,2026-04-28,C-0130,W-05,HV01,No-show
A-003046,2026-04-28,C-0131,W-11,CO01,Attended
A-003047,2026-04-28,C-0160,W-05,HV01,Attended
A-003048,2026-04-28,C-0191,W-11,CO02,Attended
A-003049,2026-04-28,C-0212,W-02,HV01,Attended
A-003050,2026-04-28,C-0229,W-11,CO01,Attended
A-003051,2026-04-28,C-0231,W-02,HV01,Attended
A-003052,2026-04-28,C-0264,W-03,CH02,Attended
A-003053,2026-04-28,C-0279,W-05,CH02,Attended
A-003054,2026-04-29,C-0012,W-12,CO02,No-show
A-003055,2026-04-29,C-0018,W-02,HV01,Attended
A-003056,2026-04-29,C-0034,W-06,HV01,Attended
A-003057,2026-04-29,C-0048,W-01,HV01,Attended
A-003058,2026-04-29,C-0088,W-04,CH02,Attended
A-003059,2026-04-29,C-0216,W-12,CO01,Attended
A-003060,2026-04-29,C-0222,W-02,CH02,Attended
A-003061,2026-04-29,C-0261,W-02,CH02,Attended
A-003062,2026-04-29,C-0294,W-12,CO02,Attended
A-003063,2026-04-30,C-0048,W-01,CH02,Attended
A-003064,2026-04-30,C-0058,W-06,CH02,Attended
A-003065,2026-04-30,C-0119,W-06,HV01,Attended
A-003066,2026-04-30,C-0133,W-02,HV01,No-show
A-003067,2026-04-30,C-0151,W-01,CH02,Attended
A-003068,2026-04-30,C-0223,W-01,CH02,Attended
A-003069,2026-04-30,C-0223,W-11,CO01,Cancelled
A-003070,2026-04-30,C-0257,W-01,HV01,Attended
A-003071,2026-05-01,C-0035,W-12,CO02,Attended
A-003072,2026-05-01,C-0042,W-01,CH02,Attended
A-003073,2026-05-01,C-0082,W-05,HV01,Cancelled
A-003074,2026-05-01,C-0091,W-04,CH02,Attended
A-003075,2026-05-01,C-0130,W-05,CH02,Attended
A-003076,2026-05-01,C-0174,W-12,CO02,Attended
A-003077,2026-05-01,C-0201,W-01,HV01,Attended
A-003078,2026-05-01,C-0219,W-06,CH02,Attended
A-003079,2026-05-01,C-0231,W-12,CO01,Attended
A-003080,2026-05-02,C-0007,W-01,HV01,Attended
A-003081,2026-05-02,C-0041,W-06,HV01,Attended
A-003082,2026-05-02,C-0042,W-12,CO01,Attended
A-003083,2026-05-02,C-0057,W-03,HV01,Attended
A-003084,2026-05-02,C-0063,W-12,CO02,Attended
A-003085,2026-05-02,C-0070,W-11,CO01,Attended
A-003086,2026-05-02,C-0098,W-11,CO02,Attended
A-003087,2026-05-02,C-0103,W-05,CH02,Attended
A-003088,2026-05-02,C-0138,W-06,CH02,Attended
A-003089,2026-05-02,C-0152,W-03,HV01,Attended
A-003090,2026-05-02,C-0159,W-05,CH02,Attended
A-003091,2026-05-02,C-0164,W-12,CO02,No-show
A-003092,2026-05-02,C-0183,W-04,HV01,Attended
A-003093,2026-05-02,C-0191,W-03,CH02,Attended
A-003094,2026-05-02,C-0194,W-04,HV01,Attended
A-003095,2026-05-02,C-0207,W-03,HV01,Attended
A-003096,2026-05-02,C-0223,W-12,CO01,Attended
A-003097,2026-05-02,C-0256,W-12,CO01,Attended
A-003098,2026-05-03,C-0007,W-01,HV01,Cancelled
A-003099,2026-05-03,C-0010,W-11,CO02,Attended
A-003100,2026-05-03,C-0012,W-06,CH02,Attended
A-003101,2026-05-03,C-0082,W-05,HV01,Attended
A-003102,2026-05-03,C-0091,W-05,CH02,Attended
A-003103,2026-05-03,C-0092,W-12,CO02,No-show
A-003104,2026-05-03,C-0128,W-12,CO01,Attended
A-003105,2026-05-03,C-0133,W-02,HV01,Attended
A-003106,2026-05-03,C-0145,W-04,CH02,Attended
A-003107,2026-05-03,C-0182,W-03,HV01,Attended
A-003108,2026-05-03,C-0197,W-05,HV01,Attended
A-003109,2026-05-03,C-0223,W-03,HV01,Attended
A-003110,2026-05-03,C-0246,W-12,CO01,Attended
A-003111,2026-05-03,C-0287,W-11,CO02,Attended
A-003112,2026-05-03,C-0294,W-11,CO01,Attended
A-003113,2026-05-04,C-0026,W-01,CH02,Attended
A-003114,2026-05-04,C-0041,W-12,CO01,Attended
A-003115,2026-05-04,C-0042,W-06,CH02,Attended
A-003116,2026-05-04,C-0060,W-04,CH02,Cancelled
A-003117,2026-05-04,C-0074,W-12,CO02,Attended
A-003118,2026-05-04,C-0080,W-11,CO02,Attended
A-003119,2026-05-04,C-0086,W-02,HV01,Attended
A-003120,2026-05-04,C-0092,W-12,CO01,Attended
A-003121,2026-05-04,C-0131,W-04,HV01,Attended
A-003122,2026-05-04,C-0164,W-11,CO02,Attended
A-003123,2026-05-04,C-0164,W-02,CH02,No-show
A-003124,2026-05-04,C-0246,W-12,CO01,Attended
A-003125,2026-05-04,C-0256,W-12,CO01,Attended
A-003126,2026-05-05,C-0016,W-06,HV01,No-show
A-003127,2026-05-05,C-0091,W-11,CO02,Attended
A-003128,2026-05-05,C-0095,W-01,CH02,Attended
A-003129,2026-05-05,C-0096,W-02,CH02,Attended
A-003130,2026-05-05,C-0133,W-12,CO02,Attended
A-003131,2026-05-05,C-0147,W-06,HV01,Attended
A-003132,2026-05-05,C-0186,W-12,CO01,Attended
A-003133,2026-05-05,C-0189,W-11,CO01,Attended
A-003134,2026-05-05,C-0197,W-04,HV01,Attended
A-003135,2026-05-05,C-0208,W-05,HV01,Cancelled
A-003136,2026-05-05,C-0216,W-06,CH02,Attended
A-003137,2026-05-05,C-0219,W-02,CH02,Attended
A-003138,2026-05-05,C-0247,W-01,HV01,Attended
A-003139,2026-05-05,C-0247,W-04,CH02,Attended
A-003140,2026-05-06,C-0002,W-11,CO01,No-show
A-003141,2026-05-06,C-0008,W-11,CO01,Attended
A-003142,2026-05-06,C-0012,W-12,CO02,Attended
A-003143,2026-05-06,C-0037,W-11,CO01,Attended
A-003144,2026-05-06,C-0087,W-12,CO01,Attended
A-003145,2026-05-06,C-0101,W-03,CH02,Attended
A-003146,2026-05-06,C-0138,W-03,CH02,Attended
A-003147,2026-05-06,C-0141,W-04,CH02,Attended
A-003148,2026-05-06,C-0146,W-01,HV01,Attended
A-003149,2026-05-06,C-0172,W-03,HV01,Attended
A-003150,2026-05-06,C-0183,W-03,HV01,Attended
A-003151,2026-05-06,C-0206,W-12,CO01,Attended
A-003152,2026-05-06,C-0212,W-02,HV01,Attended
A-003153,2026-05-06,C-0227,W-11,CO02,Attended
A-003154,2026-05-06,C-0238,W-05,CH02,Attended
A-003155,2026-05-06,C-0245,W-11,CO01,Attended
A-003156,2026-05-06,C-0246,W-02,CH02,Attended
A-003157,2026-05-06,C-0292,W-11,CO02,Attended
A-003158,2026-05-07,C-0010,W-11,CO02,Attended
A-003159,2026-05-07,C-0016,W-03,HV01,Attended
A-003160,2026-05-07,C-0060,W-11,CO02,Attended
A-003161,2026-05-07,C-0097,W-06,CH02,Attended
A-003162,2026-05-07,C-0132,W-06,HV01,Attended
A-003163,2026-05-07,C-0167,W-12,CO01,Attended
A-003164,2026-05-07,C-0174,W-06,HV01,Attended
A-003165,2026-05-07,C-0197,W-12,CO01,Attended
A-003166,2026-05-07,C-0216,W-06,HV01,Attended
A-003167,2026-05-07,C-0217,W-06,HV01,Attended
A-003168,2026-05-07,C-0220,W-06,HV01,Attended
A-003169,2026-05-08,C-0042,W-11,CO01,Attended
A-003170,2026-05-08,C-0071,W-04,CH02,Attended
A-003171,2026-05-08,C-0099,W-05,CH02,Attended
A-003172,2026-05-08,C-0102,W-04,CH02,Attended
A-003173,2026-05-08,C-0130,W-05,HV01,Attended
A-003174,2026-05-08,C-0133,W-01,CH02,Cancelled
A-003175,2026-05-08,C-0168,W-01,CH02,Attended
A-003176,2026-05-08,C-0173,W-11,CO02,Attended
A-003177,2026-05-08,C-0206,W-12,CO01,Attended
A-003178,2026-05-08,C-0223,W-05,HV01,Attended
A-003179,2026-05-08,C-0231,W-02,CH02,No-show
A-003180,2026-05-08,C-0238,W-11,CO02,Attended
A-003181,2026-05-08,C-0279,W-02,CH02,Attended
A-003182,2026-05-09,C-0002,W-11,CO01,Attended
A-003183,2026-05-09,C-0016,W-06,HV01,Attended
A-003184,2026-05-09,C-0018,W-12,CO02,Attended
A-003185,2026-05-09,C-0024,W-04,HV01,Attended
A-003186,2026-05-09,C-0043,W-04,CH02,Attended
A-003187,2026-05-09,C-0056,W-04,CH02,Attended
A-003188,2026-05-09,C-0065,W-12,CO01,Cancelled
A-003189,2026-05-09,C-0168,W-01,CH02,Attended
A-003190,2026-05-09,C-0187,W-02,HV01,Attended
A-003191,2026-05-09,C-0197,W-04,HV01,Attended
A-003192,2026-05-09,C-0205,W-11,CO01,Attended
A-003193,2026-05-09,C-0207,W-03,HV01,Cancelled
A-003194,2026-05-09,C-0241,W-12,CO02,Attended
A-003195,2026-05-09,C-0248,W-11,CO02,Attended
A-003196,2026-05-09,C-0287,W-01,HV01,Attended
A-003197,2026-05-09,C-0300,W-02,CH02,Cancelled
A-003198,2026-05-10,C-0018,W-12,CO02,Attended
A-003199,2026-05-10,C-0018,W-02,CH02,Attended
A-003200,2026-05-10,C-0024,W-01,HV01,Attended
A-003201,2026-05-10,C-0041,W-11,CO02,Attended
A-003202,2026-05-10,C-0065,W-05,CH02,Attended
A-003203,2026-05-10,C-0092,W-12,CO02,Attended
A-003204,2026-05-10,C-0133,W-01,CH02,Attended
A-003205,2026-05-10,C-0164,W-12,CO02,Attended
A-003206,2026-05-10,C-0207,W-03,HV01,Attended
A-003207,2026-05-10,C-0220,W-05,HV01,Attended
A-003208,2026-05-10,C-0223,W-11,CO01,Attended
A-003209,2026-05-10,C-0231,W-02,CH02,Attended
A-003210,2026-05-10,C-0238,W-05,CH02,Attended
A-003211,2026-05-10,C-0256,W-11,CO01,Attended
A-003212,2026-05-10,C-0297,W-11,CO02,Attended
A-003213,2026-05-11,C-0007,W-01,HV01,Attended
A-003214,2026-05-11,C-0065,W-12,CO01,Attended
A-003215,2026-05-11,C-0095,W-05,CH02,Attended
A-003216,2026-05-11,C-0114,W-05,HV01,Attended
A-003217,2026-05-11,C-0119,W-04,HV01,Attended
A-003218,2026-05-11,C-0197,W-12,CO02,Attended
A-003219,2026-05-11,C-0231,W-05,HV01,Attended
A-003220,2026-05-11,C-0246,W-11,CO02,Attended
A-003221,2026-05-11,C-0261,W-03,HV01,Attended
A-003222,2026-05-11,C-0265,W-11,CO02,Attended
A-003223,2026-05-11,C-0278,W-12,CO01,Attended
A-003224,2026-05-11,C-0294,W-12,CO01,Attended
A-003225,2026-05-12,C-0016,W-04,HV01,Attended
A-003226,2026-05-12,C-0041,W-11,CO02,Attended
A-003227,2026-05-12,C-0047,W-04,HV01,Attended
A-003228,2026-05-12,C-0060,W-04,CH02,Attended
A-003229,2026-05-12,C-0086,W-03,HV01,Attended
A-003230,2026-05-12,C-0103,W-03,HV01,Attended
A-003231,2026-05-12,C-0131,W-11,CO02,Attended
A-003232,2026-05-12,C-0146,W-11,CO02,Attended
A-003233,2026-05-12,C-0189,W-11,CO01,Attended
A-003234,2026-05-12,C-0197,W-02,CH02,Attended
A-003235,2026-05-12,C-0206,W-11,CO02,No-show
A-003236,2026-05-12,C-0207,W-02,CH02,Attended
A-003237,2026-05-12,C-0214,W-03,CH02,Attended
A-003238,2026-05-12,C-0222,W-04,HV01,Attended
A-003239,2026-05-12,C-0287,W-11,CO02,Attended
A-003240,2026-05-13,C-0011,W-04,CH02,Attended
A-003241,2026-05-13,C-0016,W-04,HV01,Attended
A-003242,2026-05-13,C-0034,W-02,HV01,No-show
A-003243,2026-05-13,C-0101,W-12,CO01,Attended
A-003244,2026-05-13,C-0128,W-06,CH02,Attended
A-003245,2026-05-13,C-0201,W-02,HV01,Attended
A-003246,2026-05-13,C-0238,W-03,CH02,Attended
A-003247,2026-05-13,C-0248,W-01,CH02,Attended
A-003248,2026-05-13,C-0300,W-12,CO01,Attended
A-003249,2026-05-14,C-0042,W-06,CH02,Attended
A-003250,2026-05-14,C-0101,W-12,CO01,Attended
A-003251,2026-05-14,C-0101,W-02,HV01,Attended
A-003252,2026-05-14,C-0157,W-11,CO02,Attended
A-003253,2026-05-14,C-0164,W-02,CH02,Attended
A-003254,2026-05-14,C-0171,W-02,CH02,Attended
A-003255,2026-05-14,C-0180,W-11,CO02,Attended
A-003256,2026-05-14,C-0207,W-03,HV01,Attended
A-003257,2026-05-14,C-0208,W-05,HV01,Attended
A-003258,2026-05-14,C-0246,W-04,HV01,Attended
A-003259,2026-05-14,C-0246,W-06,CH02,Attended
A-003260,2026-05-14,C-0278,W-01,CH02,Attended
A-003261,2026-05-15,C-0016,W-02,HV01,Cancelled
A-003262,2026-05-15,C-0055,W-01,CH02,Attended
A-003263,2026-05-15,C-0130,W-01,CH02,Cancelled
A-003264,2026-05-15,C-0148,W-03,HV01,Cancelled
A-003265,2026-05-15,C-0204,W-02,HV01,Attended
A-003266,2026-05-15,C-0207,W-12,CO01,Attended
A-003267,2026-05-15,C-0224,W-06,HV01,Attended
A-003268,2026-05-15,C-0246,W-01,CH02,Attended
A-003269,2026-05-15,C-0277,W-12,CO02,No-show
A-003270,2026-05-15,C-0287,W-12,CO01,Attended
A-003271,2026-05-16,C-0011,W-05,HV01,Attended
A-003272,2026-05-16,C-0026,W-02,CH02,Attended
A-003273,2026-05-16,C-0057,W-05,HV01,Attended
A-003274,2026-05-16,C-0103,W-12,CO02,Attended
A-003275,2026-05-16,C-0110,W-03,HV01,Attended
A-003276,2026-05-16,C-0126,W-06,CH02,Attended
A-003277,2026-05-16,C-0146,W-02,CH02,Cancelled
A-003278,2026-05-16,C-0187,W-11,CO02,Attended
A-003279,2026-05-16,C-0189,W-12,CO01,Attended
A-003280,2026-05-16,C-0208,W-06,CH02,Attended
A-003281,2026-05-16,C-0208,W-12,CO01,Attended
A-003282,2026-05-16,C-0223,W-11,CO01,Attended
A-003283,2026-05-16,C-0256,W-12,CO02,Attended
A-003284,2026-05-16,C-0300,W-04,HV01,Attended
A-003285,2026-05-17,C-0034,W-02,HV01,Attended
A-003286,2026-05-17,C-0044,W-12,CO01,Attended
A-003287,2026-05-17,C-0133,W-11,CO02,Attended
A-003288,2026-05-17,C-0164,W-12,CO02,Attended
A-003289,2026-05-17,C-0164,W-05,CH02,Attended
A-003290,2026-05-17,C-0193,W-05,CH02,Attended
A-003291,2026-05-17,C-0196,W-06,HV01,No-show
A-003292,2026-05-17,C-0212,W-02,HV01,No-show
A-003293,2026-05-17,C-0223,W-12,CO02,Attended
A-003294,2026-05-17,C-0224,W-04,CH02,Attended
A-003295,2026-05-17,C-0245,W-01,HV01,Attended
A-003296,2026-05-17,C-0273,W-02,CH02,Attended
A-003297,2026-05-17,C-0279,W-01,HV01,Attended
A-003298,2026-05-17,C-0296,W-11,CO01,Attended
A-003299,2026-05-17,C-0300,W-02,CH02,Attended
A-003300,2026-05-18,C-0065,W-04,CH02,Attended
A-003301,2026-05-18,C-0106,W-01,HV01,Attended
A-003302,2026-05-18,C-0106,W-03,HV01,Attended
A-003303,2026-05-18,C-0115,W-06,CH02,Attended
A-003304,2026-05-18,C-0186,W-12,CO01,Attended
A-003305,2026-05-18,C-0196,W-04,CH02,Attended
A-003306,2026-05-18,C-0197,W-11,CO02,Attended
A-003307,2026-05-18,C-0205,W-11,CO01,Attended
A-003308,2026-05-18,C-0208,W-06,HV01,Attended
A-003309,2026-05-18,C-0217,W-02,CH02,No-show
A-003310,2026-05-18,C-0227,W-12,CO02,Attended
A-003311,2026-05-18,C-0270,W-05,CH02,Attended
A-003312,2026-05-18,C-0278,W-06,CH02,Attended
A-003313,2026-05-18,C-0295,W-01,HV01,Attended
A-003314,2026-05-18,C-0296,W-12,CO01,Attended
A-003315,2026-05-19,C-0014,W-03,HV01,Attended
A-003316,2026-05-19,C-0037,W-11,CO02,Attended
A-003317,2026-05-19,C-0040,W-06,HV01,Attended
A-003318,2026-05-19,C-0123,W-05,HV01,No-show
A-003319,2026-05-19,C-0129,W-01,CH02,Attended
A-003320,2026-05-19,C-0129,W-12,CO02,Attended
A-003321,2026-05-19,C-0186,W-12,CO02,Attended
A-003322,2026-05-19,C-0189,W-11,CO01,Attended
A-003323,2026-05-19,C-0195,W-06,CH02,No-show
A-003324,2026-05-19,C-0197,W-11,CO01,Attended
A-003325,2026-05-19,C-0217,W-04,HV01,Attended
A-003326,2026-05-19,C-0246,W-01,HV01,Attended
A-003327,2026-05-19,C-0294,W-05,HV01,Attended
A-003328,2026-05-19,C-0296,W-01,CH02,Attended
A-003329,2026-05-19,C-0297,W-11,CO02,Attended
A-003330,2026-05-20,C-0006,W-03,CH02,Attended
A-003331,2026-05-20,C-0011,W-11,CO02,Cancelled
A-003332,2026-05-20,C-0095,W-04,HV01,No-show
A-003333,2026-05-20,C-0103,W-11,CO01,Attended
A-003334,2026-05-20,C-0128,W-12,CO02,Cancelled
A-003335,2026-05-20,C-0182,W-11,CO01,Attended
A-003336,2026-05-20,C-0212,W-02,HV01,Attended
A-003337,2026-05-20,C-0264,W-05,CH02,Attended
A-003338,2026-05-21,C-0016,W-02,HV01,Attended
A-003339,2026-05-21,C-0055,W-05,HV01,Attended
A-003340,2026-05-21,C-0057,W-04,CH02,Attended
A-003341,2026-05-21,C-0069,W-11,CO02,Attended
A-003342,2026-05-21,C-0074,W-03,HV01,Attended
A-003343,2026-05-21,C-0087,W-11,CO02,Attended
A-003344,2026-05-21,C-0096,W-03,CH02,Attended
A-003345,2026-05-21,C-0119,W-01,HV01,Attended
A-003346,2026-05-21,C-0147,W-02,HV01,Attended
A-003347,2026-05-21,C-0151,W-02,CH02,Attended
A-003348,2026-05-21,C-0173,W-05,HV01,Attended
A-003349,2026-05-21,C-0196,W-06,HV01,Attended
A-003350,2026-05-21,C-0206,W-11,CO02,Attended
A-003351,2026-05-21,C-0244,W-12,CO01,No-show
A-003352,2026-05-21,C-0265,W-05,HV01,Attended
A-003353,2026-05-22,C-0034,W-01,HV01,Attended
A-003354,2026-05-22,C-0042,W-01,CH02,No-show
A-003355,2026-05-22,C-0088,W-05,HV01,Attended
A-003356,2026-05-22,C-0130,W-01,CH02,Attended
A-003357,2026-05-22,C-0152,W-04,HV01,Attended
A-003358,2026-05-22,C-0178,W-03,CH02,Attended
A-003359,2026-05-22,C-0178,W-11,CO02,Attended
A-003360,2026-05-22,C-0197,W-12,CO01,Attended
A-003361,2026-05-22,C-0261,W-11,CO02,Attended
A-003362,2026-05-23,C-0092,W-11,CO02,Attended
A-003363,2026-05-23,C-0101,W-12,CO01,Attended
A-003364,2026-05-23,C-0106,W-01,HV01,Attended
A-003365,2026-05-23,C-0110,W-12,CO01,Attended
A-003366,2026-05-23,C-0126,W-02,CH02,Attended
A-003367,2026-05-23,C-0131,W-12,CO02,No-show
A-003368,2026-05-23,C-0146,W-02,CH02,Attended
A-003369,2026-05-23,C-0147,W-11,CO01,Cancelled
A-003370,2026-05-23,C-0181,W-12,CO02,Attended
A-003371,2026-05-23,C-0200,W-04,CH02,Attended
A-003372,2026-05-23,C-0217,W-02,CH02,Attended
A-003373,2026-05-23,C-0241,W-06,HV01,No-show
A-003374,2026-05-23,C-0248,W-01,HV01,Attended
A-003375,2026-05-23,C-0248,W-12,CO02,Attended
A-003376,2026-05-23,C-0273,W-11,CO01,No-show
A-003377,2026-05-23,C-0289,W-02,HV01,No-show
A-003378,2026-05-23,C-0295,W-02,CH02,Attended
A-003379,2026-05-23,C-0297,W-02,CH02,Attended
A-003380,2026-05-24,C-0011,W-11,CO02,Attended
A-003381,2026-05-24,C-0047,W-12,CO02,Attended
A-003382,2026-05-24,C-0114,W-01,CH02,Attended
A-003383,2026-05-24,C-0123,W-05,HV01,Attended
A-003384,2026-05-24,C-0146,W-04,CH02,Attended
A-003385,2026-05-24,C-0174,W-06,HV01,Attended
A-003386,2026-05-24,C-0245,W-02,HV01,Attended
A-003387,2026-05-24,C-0261,W-04,HV01,Attended
A-003388,2026-05-25,C-0086,W-04,HV01,Attended
A-003389,2026-05-25,C-0095,W-04,HV01,Attended
A-003390,2026-05-25,C-0095,W-12,CO02,Attended
A-003391,2026-05-25,C-0131,W-12,CO02,Attended
A-003392,2026-05-25,C-0148,W-03,HV01,Attended
A-003393,2026-05-25,C-0161,W-01,HV01,Attended
A-003394,2026-05-25,C-0205,W-01,CH02,No-show
A-003395,2026-05-25,C-0216,W-01,HV01,Attended
A-003396,2026-05-25,C-0238,W-03,CH02,Attended
A-003397,2026-05-25,C-0265,W-03,HV01,Cancelled
A-003398,2026-05-25,C-0277,W-12,CO02,Attended
A-003399,2026-05-25,C-0300,W-12,CO01,Attended
A-003400,2026-05-26,C-0012,W-03,CH02,Attended
A-003401,2026-05-26,C-0014,W-05,HV01,Attended
A-003402,2026-05-26,C-0035,W-12,CO01,Attended
A-003403,2026-05-26,C-0044,W-11,CO02,Attended
A-003404,2026-05-26,C-0106,W-03,CH02,No-show
A-003405,2026-05-26,C-0114,W-02,CH02,Attended
A-003406,2026-05-26,C-0186,W-12,CO01,Attended
A-003407,2026-05-26,C-0193,W-11,CO02,Attended
A-003408,2026-05-26,C-0195,W-06,CH02,Attended
A-003409,2026-05-26,C-0235,W-11,CO01,Attended
A-003410,2026-05-26,C-0244,W-12,CO01,Attended
A-003411,2026-05-26,C-0247,W-03,CH02,Attended
A-003412,2026-05-26,C-0270,W-05,HV01,Attended
A-003413,2026-05-26,C-0289,W-02,HV01,Attended
A-003414,2026-05-27,C-0055,W-11,CO01,Attended
A-003415,2026-05-27,C-0088,W-03,HV01,Attended
A-003416,2026-05-27,C-0092,W-11,CO01,No-show
A-003417,2026-05-27,C-0095,W-02,CH02,No-show
A-003418,2026-05-27,C-0104,W-01,HV01,Attended
A-003419,2026-05-27,C-0131,W-02,HV01,Attended
A-003420,2026-05-27,C-0157,W-03,HV01,Attended
A-003421,2026-05-27,C-0187,W-11,CO01,Attended
A-003422,2026-05-27,C-0241,W-06,HV01,Attended
A-003423,2026-05-27,C-0255,W-01,CH02,Attended
A-003424,2026-05-27,C-0265,W-11,CO02,Attended
A-003425,2026-05-27,C-0273,W-12,CO02,No-show
A-003426,2026-05-27,C-0287,W-11,CO01,Attended
A-003427,2026-05-28,C-0012,W-01,HV01,Cancelled
A-003428,2026-05-28,C-0014,W-05,HV01,Attended
A-003429,2026-05-28,C-0026,W-04,CH02,Attended
A-003430,2026-05-28,C-0041,W-12,CO02,Attended
A-003431,2026-05-28,C-0041,W-01,HV01,Attended
A-003432,2026-05-28,C-0048,W-11,CO01,Attended
A-003433,2026-05-28,C-0057,W-12,CO01,Attended
A-003434,2026-05-28,C-0120,W-04,HV01,Attended
A-003435,2026-05-28,C-0189,W-11,CO02,Attended
A-003436,2026-05-28,C-0222,W-06,CH02,Attended
A-003437,2026-05-28,C-0265,W-03,HV01,Attended
A-003438,2026-05-28,C-0273,W-11,CO01,Attended
A-003439,2026-05-28,C-0287,W-11,CO01,Attended
A-003440,2026-05-28,C-0295,W-11,CO01,Attended
A-003441,2026-05-29,C-0011,W-04,HV01,No-show
A-003442,2026-05-29,C-0021,W-03,CH02,Attended
A-003443,2026-05-29,C-0041,W-11,CO02,Attended
A-003444,2026-05-29,C-0042,W-01,CH02,Attended
A-003445,2026-05-29,C-0063,W-01,HV01,No-show
A-003446,2026-05-29,C-0128,W-12,CO02,Attended
A-003447,2026-05-29,C-0131,W-11,CO01,No-show
A-003448,2026-05-29,C-0134,W-06,CH02,Attended
A-003449,2026-05-29,C-0147,W-11,CO01,Attended
A-003450,2026-05-29,C-0163,W-02,HV01,Attended
A-003451,2026-05-29,C-0186,W-12,CO01,Attended
A-003452,2026-05-29,C-0200,W-12,CO02,Attended
A-003453,2026-05-29,C-0245,W-12,CO01,Attended
A-003454,2026-05-29,C-0265,W-12,CO01,No-show
A-003455,2026-05-29,C-0273,W-12,CO02,Attended
A-003456,2026-05-30,C-0002,W-03,CH02,Attended
A-003457,2026-05-30,C-0026,W-12,CO01,Attended
A-003458,2026-05-30,C-0034,W-03,CH02,Attended
A-003459,2026-05-30,C-0043,W-03,HV01,Attended
A-003460,2026-05-30,C-0063,W-05,HV01,Attended
A-003461,2026-05-30,C-0095,W-02,CH02,Attended
A-003462,2026-05-30,C-0148,W-06,HV01,Cancelled
A-003463,2026-05-30,C-0179,W-11,CO01,No-show
A-003464,2026-05-30,C-0189,W-12,CO01,Attended
A-003465,2026-05-30,C-0204,W-04,CH02,Attended
A-003466,2026-05-30,C-0204,W-11,CO01,Attended
A-003467,2026-05-30,C-0245,W-04,CH02,No-show
A-003468,2026-05-30,C-0256,W-12,CO01,Attended
A-003469,2026-05-31,C-0034,W-05,CH02,Attended
A-003470,2026-05-31,C-0087,W-06,CH02,Attended
A-003471,2026-05-31,C-0114,W-02,HV01,Attended
A-003472,2026-05-31,C-0115,W-01,HV01,Attended
A-003473,2026-05-31,C-0126,W-06,HV01,Attended
A-003474,2026-05-31,C-0131,W-11,CO01,Attended
A-003475,2026-05-31,C-0172,W-04,HV01,Attended
A-003476,2026-05-31,C-0186,W-12,CO01,Cancelled
A-003477,2026-05-31,C-0186,W-12,CO02,Cancelled
A-003478,2026-05-31,C-0238,W-03,CH02,Attended
A-003479,2026-06-01,C-0024,W-12,CO02,Attended
A-003480,2026-06-01,C-0026,W-05,CH02,Cancelled
A-003481,2026-06-01,C-0037,W-11,CO02,Cancelled
A-003482,2026-06-01,C-0042,W-11,CO01,Attended
A-003483,2026-06-01,C-0092,W-11,CO01,Attended
A-003484,2026-06-01,C-0097,W-04,HV01,No-show
A-003485,2026-06-01,C-0106,W-03,CH02,Attended
A-003486,2026-06-01,C-0156,W-04,CH02,Attended
A-003487,2026-06-01,C-0181,W-12,CO01,Attended
A-003488,2026-06-01,C-0279,W-04,CH02,Attended
A-003489,2026-06-02,C-0034,W-02,HV01,Attended
A-003490,2026-06-02,C-0035,W-04,HV01,Attended
A-003491,2026-06-02,C-0069,W-11,CO01,Attended
A-003492,2026-06-02,C-0130,W-06,CH02,Attended
A-003493,2026-06-02,C-0141,W-04,CH02,Cancelled
A-003494,2026-06-02,C-0148,W-06,HV01,Attended
A-003495,2026-06-02,C-0152,W-04,CH02,Attended
A-003496,2026-06-02,C-0261,W-01,HV01,No-show
A-003497,2026-06-02,C-0285,W-05,HV01,Attended
A-003498,2026-06-02,C-0297,W-12,CO01,Attended
A-003499,2026-06-02,C-0297,W-12,CO02,Attended
A-003500,2026-06-03,C-0011,W-04,HV01,Attended
A-003501,2026-06-03,C-0012,W-01,HV01,Attended
A-003502,2026-06-03,C-0037,W-11,CO02,Attended
A-003503,2026-06-03,C-0042,W-11,CO01,Attended
A-003504,2026-06-03,C-0061,W-11,CO01,No-show
A-003505,2026-06-03,C-0095,W-02,CH02,Attended
A-003506,2026-06-03,C-0123,W-11,CO01,No-show
A-003507,2026-06-03,C-0164,W-06,CH02,Attended
A-003508,2026-06-03,C-0191,W-11,CO02,Attended
A-003509,2026-06-03,C-0193,W-11,CO02,Attended
A-003510,2026-06-03,C-0265,W-05,CH02,Attended
A-003511,2026-06-03,C-0271,W-01,HV01,Attended
A-003512,2026-06-03,C-0273,W-12,CO01,Cancelled
A-003513,2026-06-03,C-0297,W-11,CO02,Cancelled
A-003514,2026-06-04,C-0114,W-12,CO02,Attended
A-003515,2026-06-04,C-0115,W-01,HV01,Attended
A-003516,2026-06-04,C-0130,W-12,CO02,Attended
A-003517,2026-06-04,C-0142,W-02,HV01,Attended
A-003518,2026-06-04,C-0168,W-12,CO02,No-show
A-003519,2026-06-04,C-0174,W-05,HV01,Attended
A-003520,2026-06-04,C-0179,W-01,CH02,Attended
A-003521,2026-06-04,C-0193,W-11,CO01,Attended
A-003522,2026-06-04,C-0205,W-01,CH02,Attended
A-003523,2026-06-04,C-0217,W-11,CO01,Attended
A-003524,2026-06-04,C-0223,W-11,CO01,Attended
A-003525,2026-06-04,C-0246,W-11,CO01,Attended
A-003526,2026-06-04,C-0265,W-11,CO01,Attended
A-003527,2026-06-05,C-0063,W-01,HV01,Attended
A-003528,2026-06-05,C-0138,W-02,CH02,Attended
A-003529,2026-06-05,C-0146,W-03,HV01,Attended
A-003530,2026-06-05,C-0147,W-06,CH02,No-show
A-003531,2026-06-05,C-0173,W-05,CH02,No-show
A-003532,2026-06-05,C-0197,W-06,CH02,Attended
A-003533,2026-06-05,C-0224,W-06,CH02,Attended
A-003534,2026-06-05,C-0228,W-05,HV01,Attended
A-003535,2026-06-05,C-0273,W-12,CO01,Attended
A-003536,2026-06-05,C-0287,W-11,CO01,Attended
A-003537,2026-06-05,C-0289,W-02,HV01,Attended
A-003538,2026-06-05,C-0297,W-11,CO02,Attended
A-003539,2026-06-06,C-0065,W-04,HV01,Attended
A-003540,2026-06-06,C-0161,W-05,HV01,Attended
A-003541,2026-06-06,C-0179,W-11,CO01,Attended
A-003542,2026-06-06,C-0182,W-01,HV01,Attended
A-003543,2026-06-06,C-0227,W-11,CO02,Attended
A-003544,2026-06-06,C-0245,W-04,CH02,Attended
A-003545,2026-06-06,C-0256,W-12,CO01,Attended
A-003546,2026-06-06,C-0261,W-01,HV01,Attended
A-003547,2026-06-06,C-0297,W-11,CO01,Attended
A-003548,2026-06-07,C-0026,W-05,CH02,Attended
A-003549,2026-06-07,C-0041,W-06,HV01,No-show
A-003550,2026-06-07,C-0042,W-02,HV01,Attended
A-003551,2026-06-07,C-0056,W-12,CO01,Attended
A-003552,2026-06-07,C-0103,W-12,CO02,Attended
A-003553,2026-06-07,C-0106,W-12,CO01,No-show
A-003554,2026-06-07,C-0120,W-05,CH02,Attended
A-003555,2026-06-07,C-0141,W-12,CO02,Attended
A-003556,2026-06-07,C-0173,W-05,CH02,Attended
A-003557,2026-06-07,C-0186,W-12,CO01,Attended
A-003558,2026-06-07,C-0196,W-03,CH02,Attended
A-003559,2026-06-07,C-0216,W-05,CH02,Attended
A-003560,2026-06-07,C-0255,W-11,CO01,Attended
A-003561,2026-06-08,C-0010,W-03,CH02,Attended
A-003562,2026-06-08,C-0035,W-12,CO01,Attended
A-003563,2026-06-08,C-0044,W-02,CH02,Attended
A-003564,2026-06-08,C-0060,W-06,CH02,Attended
A-003565,2026-06-08,C-0082,W-03,HV01,Attended
A-003566,2026-06-08,C-0103,W-03,HV01,Attended
A-003567,2026-06-08,C-0111,W-03,HV01,No-show
A-003568,2026-06-08,C-0115,W-03,CH02,No-show
A-003569,2026-06-08,C-0161,W-05,HV01,No-show
A-003570,2026-06-08,C-0167,W-03,CH02,Attended
A-003571,2026-06-08,C-0168,W-12,CO02,Attended
A-003572,2026-06-08,C-0182,W-11,CO01,Attended
A-003573,2026-06-08,C-0186,W-12,CO02,Attended
A-003574,2026-06-08,C-0188,W-05,HV01,Attended
A-003575,2026-06-08,C-0207,W-02,CH02,Attended
A-003576,2026-06-08,C-0220,W-12,CO01,Attended
A-003577,2026-06-08,C-0248,W-04,CH02,Attended
A-003578,2026-06-08,C-0249,W-05,HV01,Attended
A-003579,2026-06-08,C-0261,W-02,CH02,Attended
A-003580,2026-06-08,C-0265,W-12,CO01,Attended
A-003581,2026-06-08,C-0287,W-01,HV01,No-show
A-003582,2026-06-08,C-0296,W-12,CO01,Cancelled
A-003583,2026-06-09,C-0013,W-11,CO02,Attended
A-003584,2026-06-09,C-0042,W-04,HV01,Attended
A-003585,2026-06-09,C-0055,W-12,CO02,Attended
A-003586,2026-06-09,C-0088,W-02,HV01,Attended
A-003587,2026-06-09,C-0167,W-12,CO01,Attended
A-003588,2026-06-09,C-0224,W-02,CH02,Attended
A-003589,2026-06-09,C-0299,W-04,HV01,Attended
A-003590,2026-06-10,C-0048,W-02,HV01,Cancelled
A-003591,2026-06-10,C-0097,W-04,HV01,Attended
A-003592,2026-06-10,C-0130,W-11,CO02,No-show
A-003593,2026-06-10,C-0131,W-11,CO01,Attended
A-003594,2026-06-10,C-0134,W-01,HV01,No-show
A-003595,2026-06-10,C-0161,W-03,CH02,Cancelled
A-003596,2026-06-10,C-0181,W-12,CO01,No-show
A-003597,2026-06-10,C-0207,W-03,HV01,Attended
A-003598,2026-06-10,C-0208,W-02,HV01,Attended
A-003599,2026-06-10,C-0229,W-05,CH02,Attended
A-003600,2026-06-10,C-0234,W-04,CH02,Attended
A-003601,2026-06-10,C-0244,W-12,CO01,Attended
A-003602,2026-06-10,C-0255,W-04,HV01,Attended
A-003603,2026-06-10,C-0285,W-02,HV01,Attended
A-003604,2026-06-11,C-0016,W-02,HV01,Attended
A-003605,2026-06-11,C-0024,W-03,HV01,Attended
A-003606,2026-06-11,C-0034,W-05,HV01,Attended
A-003607,2026-06-11,C-0041,W-06,HV01,Attended
A-003608,2026-06-11,C-0060,W-03,HV01,Attended
A-003609,2026-06-11,C-0120,W-06,CH02,Attended
A-003610,2026-06-11,C-0189,W-11,CO02,Attended
A-003611,2026-06-11,C-0220,W-11,CO01,Attended
A-003612,2026-06-11,C-0261,W-01,HV01,Attended
A-003613,2026-06-11,C-0265,W-04,CH02,Attended
A-003614,2026-06-11,C-0271,W-02,CH02,Attended
A-003615,2026-06-11,C-0273,W-11,CO02,Attended
A-003616,2026-06-11,C-0296,W-01,HV01,Attended
A-003617,2026-06-11,C-0299,W-11,CO02,Attended
A-003618,2026-06-12,C-0015,W-02,CH02,Attended
A-003619,2026-06-12,C-0026,W-11,CO01,Attended
A-003620,2026-06-12,C-0026,W-12,CO02,Attended
A-003621,2026-06-12,C-0054,W-11,CO02,Attended
A-003622,2026-06-12,C-0063,W-11,CO01,Attended
A-003623,2026-06-12,C-0104,W-04,HV01,Attended
A-003624,2026-06-12,C-0138,W-05,HV01,Attended
A-003625,2026-06-12,C-0141,W-04,CH02,Attended
A-003626,2026-06-12,C-0161,W-04,CH02,Attended
A-003627,2026-06-12,C-0212,W-03,CH02,No-show
A-003628,2026-06-12,C-0220,W-12,CO01,Attended
A-003629,2026-06-12,C-0220,W-06,CH02,No-show
A-003630,2026-06-12,C-0246,W-01,HV01,Attended
A-003631,2026-06-13,C-0034,W-02,HV01,Attended
A-003632,2026-06-13,C-0042,W-02,CH02,Attended
A-003633,2026-06-13,C-0055,W-11,CO02,Attended
A-003634,2026-06-13,C-0061,W-11,CO01,Attended
A-003635,2026-06-13,C-0123,W-11,CO01,Attended
A-003636,2026-06-13,C-0241,W-02,CH02,Attended
A-003637,2026-06-13,C-0241,W-02,CH02,Attended
A-003638,2026-06-13,C-0265,W-12,CO01,Attended
A-003639,2026-06-14,C-0044,W-12,CO01,Attended
A-003640,2026-06-14,C-0088,W-02,HV01,Attended
A-003641,2026-06-14,C-0106,W-12,CO01,Attended
A-003642,2026-06-14,C-0110,W-02,HV01,Cancelled
A-003643,2026-06-14,C-0133,W-12,CO02,Attended
A-003644,2026-06-14,C-0147,W-06,CH02,Attended
A-003645,2026-06-14,C-0147,W-02,HV01,No-show
A-003646,2026-06-14,C-0168,W-05,CH02,Attended
A-003647,2026-06-14,C-0173,W-03,CH02,Attended
A-003648,2026-06-14,C-0182,W-03,HV01,Attended
A-003649,2026-06-14,C-0214,W-05,HV01,Attended
A-003650,2026-06-14,C-0220,W-06,CH02,Attended
A-003651,2026-06-14,C-0265,W-11,CO01,Attended
A-003652,2026-06-14,C-0270,W-02,HV01,Attended
A-003653,2026-06-14,C-0270,W-12,CO01,No-show
A-003654,2026-06-15,C-0042,W-12,CO01,Attended
A-003655,2026-06-15,C-0047,W-05,HV01,Attended
A-003656,2026-06-15,C-0048,W-02,HV01,Attended
A-003657,2026-06-15,C-0063,W-03,HV01,Attended
A-003658,2026-06-15,C-0157,W-11,CO01,Attended
A-003659,2026-06-15,C-0279,W-04,CH02,Attended
A-003660,2026-06-15,C-0296,W-12,CO01,Attended
A-003661,2026-06-16,C-0026,W-03,HV01,Attended
A-003662,2026-06-16,C-0065,W-11,CO02,Attended
A-003663,2026-06-16,C-0069,W-04,HV01,Attended
A-003664,2026-06-16,C-0071,W-11,CO01,Attended
A-003665,2026-06-16,C-0091,W-02,HV01,Attended
A-003666,2026-06-16,C-0111,W-02,CH02,Attended
A-003667,2026-06-16,C-0130,W-06,HV01,Attended
A-003668,2026-06-16,C-0131,W-06,HV01,Attended
A-003669,2026-06-16,C-0141,W-03,CH02,Attended
A-003670,2026-06-16,C-0180,W-11,CO01,Attended
A-003671,2026-06-16,C-0223,W-01,HV01,No-show
A-003672,2026-06-16,C-0255,W-11,CO01,Attended
A-003673,2026-06-17,C-0026,W-06,HV01,Attended
A-003674,2026-06-17,C-0055,W-11,CO01,No-show
A-003675,2026-06-17,C-0087,W-04,HV01,Attended
A-003676,2026-06-17,C-0111,W-03,HV01,Attended
A-003677,2026-06-17,C-0161,W-05,HV01,Attended
A-003678,2026-06-17,C-0287,W-01,HV01,Attended
A-003679,2026-06-17,C-0295,W-01,CH02,Attended
A-003680,2026-06-18,C-0006,W-04,HV01,No-show
A-003681,2026-06-18,C-0063,W-05,HV01,No-show
A-003682,2026-06-18,C-0065,W-12,CO01,No-show
A-003683,2026-06-18,C-0103,W-11,CO01,Cancelled
A-003684,2026-06-18,C-0114,W-02,CH02,Attended
A-003685,2026-06-18,C-0115,W-03,CH02,Attended
A-003686,2026-06-18,C-0130,W-11,CO02,Attended
A-003687,2026-06-18,C-0200,W-11,CO01,Attended
A-003688,2026-06-18,C-0201,W-01,CH02,No-show
A-003689,2026-06-18,C-0223,W-11,CO01,Attended
A-003690,2026-06-18,C-0246,W-11,CO01,Attended
A-003691,2026-06-18,C-0287,W-04,CH02,Attended
A-003692,2026-06-19,C-0024,W-02,HV01,Attended
A-003693,2026-06-19,C-0058,W-01,CH02,Attended
A-003694,2026-06-19,C-0086,W-04,CH02,Attended
A-003695,2026-06-19,C-0147,W-02,HV01,Attended
A-003696,2026-06-19,C-0223,W-12,CO01,Attended
A-003697,2026-06-19,C-0241,W-04,HV01,Attended
A-003698,2026-06-19,C-0248,W-11,CO02,Attended
A-003699,2026-06-19,C-0257,W-03,HV01,Attended
A-003700,2026-06-19,C-0273,W-11,CO01,Attended
A-003701,2026-06-20,C-0014,W-12,CO02,Attended
A-003702,2026-06-20,C-0034,W-01,HV01,Attended
A-003703,2026-06-20,C-0049,W-06,HV01,Attended
A-003704,2026-06-20,C-0110,W-12,CO02,Attended
A-003705,2026-06-20,C-0110,W-02,HV01,Attended
A-003706,2026-06-20,C-0126,W-03,CH02,Attended
A-003707,2026-06-20,C-0134,W-01,HV01,Attended
A-003708,2026-06-20,C-0152,W-12,CO01,Attended
A-003709,2026-06-20,C-0156,W-02,HV01,Attended
A-003710,2026-06-20,C-0161,W-03,CH02,Attended
A-003711,2026-06-20,C-0169,W-06,HV01,Attended
A-003712,2026-06-20,C-0181,W-12,CO01,Attended
A-003713,2026-06-20,C-0193,W-11,CO02,Attended
A-003714,2026-06-20,C-0197,W-12,CO01,Attended
A-003715,2026-06-20,C-0201,W-01,CH02,Attended
A-003716,2026-06-20,C-0204,W-03,CH02,Attended
A-003717,2026-06-20,C-0212,W-03,CH02,Attended
A-003718,2026-06-20,C-0217,W-06,CH02,Attended
A-003719,2026-06-20,C-0223,W-01,HV01,Attended
A-003720,2026-06-20,C-0229,W-03,CH02,Attended
A-003721,2026-06-20,C-0244,W-02,CH02,Attended
A-003722,2026-06-20,C-0270,W-06,HV01,Attended
A-003723,2026-06-21,C-0017,W-06,HV01,Attended
A-003724,2026-06-21,C-0035,W-12,CO01,Attended
A-003725,2026-06-21,C-0087,W-11,CO01,Attended
A-003726,2026-06-21,C-0193,W-12,CO02,Attended
A-003727,2026-06-21,C-0206,W-12,CO01,Cancelled
A-003728,2026-06-22,C-0015,W-05,CH02,Attended
A-003729,2026-06-22,C-0035,W-12,CO01,Attended
A-003730,2026-06-22,C-0042,W-11,CO02,No-show
A-003731,2026-06-22,C-0047,W-12,CO01,Attended
A-003732,2026-06-22,C-0103,W-11,CO01,Attended
A-003733,2026-06-22,C-0160,W-02,HV01,No-show
A-003734,2026-06-22,C-0169,W-04,HV01,Attended
A-003735,2026-06-22,C-0196,W-06,HV01,Attended
A-003736,2026-06-22,C-0214,W-05,HV01,Attended
A-003737,2026-06-22,C-0270,W-12,CO01,Attended
A-003738,2026-06-23,C-0006,W-03,HV01,Attended
A-003739,2026-06-23,C-0037,W-12,CO01,Attended
A-003740,2026-06-23,C-0049,W-02,CH02,Attended
A-003741,2026-06-23,C-0106,W-03,CH02,Attended
A-003742,2026-06-23,C-0111,W-01,CH02,Attended
A-003743,2026-06-23,C-0174,W-06,HV01,Attended
A-003744,2026-06-23,C-0182,W-04,HV01,Attended
A-003745,2026-06-23,C-0216,W-01,CH02,Attended
A-003746,2026-06-23,C-0245,W-02,HV01,Attended
A-003747,2026-06-23,C-0256,W-12,CO02,Attended
A-003748,2026-06-23,C-0264,W-02,CH02,Attended
A-003749,2026-06-24,C-0017,W-05,CH02,Attended
A-003750,2026-06-24,C-0021,W-03,HV01,Attended
A-003751,2026-06-24,C-0041,W-06,CH02,Attended
A-003752,2026-06-24,C-0042,W-11,CO02,Attended
A-003753,2026-06-24,C-0063,W-05,HV01,Attended
A-003754,2026-06-24,C-0065,W-06,HV01,Attended
A-003755,2026-06-24,C-0111,W-11,CO02,Attended
A-003756,2026-06-24,C-0114,W-11,CO01,Cancelled
A-003757,2026-06-24,C-0127,W-12,CO02,Attended
A-003758,2026-06-24,C-0131,W-12,CO01,Attended
A-003759,2026-06-24,C-0152,W-04,HV01,Attended
A-003760,2026-06-24,C-0173,W-12,CO02,No-show
A-003761,2026-06-24,C-0201,W-04,HV01,No-show
A-003762,2026-06-24,C-0248,W-12,CO02,Attended
A-003763,2026-06-24,C-0265,W-12,CO01,No-show
A-003764,2026-06-24,C-0269,W-02,CH02,Attended
A-003765,2026-06-24,C-0271,W-01,HV01,Attended
A-003766,2026-06-24,C-0300,W-12,CO01,Attended
A-003767,2026-06-25,C-0006,W-12,CO02,Attended
A-003768,2026-06-25,C-0008,W-02,HV01,Cancelled
A-003769,2026-06-25,C-0034,W-03,CH02,Attended
A-003770,2026-06-25,C-0055,W-11,CO01,Attended
A-003771,2026-06-25,C-0123,W-01,HV01,Attended
A-003772,2026-06-25,C-0206,W-11,CO01,Attended
A-003773,2026-06-25,C-0249,W-04,CH02,Attended
A-003774,2026-06-25,C-0287,W-12,CO02,Attended
A-003775,2026-06-26,C-0006,W-04,HV01,Attended
A-003776,2026-06-26,C-0065,W-12,CO01,Attended
A-003777,2026-06-26,C-0065,W-02,HV01,Attended
A-003778,2026-06-26,C-0069,W-12,CO02,Attended
A-003779,2026-06-26,C-0100,W-03,CH02,Attended
A-003780,2026-06-26,C-0103,W-11,CO01,Attended
A-003781,2026-06-26,C-0114,W-06,CH02,Attended
A-003782,2026-06-26,C-0127,W-11,CO01,Attended
A-003783,2026-06-26,C-0130,W-04,HV01,Attended
A-003784,2026-06-26,C-0160,W-02,HV01,Attended
A-003785,2026-06-26,C-0194,W-03,HV01,Attended
A-003786,2026-06-26,C-0194,W-06,CH02,Attended
A-003787,2026-06-26,C-0197,W-04,HV01,Attended
A-003788,2026-06-26,C-0206,W-11,CO01,Attended
A-003789,2026-06-26,C-0207,W-01,HV01,Attended
A-003790,2026-06-26,C-0248,W-11,CO01,Cancelled
A-003791,2026-06-26,C-0261,W-12,CO01,No-show
A-003792,2026-06-26,C-0265,W-03,HV01,No-show
A-003793,2026-06-26,C-0281,W-11,CO02,No-show
A-003794,2026-06-27,C-0016,W-03,HV01,No-show
A-003795,2026-06-27,C-0042,W-11,CO01,Attended
A-003796,2026-06-27,C-0042,W-11,CO02,Attended
A-003797,2026-06-27,C-0066,W-04,CH02,Attended
A-003798,2026-06-27,C-0114,W-11,CO01,Attended
A-003799,2026-06-27,C-0126,W-12,CO02,Attended
A-003800,2026-06-27,C-0142,W-12,CO01,Attended
A-003801,2026-06-27,C-0181,W-12,CO01,Attended
A-003802,2026-06-27,C-0201,W-04,HV01,Attended
A-003803,2026-06-27,C-0205,W-12,CO01,Attended
A-003804,2026-06-27,C-0285,W-02,HV01,Attended
A-003805,2026-06-27,C-0298,W-11,CO01,Attended
A-003806,2026-06-28,C-0006,W-04,CH02,Attended
A-003807,2026-06-28,C-0058,W-04,CH02,Attended
A-003808,2026-06-28,C-0168,W-11,CO02,Attended
A-003809,2026-06-28,C-0204,W-04,HV01,Attended
A-003810,2026-06-28,C-0248,W-11,CO01,Attended
A-003811,2026-06-28,C-0279,W-01,HV01,Attended
A-003812,2026-06-28,C-0298,W-04,HV01,Attended
A-003813,2026-06-28,C-0300,W-04,HV01,Attended
A-003814,2026-06-28,C-0300,W-05,CH02,Attended
A-003815,2026-06-29,C-0048,W-05,HV01,No-show
A-003816,2026-06-29,C-0055,W-01,HV01,Attended
A-003817,2026-06-29,C-0056,W-01,HV01,No-show
A-003818,2026-06-29,C-0074,W-01,CH02,Attended
A-003819,2026-06-29,C-0086,W-02,HV01,Attended
A-003820,2026-06-29,C-0096,W-05,CH02,Attended
A-003821,2026-06-29,C-0148,W-04,CH02,Attended
A-003822,2026-06-29,C-0217,W-03,HV01,Attended
A-003823,2026-06-29,C-0248,W-12,CO01,Attended
A-003824,2026-06-29,C-0259,W-12,CO01,Attended
A-003825,2026-06-29,C-0265,W-02,HV01,Attended
A-003826,2026-06-29,C-0300,W-12,CO01,Attended
A-003827,2026-06-30,C-0021,W-01,HV01,Attended
A-003828,2026-06-30,C-0041,W-05,CH02,Attended
A-003829,2026-06-30,C-0087,W-11,CO02,No-show
A-003830,2026-06-30,C-0141,W-05,CH02,Attended
A-003831,2026-06-30,C-0180,W-04,HV01,Attended
A-003832,2026-06-30,C-0200,W-02,HV01,Attended
A-003833,2026-06-30,C-0217,W-11,CO01,Cancelled
A-003834,2026-07-01,C-0015,W-03,HV01,Attended
A-003835,2026-07-01,C-0040,W-04,CH02,Attended
A-003836,2026-07-01,C-0060,W-12,CO01,Attended
A-003837,2026-07-01,C-0073,W-12,CO01,Attended
A-003838,2026-07-01,C-0096,W-11,CO01,Attended
A-003839,2026-07-01,C-0103,W-11,CO02,Attended
A-003840,2026-07-01,C-0114,W-06,CH02,Attended
A-003841,2026-07-01,C-0182,W-11,CO01,Attended
A-003842,2026-07-01,C-0195,W-03,CH02,Attended
A-003843,2026-07-01,C-0206,W-12,CO01,Attended
A-003844,2026-07-01,C-0207,W-06,HV01,Attended
A-003845,2026-07-01,C-0220,W-12,CO01,Attended
A-003846,2026-07-01,C-0226,W-11,CO01,Attended
A-003847,2026-07-01,C-0295,W-03,CH02,Attended
A-003848,2026-07-02,C-0035,W-12,CO01,No-show
A-003849,2026-07-02,C-0048,W-05,HV01,Attended
A-003850,2026-07-02,C-0063,W-05,HV01,Attended
A-003851,2026-07-02,C-0073,W-11,CO01,Attended
A-003852,2026-07-02,C-0087,W-12,CO02,Attended
A-003853,2026-07-02,C-0095,W-05,CH02,Attended
A-003854,2026-07-02,C-0174,W-05,CH02,Attended
A-003855,2026-07-02,C-0186,W-11,CO02,Attended
A-003856,2026-07-02,C-0197,W-12,CO01,Attended
A-003857,2026-07-02,C-0223,W-06,CH02,Attended
A-003858,2026-07-02,C-0264,W-12,CO02,Attended
A-003859,2026-07-02,C-0265,W-12,CO01,Attended
A-003860,2026-07-02,C-0279,W-01,HV01,Attended
A-003861,2026-07-02,C-0285,W-04,CH02,No-show
A-003862,2026-07-02,C-0300,W-02,HV01,Attended
A-003863,2026-07-03,C-0008,W-02,HV01,Attended
A-003864,2026-07-03,C-0009,W-04,HV01,Attended
A-003865,2026-07-03,C-0049,W-01,CH02,Attended
A-003866,2026-07-03,C-0065,W-03,HV01,Attended
A-003867,2026-07-03,C-0087,W-11,CO02,Attended
A-003868,2026-07-03,C-0106,W-06,HV01,No-show
A-003869,2026-07-03,C-0111,W-12,CO01,Attended
A-003870,2026-07-03,C-0133,W-02,CH02,No-show
A-003871,2026-07-03,C-0214,W-06,CH02,Attended
A-003872,2026-07-03,C-0220,W-12,CO01,Attended
A-003873,2026-07-03,C-0265,W-03,HV01,Attended
A-003874,2026-07-03,C-0271,W-05,HV01,No-show
A-003875,2026-07-03,C-0299,W-12,CO01,Attended
A-003876,2026-07-03,C-0299,W-05,CH02,Cancelled
A-003877,2026-07-03,C-0300,W-05,HV01,Attended
A-003878,2026-07-03,C-0300,W-11,CO02,Attended
A-003879,2026-07-04,C-0073,W-02,HV01,Attended
A-003880,2026-07-04,C-0120,W-06,HV01,Attended
A-003881,2026-07-04,C-0173,W-12,CO02,Attended
A-003882,2026-07-04,C-0173,W-12,CO02,Attended
A-003883,2026-07-04,C-0186,W-11,CO01,No-show
A-003884,2026-07-04,C-0228,W-05,HV01,Attended
A-003885,2026-07-04,C-0255,W-04,HV01,Attended
A-003886,2026-07-04,C-0270,W-02,HV01,Attended
A-003887,2026-07-04,C-0288,W-03,CH02,Attended
A-003888,2026-07-05,C-0006,W-01,HV01,Attended
A-003889,2026-07-05,C-0015,W-11,CO02,Attended
A-003890,2026-07-05,C-0016,W-03,HV01,Attended
A-003891,2026-07-05,C-0021,W-03,CH02,No-show
A-003892,2026-07-05,C-0042,W-11,CO01,No-show
A-003893,2026-07-05,C-0052,W-01,CH02,No-show
A-003894,2026-07-05,C-0073,W-11,CO01,Attended
A-003895,2026-07-05,C-0087,W-01,CH02,Attended
A-003896,2026-07-05,C-0096,W-04,HV01,Attended
A-003897,2026-07-05,C-0128,W-03,CH02,Attended
A-003898,2026-07-05,C-0160,W-02,HV01,Attended
A-003899,2026-07-05,C-0195,W-06,HV01,Attended
A-003900,2026-07-05,C-0217,W-11,CO01,Attended
A-003901,2026-07-05,C-0261,W-12,CO01,Attended
A-003902,2026-07-05,C-0279,W-12,CO01,Attended
A-003903,2026-07-05,C-0281,W-11,CO02,Attended
A-003904,2026-07-06,C-0035,W-03,CH02,Attended
A-003905,2026-07-06,C-0056,W-01,HV01,Attended
A-003906,2026-07-06,C-0063,W-06,CH02,Cancelled
A-003907,2026-07-06,C-0091,W-06,CH02,Attended
A-003908,2026-07-06,C-0091,W-05,CH02,Attended
A-003909,2026-07-06,C-0126,W-02,CH02,Attended
A-003910,2026-07-06,C-0138,W-01,CH02,No-show
A-003911,2026-07-06,C-0151,W-01,HV01,Attended
A-003912,2026-07-06,C-0201,W-05,CH02,Attended
A-003913,2026-07-06,C-0217,W-12,CO01,Attended
A-003914,2026-07-06,C-0230,W-06,CH02,Attended
A-003915,2026-07-06,C-0245,W-11,CO02,Attended
A-003916,2026-07-06,C-0246,W-03,HV01,Attended
A-003917,2026-07-06,C-0256,W-03,HV01,Attended
A-003918,2026-07-06,C-0264,W-12,CO02,Attended
A-003919,2026-07-06,C-0285,W-04,CH02,Attended
A-003920,2026-07-07,C-0018,W-12,CO01,Attended
A-003921,2026-07-07,C-0028,W-11,CO02,Attended
A-003922,2026-07-07,C-0044,W-12,CO01,Attended
A-003923,2026-07-07,C-0049,W-02,CH02,Attended
A-003924,2026-07-07,C-0052,W-01,CH02,Attended
A-003925,2026-07-07,C-0088,W-02,HV01,Attended
A-003926,2026-07-07,C-0099,W-04,CH02,Attended
A-003927,2026-07-07,C-0133,W-02,CH02,Attended
A-003928,2026-07-07,C-0138,W-12,CO01,Attended
A-003929,2026-07-07,C-0182,W-03,CH02,Attended
A-003930,2026-07-07,C-0186,W-11,CO01,No-show
A-003931,2026-07-07,C-0229,W-02,CH02,Attended
A-003932,2026-07-07,C-0292,W-12,CO01,Attended
A-003933,2026-07-08,C-0071,W-04,HV01,Attended
A-003934,2026-07-08,C-0087,W-12,CO01,Attended
A-003935,2026-07-08,C-0096,W-05,HV01,Attended
A-003936,2026-07-08,C-0103,W-02,HV01,Attended
A-003937,2026-07-08,C-0106,W-06,CH02,Attended
A-003938,2026-07-08,C-0195,W-11,CO02,Attended
A-003939,2026-07-08,C-0255,W-12,CO01,Attended
A-003940,2026-07-08,C-0287,W-12,CO02,Attended
A-003941,2026-07-08,C-0287,W-11,CO01,Attended
A-003942,2026-07-09,C-0012,W-05,CH02,Attended
A-003943,2026-07-09,C-0014,W-01,CH02,Attended
A-003944,2026-07-09,C-0021,W-03,CH02,Attended
A-003945,2026-07-09,C-0037,W-12,CO01,Attended
A-003946,2026-07-09,C-0046,W-11,CO01,Attended
A-003947,2026-07-09,C-0127,W-02,HV01,Attended
A-003948,2026-07-09,C-0146,W-12,CO01,Attended
A-003949,2026-07-09,C-0146,W-04,CH02,No-show
A-003950,2026-07-09,C-0191,W-03,CH02,Attended
A-003951,2026-07-09,C-0206,W-11,CO01,Attended
A-003952,2026-07-09,C-0271,W-05,HV01,Attended
A-003953,2026-07-10,C-0052,W-01,HV01,Attended
A-003954,2026-07-10,C-0104,W-12,CO01,No-show
A-003955,2026-07-10,C-0131,W-06,CH02,No-show
A-003956,2026-07-10,C-0230,W-11,CO02,Attended
A-003957,2026-07-10,C-0246,W-12,CO01,Attended
A-003958,2026-07-10,C-0255,W-11,CO01,Attended
A-003959,2026-07-10,C-0279,W-03,HV01,Attended
A-003960,2026-07-10,C-0300,W-12,CO02,Attended
A-003961,2026-07-11,C-0035,W-12,CO01,Attended
A-003962,2026-07-11,C-0047,W-04,CH02,Attended
A-003963,2026-07-11,C-0120,W-11,CO01,Attended
A-003964,2026-07-11,C-0216,W-04,HV01,Attended
A-003965,2026-07-11,C-0220,W-01,CH02,Cancelled
A-003966,2026-07-11,C-0255,W-12,CO01,Attended
A-003967,2026-07-11,C-0285,W-04,CH02,Attended
A-003968,2026-07-12,C-0009,W-06,HV01,Attended
A-003969,2026-07-12,C-0018,W-02,CH02,Attended
A-003970,2026-07-12,C-0061,W-01,CH02,Attended
A-003971,2026-07-12,C-0065,W-01,HV01,Attended
A-003972,2026-07-12,C-0073,W-04,CH02,Attended
A-003973,2026-07-12,C-0073,W-12,CO01,Cancelled
A-003974,2026-07-12,C-0076,W-05,HV01,Attended
A-003975,2026-07-12,C-0086,W-12,CO01,Attended
A-003976,2026-07-12,C-0095,W-05,HV01,Attended
A-003977,2026-07-12,C-0106,W-06,HV01,Attended
A-003978,2026-07-12,C-0151,W-02,HV01,No-show
A-003979,2026-07-12,C-0166,W-12,CO01,Attended
A-003980,2026-07-12,C-0179,W-12,CO01,Attended
A-003981,2026-07-12,C-0186,W-12,CO02,Attended
A-003982,2026-07-12,C-0205,W-12,CO01,Attended
A-003983,2026-07-12,C-0223,W-11,CO01,Attended
A-003984,2026-07-12,C-0230,W-05,CH02,Attended
A-003985,2026-07-12,C-0236,W-12,CO02,Attended
A-003986,2026-07-12,C-0248,W-04,HV01,Attended
A-003987,2026-07-12,C-0256,W-12,CO01,Attended
A-003988,2026-07-13,C-0004,W-04,CH02,No-show
A-003989,2026-07-13,C-0013,W-04,CH02,Attended
A-003990,2026-07-13,C-0042,W-11,CO01,Attended
A-003991,2026-07-13,C-0048,W-02,HV01,Attended
A-003992,2026-07-13,C-0063,W-06,CH02,Attended
A-003993,2026-07-13,C-0095,W-01,CH02,Attended
A-003994,2026-07-13,C-0106,W-05,HV01,Attended
A-003995,2026-07-13,C-0118,W-01,HV01,Attended
A-003996,2026-07-13,C-0120,W-12,CO02,Attended
A-003997,2026-07-13,C-0131,W-06,CH02,Attended
A-003998,2026-07-13,C-0138,W-01,CH02,Attended
A-003999,2026-07-13,C-0168,W-11,CO02,Attended
A-004000,2026-07-13,C-0178,W-12,CO01,Attended
A-004001,2026-07-13,C-0186,W-11,CO01,Attended
A-004002,2026-07-13,C-0220,W-01,CH02,Attended
A-004003,2026-07-13,C-0230,W-12,CO02,No-show
A-004004,2026-07-13,C-0236,W-06,HV01,Attended
A-004005,2026-07-13,C-0270,W-03,CH02,Attended
A-004006,2026-07-13,C-0279,W-01,HV01,Attended
A-004007,2026-07-13,C-0289,W-01,CH02,Attended
A-004008,2026-07-13,C-0299,W-05,CH02,Attended
A-004009,2026-07-14,C-0014,W-01,CH02,No-show
A-004010,2026-07-14,C-0058,W-01,CH02,Attended
A-004011,2026-07-14,C-0103,W-05,CH02,Cancelled
A-004012,2026-07-14,C-0114,W-02,HV01,Attended
A-004013,2026-07-14,C-0141,W-01,HV01,Attended
A-004014,2026-07-14,C-0171,W-04,HV01,Attended
A-004015,2026-07-14,C-0173,W-12,CO02,Attended
A-004016,2026-07-14,C-0207,W-12,CO01,No-show
A-004017,2026-07-14,C-0208,W-02,HV01,Attended
A-004018,2026-07-14,C-0223,W-11,CO02,Attended
A-004019,2026-07-14,C-0245,W-02,CH02,Attended
A-004020,2026-07-14,C-0255,W-12,CO01,Attended
A-004021,2026-07-14,C-0284,W-12,CO02,Attended
A-004022,2026-07-15,C-0034,W-02,CH02,Attended
A-004023,2026-07-15,C-0042,W-11,CO02,Attended
A-004024,2026-07-15,C-0043,W-01,HV01,No-show
A-004025,2026-07-15,C-0103,W-12,CO02,Cancelled
A-004026,2026-07-15,C-0114,W-01,HV01,Attended
A-004027,2026-07-15,C-0144,W-06,HV01,Attended
A-004028,2026-07-15,C-0163,W-02,HV01,Cancelled
A-004029,2026-07-15,C-0182,W-03,CH02,No-show
A-004030,2026-07-15,C-0186,W-11,CO01,Attended
A-004031,2026-07-15,C-0193,W-03,HV01,No-show
A-004032,2026-07-15,C-0196,W-01,HV01,Attended
A-004033,2026-07-15,C-0200,W-11,CO02,Attended
A-004034,2026-07-15,C-0208,W-06,HV01,Attended
A-004035,2026-07-15,C-0248,W-03,CH02,Attended
A-004036,2026-07-15,C-0269,W-11,CO02,Attended
A-004037,2026-07-16,C-0012,W-11,CO01,Attended
A-004038,2026-07-16,C-0048,W-06,CH02,Attended
A-004039,2026-07-16,C-0069,W-12,CO02,Attended
A-004040,2026-07-16,C-0096,W-03,HV01,Attended
A-004041,2026-07-16,C-0142,W-05,HV01,Attended
A-004042,2026-07-16,C-0146,W-04,CH02,Attended
A-004043,2026-07-16,C-0151,W-02,HV01,Attended
A-004044,2026-07-16,C-0197,W-06,CH02,Attended
A-004045,2026-07-16,C-0205,W-12,CO01,Cancelled
A-004046,2026-07-16,C-0206,W-11,CO01,Attended
A-004047,2026-07-16,C-0212,W-03,CH02,Attended
A-004048,2026-07-16,C-0223,W-11,CO01,Cancelled
A-004049,2026-07-16,C-0281,W-12,CO02,Attended
A-004050,2026-07-17,C-0073,W-12,CO01,Attended
A-004051,2026-07-17,C-0106,W-01,CH02,Attended
A-004052,2026-07-17,C-0148,W-03,HV01,Attended
A-004053,2026-07-17,C-0157,W-11,CO01,Cancelled
A-004054,2026-07-17,C-0174,W-06,HV01,Attended
A-004055,2026-07-17,C-0256,W-11,CO01,Attended
A-004056,2026-07-18,C-0004,W-04,CH02,Attended
A-004057,2026-07-18,C-0049,W-11,CO01,Attended
A-004058,2026-07-18,C-0063,W-05,CH02,Attended
A-004059,2026-07-18,C-0087,W-12,CO01,Cancelled
A-004060,2026-07-18,C-0131,W-11,CO01,Attended
A-004061,2026-07-18,C-0134,W-06,CH02,Attended
A-004062,2026-07-18,C-0193,W-03,HV01,Attended
A-004063,2026-07-18,C-0197,W-11,CO01,Attended
A-004064,2026-07-18,C-0256,W-03,HV01,Attended
A-004065,2026-07-18,C-0278,W-04,CH02,No-show
A-004066,2026-07-18,C-0287,W-11,CO01,Attended
A-004067,2026-07-18,C-0287,W-11,CO01,No-show
A-004068,2026-07-18,C-0293,W-11,CO01,Cancelled
A-004069,2026-07-19,C-0006,W-11,CO01,Attended
A-004070,2026-07-19,C-0009,W-12,CO01,Cancelled
A-004071,2026-07-19,C-0048,W-04,HV01,Attended
A-004072,2026-07-19,C-0086,W-06,HV01,Cancelled
A-004073,2026-07-19,C-0101,W-06,HV01,Attended
A-004074,2026-07-19,C-0103,W-05,CH02,Attended
A-004075,2026-07-19,C-0121,W-11,CO02,Attended
A-004076,2026-07-19,C-0130,W-04,CH02,Attended
A-004077,2026-07-19,C-0148,W-01,CH02,Attended
A-004078,2026-07-19,C-0171,W-01,CH02,Attended
A-004079,2026-07-19,C-0197,W-11,CO01,Attended
A-004080,2026-07-19,C-0197,W-03,CH02,Attended
A-004081,2026-07-19,C-0204,W-01,HV01,No-show
A-004082,2026-07-19,C-0217,W-04,HV01,Attended
A-004083,2026-07-19,C-0249,W-11,CO02,Attended
A-004084,2026-07-19,C-0273,W-12,CO01,Attended
A-004085,2026-07-20,C-0009,W-05,HV01,Attended
A-004086,2026-07-20,C-0042,W-11,CO02,Attended
A-004087,2026-07-20,C-0104,W-12,CO01,Attended
A-004088,2026-07-20,C-0114,W-03,HV01,Attended
A-004089,2026-07-20,C-0152,W-02,CH02,Attended
A-004090,2026-07-20,C-0160,W-04,CH02,No-show
A-004091,2026-07-20,C-0166,W-12,CO01,Attended
A-004092,2026-07-20,C-0171,W-02,HV01,No-show
A-004093,2026-07-20,C-0191,W-11,CO02,Cancelled
A-004094,2026-07-20,C-0205,W-12,CO01,Attended
A-004095,2026-07-20,C-0209,W-11,CO01,Cancelled
A-004096,2026-07-20,C-0234,W-11,CO02,Attended
A-004097,2026-07-20,C-0270,W-05,HV01,Attended
A-004098,2026-07-20,C-0273,W-12,CO01,Attended
A-004099,2026-07-20,C-0278,W-04,CH02,Attended
A-004100,2026-07-20,C-0287,W-11,CO01,Attended
A-004101,2026-07-21,C-0073,W-12,CO02,Attended
A-004102,2026-07-21,C-0146,W-05,CH02,Attended
A-004103,2026-07-21,C-0157,W-11,CO01,Attended
A-004104,2026-07-21,C-0201,W-05,HV01,Attended
A-004105,2026-07-21,C-0224,W-05,CH02,Attended
A-004106,2026-07-21,C-0230,W-12,CO02,Attended
A-004107,2026-07-21,C-0255,W-12,CO01,Cancelled
A-004108,2026-07-22,C-0012,W-12,CO02,Attended
A-004109,2026-07-22,C-0014,W-01,CH02,Attended
A-004110,2026-07-22,C-0020,W-11,CO01,Attended
A-004111,2026-07-22,C-0060,W-02,HV01,Attended
A-004112,2026-07-22,C-0073,W-11,CO02,Attended
A-004113,2026-07-22,C-0115,W-11,CO01,Attended
A-004114,2026-07-22,C-0131,W-12,CO01,Attended
A-004115,2026-07-22,C-0160,W-05,HV01,Attended
A-004116,2026-07-22,C-0160,W-04,CH02,Attended
A-004117,2026-07-22,C-0163,W-02,HV01,Attended
A-004118,2026-07-22,C-0171,W-02,HV01,Attended
A-004119,2026-07-22,C-0174,W-03,CH02,Attended
A-004120,2026-07-22,C-0181,W-11,CO01,Cancelled
A-004121,2026-07-22,C-0189,W-11,CO01,Attended
A-004122,2026-07-22,C-0223,W-11,CO01,Attended
A-004123,2026-07-22,C-0226,W-03,CH02,Attended
A-004124,2026-07-22,C-0259,W-05,HV01,Attended
A-004125,2026-07-22,C-0279,W-04,HV01,Attended
A-004126,2026-07-22,C-0285,W-06,HV01,Attended
A-004127,2026-07-22,C-0295,W-03,HV01,Attended
A-004128,2026-07-22,C-0295,W-06,HV01,Attended
A-004129,2026-07-23,C-0002,W-11,CO02,Attended
A-004130,2026-07-23,C-0026,W-05,HV01,Attended
A-004131,2026-07-23,C-0043,W-01,HV01,Attended
A-004132,2026-07-23,C-0049,W-12,CO01,Attended
A-004133,2026-07-23,C-0092,W-11,CO02,Cancelled
A-004134,2026-07-23,C-0114,W-06,CH02,Attended
A-004135,2026-07-23,C-0206,W-12,CO01,Attended
A-004136,2026-07-23,C-0207,W-12,CO01,Attended
A-004137,2026-07-23,C-0209,W-01,CH02,Attended
A-004138,2026-07-23,C-0261,W-05,HV01,Attended
A-004139,2026-07-23,C-0292,W-03,HV01,Attended
A-004140,2026-07-24,C-0008,W-11,CO01,No-show
A-004141,2026-07-24,C-0012,W-02,HV01,Attended
A-004142,2026-07-24,C-0020,W-06,CH02,Attended
A-004143,2026-07-24,C-0022,W-01,HV01,Attended
A-004144,2026-07-24,C-0034,W-02,HV01,Attended
A-004145,2026-07-24,C-0058,W-11,CO01,Attended
A-004146,2026-07-24,C-0087,W-12,CO01,Attended
A-004147,2026-07-24,C-0097,W-01,CH02,Cancelled
A-004148,2026-07-24,C-0115,W-06,HV01,Attended
A-004149,2026-07-24,C-0151,W-04,HV01,Attended
A-004150,2026-07-24,C-0191,W-11,CO02,Attended
A-004151,2026-07-24,C-0248,W-11,CO01,Attended
A-004152,2026-07-24,C-0281,W-11,CO02,Attended
A-004153,2026-07-24,C-0285,W-04,HV01,Attended
A-004154,2026-07-25,C-0010,W-06,CH02,Attended
A-004155,2026-07-25,C-0015,W-12,CO01,Attended
A-004156,2026-07-25,C-0041,W-12,CO02,Attended
A-004157,2026-07-25,C-0056,W-12,CO02,Attended
A-004158,2026-07-25,C-0076,W-11,CO01,Attended
A-004159,2026-07-25,C-0095,W-06,HV01,Attended
A-004160,2026-07-25,C-0103,W-12,CO02,Attended
A-004161,2026-07-25,C-0117,W-04,HV01,No-show
A-004162,2026-07-25,C-0124,W-04,HV01,Attended
A-004163,2026-07-25,C-0131,W-11,CO02,Attended
A-004164,2026-07-25,C-0182,W-03,CH02,Attended
A-004165,2026-07-25,C-0182,W-06,HV01,Attended
A-004166,2026-07-25,C-0189,W-11,CO01,Attended
A-004167,2026-07-25,C-0193,W-11,CO01,Attended
A-004168,2026-07-25,C-0197,W-11,CO01,No-show
A-004169,2026-07-25,C-0207,W-03,HV01,Attended
A-004170,2026-07-25,C-0232,W-05,HV01,Attended
A-004171,2026-07-25,C-0232,W-04,CH02,Attended
A-004172,2026-07-25,C-0233,W-12,CO02,No-show
A-004173,2026-07-25,C-0241,W-12,CO01,No-show
A-004174,2026-07-25,C-0246,W-12,CO02,Attended
A-004175,2026-07-25,C-0256,W-06,HV01,No-show
A-004176,2026-07-25,C-0285,W-03,HV01,Attended
A-004177,2026-07-26,C-0008,W-11,CO01,Attended
A-004178,2026-07-26,C-0037,W-05,CH02,Attended
A-004179,2026-07-26,C-0086,W-06,HV01,Attended
A-004180,2026-07-26,C-0087,W-12,CO02,Attended
A-004181,2026-07-26,C-0088,W-05,CH02,Attended
A-004182,2026-07-26,C-0126,W-01,CH02,Attended
A-004183,2026-07-26,C-0207,W-01,HV01,Attended
A-004184,2026-07-26,C-0212,W-01,HV01,Attended
A-004185,2026-07-26,C-0216,W-05,HV01,Attended
A-004186,2026-07-26,C-0241,W-06,HV01,Cancelled
A-004187,2026-07-26,C-0270,W-12,CO01,Attended
A-004188,2026-07-27,C-0009,W-12,CO01,Attended
A-004189,2026-07-27,C-0013,W-03,CH02,Attended
A-004190,2026-07-27,C-0044,W-12,CO01,Attended
A-004191,2026-07-27,C-0056,W-06,CH02,Attended
A-004192,2026-07-27,C-0070,W-05,HV01,Attended
A-004193,2026-07-27,C-0071,W-03,CH02,Attended
A-004194,2026-07-27,C-0087,W-11,CO01,Attended
A-004195,2026-07-27,C-0179,W-05,HV01,No-show
A-004196,2026-07-27,C-0209,W-11,CO01,Attended
A-004197,2026-07-27,C-0212,W-01,CH02,No-show
A-004198,2026-07-27,C-0289,W-02,HV01,Attended
A-004199,2026-07-28,C-0004,W-01,HV01,Attended
A-004200,2026-07-28,C-0008,W-11,CO02,Attended
A-004201,2026-07-28,C-0014,W-05,CH02,No-show
A-004202,2026-07-28,C-0015,W-12,CO02,Attended
A-004203,2026-07-28,C-0073,W-04,HV01,Attended
A-004204,2026-07-28,C-0168,W-01,CH02,No-show
A-004205,2026-07-28,C-0186,W-12,CO01,Attended
A-004206,2026-07-28,C-0207,W-03,CH02,Attended
A-004207,2026-07-28,C-0236,W-03,HV01,Attended
A-004208,2026-07-28,C-0246,W-03,CH02,Attended
A-004209,2026-07-28,C-0293,W-11,CO01,Attended
A-004210,2026-07-29,C-0013,W-02,HV01,Attended
A-004211,2026-07-29,C-0014,W-04,HV01,Attended
A-004212,2026-07-29,C-0014,W-04,HV01,Attended
A-004213,2026-07-29,C-0020,W-04,CH02,Attended
A-004214,2026-07-29,C-0063,W-11,CO02,No-show
A-004215,2026-07-29,C-0111,W-01,CH02,Attended
A-004216,2026-07-29,C-0147,W-01,CH02,No-show
A-004217,2026-07-29,C-0168,W-12,CO01,No-show
A-004218,2026-07-29,C-0179,W-05,HV01,Attended
A-004219,2026-07-29,C-0204,W-01,HV01,Attended
A-004220,2026-07-29,C-0229,W-12,CO01,Attended
A-004221,2026-07-29,C-0281,W-11,CO01,No-show
A-004222,2026-07-29,C-0292,W-04,CH02,Attended
A-004223,2026-07-30,C-0029,W-05,CH02,No-show
A-004224,2026-07-30,C-0037,W-11,CO01,Attended
A-004225,2026-07-30,C-0065,W-01,CH02,Attended
A-004226,2026-07-30,C-0096,W-04,CH02,Attended
A-004227,2026-07-30,C-0104,W-06,HV01,Attended
A-004228,2026-07-30,C-0141,W-04,CH02,Attended
A-004229,2026-07-30,C-0150,W-12,CO01,Attended
A-004230,2026-07-30,C-0156,W-03,CH02,Attended
A-004231,2026-07-30,C-0171,W-04,HV01,Attended
A-004232,2026-07-30,C-0173,W-11,CO02,Attended
A-004233,2026-07-30,C-0180,W-02,CH02,Attended
A-004234,2026-07-30,C-0181,W-11,CO01,Attended
A-004235,2026-07-30,C-0189,W-12,CO02,Attended
A-004236,2026-07-30,C-0209,W-05,HV01,Attended
A-004237,2026-07-30,C-0234,W-01,CH02,Attended
A-004238,2026-07-30,C-0241,W-06,HV01,Attended
A-004239,2026-07-30,C-0255,W-11,CO01,Attended
A-004240,2026-07-30,C-0256,W-02,CH02,Attended
A-004241,2026-07-30,C-0261,W-12,CO02,Attended
A-004242,2026-07-30,C-0262,W-05,CH02,Attended
A-004243,2026-07-30,C-0293,W-11,CO01,Attended
A-004244,2026-07-31,C-0009,W-04,CH02,Attended
A-004245,2026-07-31,C-0014,W-05,CH02,Attended
A-004246,2026-07-31,C-0035,W-06,CH02,Attended
A-004247,2026-07-31,C-0058,W-06,HV01,Attended
A-004248,2026-07-31,C-0073,W-12,CO01,Attended
A-004249,2026-07-31,C-0092,W-11,CO02,Attended
A-004250,2026-07-31,C-0101,W-02,HV01,Attended
A-004251,2026-07-31,C-0194,W-06,HV01,Attended
A-004252,2026-07-31,C-0229,W-05,CH02,Attended
A-004253,2026-07-31,C-0233,W-12,CO02,Attended
A-004254,2026-07-31,C-0248,W-12,CO01,Cancelled
A-004255,2026-07-31,C-0255,W-12,CO01,Attended
A-004256,2026-07-31,C-0270,W-06,HV01,Attended
A-004257,2026-07-31,C-0293,W-01,HV01,Attended
A-004258,2026-08-01,C-0006,W-03,CH02,Cancelled
A-004259,2026-08-01,C-0009,W-05,CH02,Attended
A-004260,2026-08-01,C-0010,W-06,CH02,Attended
A-004261,2026-08-01,C-0019,W-02,HV01,Attended
A-004262,2026-08-01,C-0025,W-12,CO02,Attended
A-004263,2026-08-01,C-0037,W-12,CO01,No-show
A-004264,2026-08-01,C-0063,W-11,CO02,Attended
A-004265,2026-08-01,C-0097,W-01,CH02,Attended
A-004266,2026-08-01,C-0117,W-06,CH02,Attended
A-004267,2026-08-01,C-0124,W-06,CH02,Attended
A-004268,2026-08-01,C-0151,W-01,CH02,Attended
A-004269,2026-08-01,C-0178,W-12,CO01,Attended
A-004270,2026-08-01,C-0197,W-11,CO01,Attended
A-004271,2026-08-01,C-0200,W-01,CH02,Attended
A-004272,2026-08-01,C-0205,W-12,CO01,Attended
A-004273,2026-08-01,C-0256,W-06,HV01,Attended
A-004274,2026-08-01,C-0256,W-11,CO01,Attended
A-004275,2026-08-01,C-0265,W-11,CO02,Attended
A-004276,2026-08-01,C-0299,W-04,HV01,Attended
A-004277,2026-08-02,C-0015,W-03,HV01,Attended
A-004278,2026-08-02,C-0029,W-05,CH02,Attended
A-004279,2026-08-02,C-0087,W-12,CO02,Cancelled
A-004280,2026-08-02,C-0092,W-05,HV01,Cancelled
A-004281,2026-08-02,C-0118,W-06,HV01,Attended
A-004282,2026-08-02,C-0168,W-12,CO01,Attended
A-004283,2026-08-02,C-0174,W-11,CO01,Attended
A-004284,2026-08-02,C-0212,W-01,CH02,Attended
A-004285,2026-08-02,C-0230,W-02,CH02,No-show
A-004286,2026-08-02,C-0233,W-11,CO02,Attended
A-004287,2026-08-02,C-0272,W-04,HV01,Attended
A-004288,2026-08-02,C-0272,W-04,CH02,Cancelled
A-004289,2026-08-02,C-0300,W-01,HV01,Attended
A-004290,2026-08-03,C-0006,W-03,CH02,Attended
A-004291,2026-08-03,C-0015,W-06,HV01,Attended
A-004292,2026-08-03,C-0018,W-06,CH02,Attended
A-004293,2026-08-03,C-0019,W-03,HV01,Cancelled
A-004294,2026-08-03,C-0025,W-06,CH02,Attended
A-004295,2026-08-03,C-0026,W-02,CH02,Attended
A-004296,2026-08-03,C-0060,W-12,CO02,No-show
A-004297,2026-08-03,C-0088,W-02,CH02,Attended
A-004298,2026-08-03,C-0117,W-04,HV01,Attended
A-004299,2026-08-03,C-0126,W-11,CO01,Attended
A-004300,2026-08-03,C-0126,W-06,HV01,Attended
A-004301,2026-08-03,C-0186,W-06,HV01,Attended
A-004302,2026-08-03,C-0189,W-11,CO01,Attended
A-004303,2026-08-03,C-0241,W-12,CO01,Attended
A-004304,2026-08-03,C-0248,W-12,CO01,Attended
A-004305,2026-08-03,C-0251,W-12,CO02,Attended
A-004306,2026-08-03,C-0299,W-06,CH02,Attended
A-004307,2026-08-04,C-0019,W-03,HV01,Attended
A-004308,2026-08-04,C-0096,W-06,HV01,Attended
A-004309,2026-08-04,C-0114,W-01,HV01,Attended
A-004310,2026-08-04,C-0239,W-12,CO02,No-show
A-004311,2026-08-04,C-0262,W-06,CH02,Cancelled
A-004312,2026-08-04,C-0272,W-04,CH02,Attended
A-004313,2026-08-04,C-0279,W-11,CO02,Attended
A-004314,2026-08-04,C-0285,W-01,CH02,Attended
A-004315,2026-08-05,C-0004,W-12,CO01,Attended
A-004316,2026-08-05,C-0042,W-11,CO02,No-show
A-004317,2026-08-05,C-0049,W-03,CH02,Attended
A-004318,2026-08-05,C-0052,W-06,HV01,Attended
A-004319,2026-08-05,C-0076,W-11,CO01,Attended
A-004320,2026-08-05,C-0087,W-02,HV01,Attended
A-004321,2026-08-05,C-0168,W-12,CO01,Cancelled
A-004322,2026-08-05,C-0174,W-11,CO01,Attended
A-004323,2026-08-05,C-0178,W-04,HV01,No-show
A-004324,2026-08-05,C-0191,W-12,CO02,Attended
A-004325,2026-08-05,C-0209,W-12,CO01,Attended
A-004326,2026-08-05,C-0212,W-03,HV01,Attended
A-004327,2026-08-05,C-0230,W-12,CO02,Attended
A-004328,2026-08-05,C-0272,W-01,HV01,Attended
A-004329,2026-08-05,C-0281,W-11,CO01,Attended
A-004330,2026-08-05,C-0281,W-11,CO01,Attended
A-004331,2026-08-06,C-0012,W-11,CO02,Attended
A-004332,2026-08-06,C-0037,W-11,CO01,Attended
A-004333,2026-08-06,C-0044,W-06,HV01,Attended
A-004334,2026-08-06,C-0087,W-12,CO02,Attended
A-004335,2026-08-06,C-0089,W-05,CH02,Attended
A-004336,2026-08-06,C-0101,W-12,CO01,Attended
A-004337,2026-08-06,C-0111,W-12,CO02,Attended
A-004338,2026-08-06,C-0159,W-03,CH02,No-show
A-004339,2026-08-06,C-0255,W-12,CO02,Attended
A-004340,2026-08-06,C-0281,W-03,CH02,Attended
A-004341,2026-08-06,C-0298,W-01,CH02,Cancelled
A-004342,2026-08-07,C-0019,W-03,HV01,Attended
A-004343,2026-08-07,C-0065,W-02,HV01,Attended
A-004344,2026-08-07,C-0092,W-05,HV01,Attended
A-004345,2026-08-07,C-0104,W-04,HV01,Attended
A-004346,2026-08-07,C-0138,W-01,HV01,Attended
A-004347,2026-08-07,C-0147,W-01,CH02,Attended
A-004348,2026-08-07,C-0156,W-01,CH02,Attended
A-004349,2026-08-07,C-0168,W-01,CH02,Attended
A-004350,2026-08-07,C-0168,W-11,CO01,Attended
A-004351,2026-08-07,C-0188,W-05,CH02,Attended
A-004352,2026-08-07,C-0197,W-12,CO01,Attended
A-004353,2026-08-07,C-0256,W-04,HV01,Attended
A-004354,2026-08-07,C-0261,W-05,HV01,Attended
A-004355,2026-08-08,C-0034,W-03,HV01,Attended
A-004356,2026-08-08,C-0037,W-12,CO01,Attended
A-004357,2026-08-08,C-0063,W-11,CO01,Attended
A-004358,2026-08-08,C-0069,W-12,CO02,Attended
A-004359,2026-08-08,C-0092,W-11,CO01,Attended
A-004360,2026-08-08,C-0092,W-11,CO01,No-show
A-004361,2026-08-08,C-0097,W-06,HV01,Attended
A-004362,2026-08-08,C-0101,W-11,CO01,Attended
A-004363,2026-08-08,C-0168,W-11,CO01,No-show
A-004364,2026-08-08,C-0187,W-11,CO01,Attended
A-004365,2026-08-08,C-0195,W-06,CH02,Attended
A-004366,2026-08-08,C-0196,W-06,CH02,Attended
A-004367,2026-08-08,C-0214,W-02,CH02,Attended
A-004368,2026-08-08,C-0223,W-02,HV01,Attended
A-004369,2026-08-09,C-0004,W-12,CO01,Attended
A-004370,2026-08-09,C-0006,W-05,CH02,Attended
A-004371,2026-08-09,C-0017,W-11,CO02,Attended
A-004372,2026-08-09,C-0029,W-04,HV01,Attended
A-004373,2026-08-09,C-0051,W-11,CO01,Attended
A-004374,2026-08-09,C-0060,W-12,CO02,Attended
A-004375,2026-08-09,C-0097,W-12,CO02,Attended
A-004376,2026-08-09,C-0114,W-06,CH02,Attended
A-004377,2026-08-09,C-0131,W-12,CO02,No-show
A-004378,2026-08-09,C-0141,W-12,CO02,Attended
A-004379,2026-08-09,C-0168,W-12,CO01,Attended
A-004380,2026-08-09,C-0168,W-12,CO01,Attended
A-004381,2026-08-09,C-0169,W-06,HV01,Attended
A-004382,2026-08-09,C-0241,W-04,HV01,Attended
A-004383,2026-08-09,C-0281,W-12,CO01,Attended
A-004384,2026-08-10,C-0061,W-11,CO02,Attended
A-004385,2026-08-10,C-0133,W-01,HV01,Attended
A-004386,2026-08-10,C-0223,W-02,HV01,Attended
A-004387,2026-08-10,C-0230,W-02,CH02,Attended
A-004388,2026-08-10,C-0246,W-12,CO01,Attended
A-004389,2026-08-10,C-0246,W-12,CO01,No-show
A-004390,2026-08-11,C-0013,W-12,CO02,Cancelled
A-004391,2026-08-11,C-0037,W-12,CO01,No-show
A-004392,2026-08-11,C-0042,W-11,CO02,Attended
A-004393,2026-08-11,C-0065,W-01,CH02,Attended
A-004394,2026-08-11,C-0092,W-06,HV01,Attended
A-004395,2026-08-11,C-0097,W-04,HV01,Cancelled
A-004396,2026-08-11,C-0156,W-05,CH02,Attended
A-004397,2026-08-11,C-0159,W-03,CH02,Attended
A-004398,2026-08-11,C-0166,W-11,CO02,Attended
A-004399,2026-08-11,C-0173,W-11,CO02,No-show
A-004400,2026-08-11,C-0193,W-11,CO01,Attended
A-004401,2026-08-11,C-0193,W-11,CO01,Attended
A-004402,2026-08-11,C-0196,W-03,HV01,Attended
A-004403,2026-08-11,C-0197,W-11,CO01,Attended
A-004404,2026-08-11,C-0212,W-03,HV01,Attended
A-004405,2026-08-11,C-0214,W-03,CH02,No-show
A-004406,2026-08-11,C-0222,W-06,HV01,Attended
A-004407,2026-08-11,C-0279,W-12,CO02,No-show
A-004408,2026-08-12,C-0009,W-06,CH02,Attended
A-004409,2026-08-12,C-0015,W-11,CO02,Attended
A-004410,2026-08-12,C-0041,W-01,CH02,No-show
A-004411,2026-08-12,C-0041,W-11,CO01,No-show
A-004412,2026-08-12,C-0042,W-12,CO01,Cancelled
A-004413,2026-08-12,C-0061,W-04,CH02,Attended
A-004414,2026-08-12,C-0114,W-05,CH02,Attended
A-004415,2026-08-12,C-0126,W-04,HV01,Attended
A-004416,2026-08-12,C-0150,W-03,HV01,Attended
A-004417,2026-08-12,C-0152,W-03,HV01,Cancelled
A-004418,2026-08-12,C-0159,W-12,CO01,Attended
A-004419,2026-08-12,C-0168,W-05,CH02,Attended
A-004420,2026-08-12,C-0168,W-02,HV01,Attended
A-004421,2026-08-12,C-0168,W-05,HV01,Attended
A-004422,2026-08-12,C-0171,W-04,HV01,Attended
A-004423,2026-08-12,C-0187,W-05,HV01,Attended
A-004424,2026-08-12,C-0205,W-01,HV01,Attended
A-004425,2026-08-12,C-0229,W-06,HV01,Attended
A-004426,2026-08-12,C-0239,W-12,CO02,Attended
A-004427,2026-08-12,C-0268,W-11,CO01,Attended
A-004428,2026-08-12,C-0285,W-11,CO01,Attended
A-004429,2026-08-13,C-0014,W-05,CH02,Cancelled
A-004430,2026-08-13,C-0088,W-03,HV01,Attended
A-004431,2026-08-13,C-0098,W-11,CO02,Attended
A-004432,2026-08-13,C-0104,W-03,CH02,No-show
A-004433,2026-08-13,C-0111,W-04,CH02,Attended
A-004434,2026-08-13,C-0131,W-12,CO02,Attended
A-004435,2026-08-13,C-0168,W-11,CO01,Attended
A-004436,2026-08-13,C-0246,W-12,CO01,Attended
A-004437,2026-08-13,C-0292,W-04,HV01,Attended
A-004438,2026-08-13,C-0300,W-12,CO01,No-show
A-004439,2026-08-14,C-0004,W-11,CO01,Attended
A-004440,2026-08-14,C-0008,W-01,HV01,Attended
A-004441,2026-08-14,C-0009,W-11,CO02,Attended
A-004442,2026-08-14,C-0037,W-12,CO02,Cancelled
A-004443,2026-08-14,C-0131,W-04,CH02,Attended
A-004444,2026-08-14,C-0146,W-11,CO02,No-show
A-004445,2026-08-14,C-0161,W-02,CH02,Attended
A-004446,2026-08-14,C-0174,W-03,CH02,Attended
A-004447,2026-08-14,C-0178,W-04,HV01,Attended
A-004448,2026-08-14,C-0196,W-11,CO01,Attended
A-004449,2026-08-14,C-0207,W-03,HV01,Attended
A-004450,2026-08-14,C-0228,W-02,CH02,Attended
A-004451,2026-08-14,C-0228,W-01,CH02,Attended
A-004452,2026-08-14,C-0246,W-12,CO01,Attended
A-004453,2026-08-14,C-0262,W-06,CH02,Attended
A-004454,2026-08-14,C-0264,W-11,CO01,Attended
A-004455,2026-08-14,C-0268,W-11,CO01,Cancelled
A-004456,2026-08-15,C-0008,W-11,CO01,No-show
A-004457,2026-08-15,C-0025,W-05,HV01,Attended
A-004458,2026-08-15,C-0039,W-11,CO01,Cancelled
A-004459,2026-08-15,C-0042,W-12,CO01,Attended
A-004460,2026-08-15,C-0058,W-02,HV01,Attended
A-004461,2026-08-15,C-0060,W-03,HV01,Attended
A-004462,2026-08-15,C-0105,W-11,CO02,Attended
A-004463,2026-08-15,C-0150,W-11,CO02,Attended
A-004464,2026-08-15,C-0161,W-04,HV01,Attended
A-004465,2026-08-15,C-0191,W-12,CO01,Attended
A-004466,2026-08-15,C-0229,W-02,CH02,No-show
A-004467,2026-08-15,C-0230,W-11,CO01,Attended
A-004468,2026-08-15,C-0257,W-03,HV01,Attended
A-004469,2026-08-15,C-0261,W-05,CH02,Attended
A-004470,2026-08-15,C-0278,W-05,CH02,Attended
A-004471,2026-08-15,C-0298,W-01,CH02,Attended
A-004472,2026-08-16,C-0014,W-05,CH02,Attended
A-004473,2026-08-16,C-0041,W-01,CH02,Attended
A-004474,2026-08-16,C-0049,W-11,CO01,Attended
A-004475,2026-08-16,C-0131,W-11,CO01,Attended
A-004476,2026-08-16,C-0138,W-11,CO01,Attended
A-004477,2026-08-16,C-0152,W-03,HV01,Attended
A-004478,2026-08-16,C-0193,W-03,CH02,No-show
A-004479,2026-08-16,C-0200,W-04,CH02,Attended
A-004480,2026-08-16,C-0248,W-11,CO01,Cancelled
A-004481,2026-08-17,C-0008,W-11,CO01,Attended
A-004482,2026-08-17,C-0013,W-12,CO02,Attended
A-004483,2026-08-17,C-0018,W-11,CO01,Attended
A-004484,2026-08-17,C-0028,W-06,CH02,Attended
A-004485,2026-08-17,C-0092,W-11,CO01,Attended
A-004486,2026-08-17,C-0104,W-03,CH02,Attended
A-004487,2026-08-17,C-0166,W-12,CO01,Attended
A-004488,2026-08-17,C-0173,W-11,CO02,Attended
A-004489,2026-08-17,C-0179,W-12,CO02,Attended
A-004490,2026-08-17,C-0189,W-11,CO01,Attended
A-004491,2026-08-17,C-0194,W-05,HV01,Attended
A-004492,2026-08-17,C-0208,W-01,HV01,Attended
A-004493,2026-08-17,C-0226,W-04,CH02,Attended
A-004494,2026-08-17,C-0259,W-02,CH02,Attended
A-004495,2026-08-17,C-0268,W-11,CO01,Attended
A-004496,2026-08-18,C-0063,W-05,CH02,Attended
A-004497,2026-08-18,C-0095,W-04,HV01,Attended
A-004498,2026-08-18,C-0111,W-11,CO01,No-show
A-004499,2026-08-18,C-0141,W-11,CO02,Attended
A-004500,2026-08-18,C-0178,W-01,CH02,Attended
A-004501,2026-08-18,C-0199,W-03,HV01,No-show
A-004502,2026-08-18,C-0205,W-11,CO02,Attended
A-004503,2026-08-18,C-0214,W-03,CH02,Attended
A-004504,2026-08-18,C-0221,W-01,CH02,Attended
A-004505,2026-08-18,C-0300,W-12,CO01,Attended
A-004506,2026-08-19,C-0025,W-11,CO01,No-show
A-004507,2026-08-19,C-0042,W-12,CO01,Attended
A-004508,2026-08-19,C-0049,W-04,CH02,Attended
A-004509,2026-08-19,C-0087,W-11,CO01,Attended
A-004510,2026-08-19,C-0087,W-11,CO02,Attended
A-004511,2026-08-19,C-0150,W-05,CH02,Attended
A-004512,2026-08-19,C-0161,W-06,CH02,Attended
A-004513,2026-08-19,C-0186,W-11,CO01,Attended
A-004514,2026-08-19,C-0214,W-05,CH02,No-show
A-004515,2026-08-19,C-0235,W-01,CH02,Attended
A-004516,2026-08-19,C-0239,W-04,CH02,Attended
A-004517,2026-08-19,C-0245,W-05,HV01,Attended
A-004518,2026-08-19,C-0279,W-12,CO02,Attended
A-004519,2026-08-19,C-0287,W-11,CO02,Attended
A-004520,2026-08-19,C-0300,W-12,CO01,Attended
A-004521,2026-08-20,C-0009,W-02,CH02,Attended
A-004522,2026-08-20,C-0019,W-06,CH02,Attended
A-004523,2026-08-20,C-0035,W-01,HV01,Attended
A-004524,2026-08-20,C-0043,W-04,CH02,Attended
A-004525,2026-08-20,C-0060,W-06,CH02,Attended
A-004526,2026-08-20,C-0096,W-04,CH02,Attended
A-004527,2026-08-20,C-0126,W-06,HV01,No-show
A-004528,2026-08-20,C-0179,W-11,CO02,Attended
A-004529,2026-08-20,C-0180,W-11,CO01,Attended
A-004530,2026-08-20,C-0188,W-01,HV01,Attended
A-004531,2026-08-20,C-0191,W-01,HV01,Attended
A-004532,2026-08-20,C-0230,W-04,CH02,Attended
A-004533,2026-08-20,C-0245,W-06,CH02,Attended
A-004534,2026-08-20,C-0246,W-12,CO01,No-show
A-004535,2026-08-20,C-0248,W-11,CO01,Attended
A-004536,2026-08-20,C-0257,W-06,HV01,Attended
A-004537,2026-08-21,C-0035,W-11,CO02,Attended
A-004538,2026-08-21,C-0037,W-12,CO01,Attended
A-004539,2026-08-21,C-0041,W-11,CO01,Attended
A-004540,2026-08-21,C-0067,W-01,HV01,Attended
A-004541,2026-08-21,C-0097,W-04,HV01,Attended
A-004542,2026-08-21,C-0101,W-11,CO01,Attended
A-004543,2026-08-21,C-0118,W-05,HV01,Attended
A-004544,2026-08-21,C-0161,W-06,CH02,Attended
A-004545,2026-08-21,C-0199,W-03,HV01,Attended
A-004546,2026-08-21,C-0206,W-11,CO01,Attended
A-004547,2026-08-21,C-0208,W-05,HV01,No-show
A-004548,2026-08-21,C-0209,W-02,CH02,Attended
A-004549,2026-08-21,C-0278,W-06,HV01,Attended
A-004550,2026-08-22,C-0037,W-03,CH02,Attended
A-004551,2026-08-22,C-0037,W-11,CO01,Attended
A-004552,2026-08-22,C-0042,W-12,CO01,Attended
A-004553,2026-08-22,C-0061,W-02,HV01,Attended
A-004554,2026-08-22,C-0087,W-02,HV01,Attended
A-004555,2026-08-22,C-0101,W-03,HV01,Attended
A-004556,2026-08-22,C-0150,W-03,HV01,Attended
A-004557,2026-08-22,C-0166,W-12,CO01,Attended
A-004558,2026-08-22,C-0173,W-02,HV01,Attended
A-004559,2026-08-22,C-0173,W-06,CH02,Attended
A-004560,2026-08-22,C-0193,W-03,CH02,Attended
A-004561,2026-08-22,C-0214,W-05,CH02,Attended
A-004562,2026-08-22,C-0239,W-01,CH02,No-show
A-004563,2026-08-22,C-0246,W-12,CO01,Attended
A-004564,2026-08-22,C-0292,W-03,HV01,Attended
A-004565,2026-08-22,C-0293,W-06,HV01,Cancelled
A-004566,2026-08-23,C-0025,W-11,CO01,Attended
A-004567,2026-08-23,C-0096,W-12,CO01,Attended
A-004568,2026-08-23,C-0118,W-04,HV01,Attended
A-004569,2026-08-23,C-0138,W-05,HV01,Attended
A-004570,2026-08-23,C-0146,W-11,CO02,Attended
A-004571,2026-08-23,C-0147,W-05,HV01,Attended
A-004572,2026-08-23,C-0148,W-11,CO01,Attended
A-004573,2026-08-23,C-0224,W-02,CH02,Attended
A-004574,2026-08-23,C-0229,W-02,CH02,Attended
A-004575,2026-08-23,C-0230,W-02,HV01,Attended
A-004576,2026-08-23,C-0235,W-01,CH02,Attended
A-004577,2026-08-24,C-0001,W-02,CH02,Attended
A-004578,2026-08-24,C-0004,W-01,HV01,Attended
A-004579,2026-08-24,C-0004,W-03,HV01,Attended
A-004580,2026-08-24,C-0025,W-11,CO01,Attended
A-004581,2026-08-24,C-0037,W-11,CO01,Attended
A-004582,2026-08-24,C-0037,W-12,CO02,Attended
A-004583,2026-08-24,C-0048,W-03,CH02,Attended
A-004584,2026-08-24,C-0076,W-11,CO02,Attended
A-004585,2026-08-24,C-0088,W-01,HV01,Attended
A-004586,2026-08-24,C-0111,W-12,CO01,Attended
A-004587,2026-08-24,C-0111,W-11,CO01,Attended
A-004588,2026-08-24,C-0182,W-01,CH02,Attended
A-004589,2026-08-24,C-0233,W-05,HV01,Attended
A-004590,2026-08-24,C-0248,W-06,CH02,Attended
A-004591,2026-08-24,C-0289,W-01,CH02,Attended
A-004592,2026-08-25,C-0004,W-12,CO02,Attended
A-004593,2026-08-25,C-0039,W-11,CO01,Attended
A-004594,2026-08-25,C-0042,W-12,CO01,Attended
A-004595,2026-08-25,C-0058,W-11,CO02,Attended
A-004596,2026-08-25,C-0088,W-04,HV01,Attended
A-004597,2026-08-25,C-0115,W-01,CH02,Attended
A-004598,2026-08-25,C-0124,W-06,HV01,Attended
A-004599,2026-08-25,C-0161,W-03,HV01,No-show
A-004600,2026-08-25,C-0187,W-02,HV01,Attended
A-004601,2026-08-25,C-0193,W-01,HV01,Attended
A-004602,2026-08-25,C-0196,W-04,CH02,Attended
A-004603,2026-08-25,C-0230,W-04,CH02,Attended
A-004604,2026-08-25,C-0255,W-03,HV01,Attended
A-004605,2026-08-25,C-0278,W-06,CH02,Attended
A-004606,2026-08-26,C-0016,W-06,HV01,Attended
A-004607,2026-08-26,C-0018,W-12,CO02,Attended
A-004608,2026-08-26,C-0052,W-02,HV01,Attended
A-004609,2026-08-26,C-0071,W-03,CH02,Attended
A-004610,2026-08-26,C-0074,W-11,CO01,Attended
A-004611,2026-08-26,C-0074,W-11,CO01,Attended
A-004612,2026-08-26,C-0104,W-04,CH02,Attended
A-004613,2026-08-26,C-0105,W-12,CO02,Cancelled
A-004614,2026-08-26,C-0127,W-01,HV01,Attended
A-004615,2026-08-26,C-0186,W-11,CO01,Attended
A-004616,2026-08-26,C-0222,W-11,CO01,Attended
A-004617,2026-08-26,C-0236,W-11,CO02,Attended
A-004618,2026-08-26,C-0272,W-02,CH02,Attended
A-004619,2026-08-27,C-0088,W-04,HV01,Attended
A-004620,2026-08-27,C-0105,W-12,CO02,Attended
A-004621,2026-08-27,C-0134,W-06,HV01,Attended
A-004622,2026-08-27,C-0166,W-11,CO01,Attended
A-004623,2026-08-27,C-0195,W-11,CO02,Attended
A-004624,2026-08-27,C-0197,W-02,CH02,Attended
A-004625,2026-08-27,C-0199,W-01,CH02,Attended
A-004626,2026-08-27,C-0199,W-11,CO02,Attended
A-004627,2026-08-27,C-0204,W-03,CH02,No-show
A-004628,2026-08-27,C-0245,W-02,HV01,Attended
A-004629,2026-08-27,C-0256,W-01,HV01,Attended
A-004630,2026-08-27,C-0285,W-11,CO01,No-show
A-004631,2026-08-28,C-0019,W-01,HV01,Attended
A-004632,2026-08-28,C-0035,W-11,CO02,Attended
A-004633,2026-08-28,C-0044,W-02,HV01,Attended
A-004634,2026-08-28,C-0071,W-05,HV01,Attended
A-004635,2026-08-28,C-0076,W-12,CO01,Attended
A-004636,2026-08-28,C-0114,W-02,CH02,Attended
A-004637,2026-08-28,C-0124,W-11,CO01,Attended
A-004638,2026-08-28,C-0152,W-01,HV01,Attended
A-004639,2026-08-28,C-0226,W-03,HV01,Attended
A-004640,2026-08-28,C-0229,W-03,CH02,Attended
A-004641,2026-08-28,C-0241,W-06,CH02,Attended
A-004642,2026-08-28,C-0249,W-02,CH02,Attended
A-004643,2026-08-28,C-0255,W-06,CH02,Attended
A-004644,2026-08-28,C-0300,W-11,CO01,Attended
A-004645,2026-08-29,C-0005,W-04,HV01,Attended
A-004646,2026-08-29,C-0049,W-12,CO01,Attended
A-004647,2026-08-29,C-0105,W-12,CO02,Attended
A-004648,2026-08-29,C-0228,W-01,CH02,Attended
A-004649,2026-08-29,C-0234,W-12,CO01,Attended
A-004650,2026-08-29,C-0236,W-12,CO02,Attended
A-004651,2026-08-29,C-0239,W-01,CH02,Attended
A-004652,2026-08-29,C-0285,W-11,CO01,Attended
A-004653,2026-08-29,C-0293,W-06,HV01,Attended
A-004654,2026-08-30,C-0009,W-06,HV01,Attended
A-004655,2026-08-30,C-0044,W-11,CO02,Attended
A-004656,2026-08-30,C-0071,W-04,HV01,Attended
A-004657,2026-08-30,C-0115,W-05,HV01,Attended
A-004658,2026-08-30,C-0126,W-06,HV01,Attended
A-004659,2026-08-30,C-0148,W-12,CO01,Attended
A-004660,2026-08-30,C-0160,W-01,HV01,Attended
A-004661,2026-08-30,C-0161,W-03,HV01,Attended
A-004662,2026-08-30,C-0188,W-06,CH02,Attended
A-004663,2026-08-30,C-0191,W-06,HV01,Attended
A-004664,2026-08-30,C-0204,W-03,CH02,Attended
A-004665,2026-08-30,C-0208,W-05,HV01,Attended
A-004666,2026-08-30,C-0233,W-05,HV01,Attended
A-004667,2026-08-31,C-0005,W-05,HV01,Attended
A-004668,2026-08-31,C-0091,W-11,CO01,Attended
A-004669,2026-08-31,C-0173,W-04,CH02,Attended
A-004670,2026-08-31,C-0216,W-06,HV01,Attended
A-004671,2026-08-31,C-0224,W-11,CO02,Attended
A-004672,2026-08-31,C-0226,W-11,CO01,Attended
A-004673,2026-08-31,C-0245,W-04,HV01,Attended
A-004674,2026-08-31,C-0281,W-11,CO02,Attended
A-004675,2026-08-31,C-0285,W-11,CO01,Attended
A-004676,2026-08-31,C-0295,W-04,HV01,Attended
