ServiceID,ClientID,ServiceDate,ServiceCode,WorkerID,DurationMins
S-000001,C-0282,2025-04-07,HV01,W-06,45
S-000002,C-0135,2025-04-08,CO01,W-12,60
S-000003,C-0282,2025-04-10,PH01,W-06,5
S-000004,C-0066,2025-04-11,TR01,W-05,20
S-000005,C-0143,2025-04-11,FA01,W-03,45
S-000006,C-0282,2025-04-11,FA02,W-13,15
S-000007,C-0267,2025-04-12,PH01,W-10,5
S-000008,C-0267,2025-04-12,HV01,W-03,120
S-000009,C-0143,2025-04-13,HV01,W-04,90
S-000010,C-0213,2025-04-13,RF01,W-06,15
S-000011,C-0135,2025-04-14,CN01,W-09,30
S-000012,C-0135,2025-04-14,CO01,W-12,50
S-000013,C-0291,2025-04-14,FA01,W-03,30
S-000014,C-0135,2025-04-15,ID01,W-09,20
S-000015,C-0179,2025-04-16,CN01,W-05,15
S-000016,C-0267,2025-04-16,TR01,W-10,30
S-000017,C-0291,2025-04-16,TR02,W-03,30
S-000018,C-0158,2025-04-17,CN01,W-07,15
S-000019,C-0203,2025-04-17,HV01,W-01,120
S-000020,C-0131,2025-04-18,CO01,W-11,90
S-000021,C-0135,2025-04-18,FA02,W-14,20
S-000022,C-0203,2025-04-18, ph01  ,W-06,10
S-000023,C-0265,2025-04-18,PH01,W-10,5
S-000024,C-0095,2025-04-19,FA03,W-13,45
S-000025,C-0095,2025-04-19,CH02,W-01,45
S-000026,C-0131,2025-04-19,CN01,W-09,10
S-000027,C-0135,2025-04-19,CO01,W-12,60
S-000028,C-0213,2025-04-19,IN01,W-06,15
S-000029,C-0291,2025-04-19,PH01,W-03,15
S-000030,C-0158,2025-04-20,PH01,W-07,5
S-000031,C-0282,2025-04-20,FA02,W-14,15
S-000032,C-0143,2025-04-21,HV01,W-03,60
S-000033,C-0203,2025-04-21,CN01,W-06,10
S-000034,C-0267,2025-04-21,TR02,W-10,30
S-000035,C-0267,2025-04-21,CH02,W-01,90
S-000036,C-0291,2025-04-21,CN01,W-03,10
S-000037,C-0135,2025-04-22,PH01,W-09,10
S-000038,C-0203,2025-04-22,HV01,W-02,120
S-000039,C-0267,2025-04-22,FA01 ,W-10,30
S-000040,C-0298,2025-04-22,HV01,W-02,120
S-000041,C-0131,2025-04-23,CO01,W-12,60
S-000042,C-0131,2025-04-23,PH01,W-09,15
S-000043,C-0135,2025-04-23,CN01,W-09,15
S-000044,C-0158,2025-04-23,CN01,W-07,10
S-000044,C-0158,2025-04-23,CN01,W-07,10
S-000045,C-0213,2025-04-23,TR01,W-06,30
S-000046,C-0246,2025-04-23,CN01,W-10,20
S-000047,C-0246,2025-04-23,HV01,W-06,60
S-000048,C-0131,2025-04-24,FA03,W-14,30
S-000049,C-0131,2025-04-24,RF01,W-09,10
S-000050,C-0143,2025-04-24,PH01,W-03,5
S-000051,C-0203,2025-04-24,PH01,W-06,10
S-000052,C-0203,2025-04-24,RF01,W-06,20
S-000053,C-0213,2025-04-24,CN01,W-06,20
S-000054,C-0246,2025-04-24,HV01,W-06,45
S-000055,C-0265,2025-04-24,FA01,W-10,45
S-000056,C-0135,2025-04-25,CH02,W-02,120
S-000057,C-0179,2025-04-25,CN01,W-05,10
S-000058,C-0179,2025-04-25,CO01,W-12,50
S-000059,C-0143,2025-04-26,CN01,W-03,15
S-000060,C-0246,2025-04-26,TR02,W-10,45
S-000061,C-0095,2025-04-27,PH01,W-06,15
S-000062,C-0095,2025-04-27,IN01,W-06,30
S-000063,C-0203,2025-04-27,IN01,W-06,30
S-000064,C-0291,2025-04-27,CN01,W-03,20
S-000065,C-0203,2025-04-28,CO02,W-11,90
S-000066,C-0213,2025-04-28,IN01,W-06,45
S-000067,C-0265,2025-04-28,TR02,W-10,20
S-000068,C-0267,2025-04-28,TR02,W-10,15
S-000069,C-0267,2025-04-28,PH01,W-10,20
S-000070,C-0282,2025-04-28,CN01,W-06,15
S-000071,C-0203,2025-04-29,CO01,W-11,60
S-000072,C-0203,2025-04-29,HV01,W-04,45
S-000073,C-0246,2025-04-29,CN01,W-10,20
S-000074,C-0246,2025-04-29,TR02 ,W-10,45
S-000075,C-0282,2025-04-29,HV01,W-06,60
S-000076,C-0291,2025-04-29,CN01,W-03,15
S-000077,C-0095,2025-04-30,ID01,W-06,30
S-000078,C-0135,2025-04-30,TR01,W-09,30
S-000079,C-0143,2025-04-30,HV01,W-01,60
S-000080,C-0126,2025-05-01,FA02,W-13,20
S-000081,C-0143,2025-05-01,PH01,W-03,20
S-000082,C-0179,2025-05-01,CN01,W-05,30
S-000083,C-0246,2025-05-01,CN01,W-10,10
S-000084,C-0265,2025-05-01,TR02,W-10,20
S-000085,C-0135,2025-05-02,CO02,W-12,60
S-000086,C-0249,2025-05-02,CN01,W-02,15
S-000087,C-0282,2025-05-02,PH01,W-06,20
S-000088,C-0282,2025-05-02,CN01,W-06,15
S-000089,C-0291,2025-05-02,CO02,W-11,60
S-000090,C-0203,2025-05-03,CN01,W-06,20
S-000091,C-0213,2025-05-03,HV01,W-06,120
S-000092,C-0246,2025-05-03,IN01 ,W-10,15
S-000093,C-0267,2025-05-03,rf01,W-10,10
S-000094,C-0267,2025-05-03,HV01,W-01,45
S-000095,C-0291,2025-05-03,CO01 ,W-12,90
S-000096,C-0158,2025-05-04,ID01,W-07,45
S-000097,C-0265,2025-05-04,CO01,W-11,90
S-000098,C-0265,2025-05-04,CO01,W-11,90
S-000098,C-0265,2025-05-04,CO01,W-11,90
S-000099,C-0291,2025-05-04,CN01,W-03,10
S-000100,C-0126,2025-05-05,IN01,W-02,20
S-000101,C-0249,2025-05-06,CN01,W-02,15
S-000102,C-0267,2025-05-06,CO02,W-12,60
S-000103,C-0032,2025-05-07,CN01,W-01,15
S-000104,C-0143,2025-05-07,CN01,W-03,10
S-000105,C-0282,2025-05-07,CN01,W-06,15
S-000106,C-0095,2025-05-08,IN01,W-06,45
S-000107,C-0131,2025-05-08,CN01,W-09,30
S-000108,C-0135,2025-05-08,CH02,W-01,90
S-000109,C-0203,2025-05-08,CN01,W-06,20
S-000110,C-0246,2025-05-08,RF01,W-10,15
S-000111,C-0300,2025-05-08,CN01,W-05,15
S-000112,C-0093,2025-05-09,IN01,W-08,45
S-000113,C-0095,2025-05-09,FA03,W-13,45
S-000114,C-0095,2025-05-09,IN01,W-06,20
S-000115,C-0121,2025-05-09,CN01,W-05,15
S-000116,C-0135,2025-05-09,TR01,W-09,45
S-000117,C-0158,2025-05-09,fa01,W-07,30
S-000118,C-0158,2025-05-09,CO01 ,W-12,50
S-000119,C-0203,2025-05-09,PH01,W-06,5
S-000120,C-0265,2025-05-09,CH02,W-06,120
S-000121,C-0267,2025-05-09,CN01,W-10,10
S-000122,C-0282,2025-05-09,CN01,W-06,15
S-000123,C-0298,2025-05-09,HV01,W-04,45
S-000124,C-0095,2025-05-10,CN01,W-06,15
S-000125,C-0095,2025-05-10,TR01,W-06,15
S-000126,C-0121,2025-05-10,FA03,W-14,15
S-000127,C-0246,2025-05-10,CN01,W-10,30
S-000128,C-0265,2025-05-10,CN01,W-10,15
S-000129,C-0265,2025-05-10,CN01,W-10,15
S-000130,C-0066,2025-05-11,TR02,W-05,30
S-000131,C-0122,2025-05-11,CN01,W-09,30
S-000132,C-0282,2025-05-11,CN01,W-06,15
S-000133,C-0291,2025-05-11, hv01  ,W-02,120
S-000134,C-0126,2025-05-12,FA02,W-13,30
S-000135,C-0143,2025-05-12,TR02,W-03,15
S-000136,C-0246,2025-05-12,CH02,W-01,45
S-000137,C-0066,2025-05-13,CN01,W-05,20
S-000138,C-0121,2025-05-13,CN01,W-05,10
S-000139,C-0203,2025-05-13,RF01,W-06,20
S-000140,C-0246,2025-05-13,PH01,W-10,15
S-000141,C-0265,2025-05-13,PH01,W-10,10
S-000142,C-0095,2025-05-14,CN01,W-06,10
S-000143,C-0126,2025-05-14,CO01,W-12,50
S-000144,C-0126,2025-05-14,CO01,W-11,50
S-000145,C-0131,2025-05-14,CN01,W-09,30
S-000146,C-0213,2025-05-14,RF01,W-06,30
S-000147,C-0265,2025-05-14,TR01,W-10,20
S-000148,C-0300,2025-05-14,RF01,W-05,15
S-000149,C-0032,2025-05-15,CN01,W-01,20
S-000150,C-0116,2025-05-15,TR02,W-07,45
S-000151,C-0265,2025-05-15,PH01,W-10,20
S-000152,C-0131,2025-05-16,TR02,W-09,45
S-000153,C-0135,2025-05-16,CO01,W-11,50
S-000154,C-0213,2025-05-16,PH01,W-06,5
S-000155,C-0265,2025-05-16,HV01,W-05,60
S-000156,C-0267,2025-05-16,RF01,W-10,15
S-000157,C-0282,2025-05-16,PH01,W-06,5
S-000158,C-0298,2025-05-16,IN01,W-07,30
S-000159,C-0032,2025-05-17,CO02,W-12,60
S-000160,C-0066,2025-05-17,ID01,W-05,45
S-000161,C-0116,2025-05-17,TR02,W-07,45
S-000162,C-0122,2025-05-17,CO02,W-12,60
S-000163,C-0131,2025-05-17,PH01,W-09,15
S-000164,C-0135,2025-05-17,CO01,W-11,60
S-000165,C-0246,2025-05-17,co01,W-11,50
S-000166,C-0265,2025-05-17,CN01,W-10,30
S-000167,C-0291,2025-05-17,CO02,W-12,90
S-000168,C-0300,2025-05-17,CO02,W-11,60
S-000169,C-0300,2025-05-17,PH01,W-05,5
S-000170,C-0066,2025-05-18,IN01,W-05,30
S-000171,C-0122,2025-05-18,CN01,W-09,15
S-000172,C-0158,2025-05-18,PH01,W-07,10
S-000173,C-0282,2025-05-18,CH02,W-02,45
S-000174,C-0291,2025-05-18,TR02,W-03,20
S-000175,C-0298,2025-05-18,HV01 ,W-06,60
S-000176,C-0066,2025-05-19,ID01 ,W-05,30
S-000177,C-0095,2025-05-19,PH01,W-06,20
S-000178,C-0131,2025-05-19,CH02,W-06,45
S-000179,C-0213,2025-05-19,IN01,W-06,45
S-000180,C-0246,2025-05-19,CO01,W-11,50
S-000181,C-0066,2025-05-20,CN01,W-05,20
S-000182,C-0135,2025-05-20,PH01,W-09,15
S-000183,C-0265,2025-05-20,CN01,W-10,20
S-000184,C-0122,2025-05-21,ID01,W-09,15
S-000185,C-0203,2025-05-21,CO02,W-11,50
S-000186,C-0095,2025-05-22,ID01,W-06,20
S-000187,C-0095,2025-05-22,TR02,W-06,45
S-000187,C-0095,2025-05-22,TR02,W-06,45
S-000188,C-0116,2025-05-22,CH02,W-06,60
S-000189,C-0122,2025-05-22,RF01,W-09,30
S-000190,C-0122,2025-05-22,CO02,W-12,60
S-000191,C-0242,2025-05-22,TR02,W-01,45
S-000192,C-0246,2025-05-22,FA01,W-10,30
S-000193,C-0253,2025-05-22,HV01,W-04,45
S-000194,C-0282,2025-05-22,PH01,W-06,15
S-000195,C-0093,2025-05-23,rf01,W-08,30
S-000196,C-0116,2025-05-23,CH02,W-01,45
S-000197,C-0131,2025-05-23,FA01,W-09,20
S-000198,C-0193,2025-05-23,TR02,W-01,20
S-000199,C-0246,2025-05-23,TR02 ,W-10,30
S-000200,C-0265,2025-05-23,CN01,W-10,20
S-000201,C-0282,2025-05-23,FA02,W-14,15
S-000202,C-0122,2025-05-24,TR02,W-09,15
S-000203,C-0135,2025-05-24,HV01,W-03,90
S-000204,C-0193,2025-05-24,CN01,W-01,30
S-000205,C-0267,2025-05-24,TR01,W-10,45
S-000206,C-0032,2025-05-25,TR02,W-01,15
S-000207,C-0045,2025-05-25,HV01,W-01,60
S-000208,C-0068,2025-05-25,CH02,W-06,45
S-000209,C-0282,2025-05-25,FA03,W-13,15
S-000210,C-0291,2025-05-25,HV01,W-03,45
S-000211,C-0032,2025-05-26,IN01,W-01,30
S-000212,C-0121,2025-05-26,PH01,W-05,10
S-000213,C-0158,2025-05-26,CH02,W-01,60
S-000214,C-0203,2025-05-26,RF01,W-06,30
S-000215,C-0253,2025-05-26,PH01,W-06,20
S-000216,C-0265,2025-05-26,IN01,W-10,20
S-000217,C-0267,2025-05-26,HV01,W-05,120
S-000218,C-0291,2025-05-26,TR02,W-03,20
S-000219,C-0066,2025-05-27,CN01,W-05,20
S-000220,C-0068,2025-05-27,CO02,W-12,90
S-000221,C-0068,2025-05-27,IN01,W-01,20
S-000222,C-0095,2025-05-27,PH01,W-06,10
S-000223,C-0266,2025-05-27,,W-01,15
S-000224,C-0266,2025-05-27,PH01,W-01,5
S-000225,C-0267,2025-05-27,PH01,W-10,10
S-000226,C-0291,2025-05-27,PH01,W-03,15
S-000227,C-0122,2025-05-28,PH01,W-09,20
S-000228,C-0122,2025-05-28,CO02,W-12,90
S-000229,C-0194,2025-05-28,CH02,W-05,90
S-000230,C-0203,2025-05-28,tr01,W-06,45
S-000231,C-0203,2025-05-28,CO02,W-11,50
S-000232,C-0068,2025-05-29,CN01,W-01,15
S-000233,C-0116,2025-05-29,PH01,W-07,10
S-000234,C-0135,2025-05-29,TR02,W-09,30
S-000235,C-0298,2025-05-29,HV01,W-05,60
S-000236,C-0298,2025-05-29,PH01,W-07,15
S-000237,C-0045,2025-05-30,ID01,W-02,15
S-000238,C-0045,2025-05-30,FA03,W-14,30
S-000239,C-0095,2025-05-30,PH01,W-06,15
S-000240,C-0095,2025-05-30,FA01,W-06,45
S-000241,C-0116,2025-05-30,RF01,W-07,30
S-000242,C-0116,2025-05-30,CH02,W-05,90
S-000243,C-0155,2025-05-30,PH01,W-07,20
S-000244,C-0203,2025-05-30,ID01,W-06,20
S-000245,C-0282,2025-05-30,FA01 ,W-06,20
S-000246,C-0032,2025-05-31,CO01,W-12,60
S-000247,C-0122,2025-05-31,FA01,W-09,45
S-000248,C-0126,2025-05-31,FA03,W-14,30
S-000249,C-0155,2025-05-31,CO01 ,W-12,90
S-000250,C-0266,2025-05-31,TR01,W-01,20
S-000251,C-0291,2025-05-31,TR01,W-03,15
S-000252,C-0300,2025-05-31,CN01,W-05,15
S-000253,C-0037,2025-06-01,CN01,W-02,15
S-000254,C-0122,2025-06-01,PH01,W-09,15
S-000255,C-0193,2025-06-01,FA03,W-13,30
S-000256,C-0193,2025-06-01,PH01,W-01,15
S-000257,C-0203,2025-06-01,RF01,W-06,10
S-000258,C-0267,2025-06-01,FA01,W-10,30
S-000259,C-0032,2025-06-02,TR02 ,W-01,15
S-000260,C-0095,2025-06-02,PH01,W-06,5
S-000261,C-0095,2025-06-02,IN01,W-06,45
S-000262,C-0143,2025-06-02,HV01,W-06,45
S-000263,C-0202,2025-06-02,FA03,W-13,30
S-000264,C-0242,2025-06-02,ID01,W-01,30
S-000265,C-0246,2025-06-02,PH01,W-10,15
S-000266,C-0249,2025-06-02,FA01,W-02,45
S-000267,C-0265,2025-06-02,CN01,W-10,30
S-000268,C-0266,2025-06-02,PH01,W-01,20
S-000269,C-0300,2025-06-02,CN01,W-05,20
S-000270,C-0037,2025-06-03,RF01,W-02,15
S-000271,C-0037,2025-06-03,RF01,W-02,15
S-000272,C-0037,2025-06-03,HV01,W-04,90
S-000273,C-0053,2025-06-03,TR02,W-05,15
S-000274,C-0068,2025-06-03,CH02,W-06,90
S-000275,C-0179,2025-06-03,PH01,W-05,5
S-000276,C-0246,2025-06-03,CN01,W-10,15
S-000277,C-0246,2025-06-03,TR02,W-10,15
S-000278,C-0267,2025-06-03,CN01 ,W-10,10
S-000279,C-0276,2025-06-03,CO02,W-11,50
S-000280,C-0298,2025-06-03,FA01,W-07,45
S-000281,C-0298,2025-06-03,CH02,W-01,45
S-000282,C-0030,2025-06-04,CO01,W-12,50
S-000283,C-0032,2025-06-04,CN01,W-01,15
S-000284,C-0131,2025-06-04,TR02,W-09,20
S-000285,C-0133,2025-06-04,IN01,W-09,30
S-000286,C-0133,2025-06-04,FA02,W-13,15
S-000287,C-0158,2025-06-04,PH01,W-07,5
S-000288,C-0202,2025-06-04,FA02,W-13,20
S-000289,C-0246,2025-06-04,CO02,W-11,90
S-000290,C-0265,2025-06-04,CN01,W-10,20
S-000291,C-0037,2025-06-05,CO01,W-12,50
S-000292,C-0053,2025-06-05,FA02,W-14,45
S-000293,C-0093,2025-06-05,CN01,W-08,20
S-000294,C-0095,2025-06-05,FA02,W-13,30
S-000295,C-0126,2025-06-05,FA01 ,W-02,15
S-000296,C-0133,2025-06-05,tr02,W-09,15
S-000297,C-0242,2025-06-05,CH02,W-04,60
S-000298,C-0246,2025-06-05,CO01,W-12,90
S-000299,C-0249,2025-06-05,CN01,W-02,10
S-000300,C-0045,2025-06-06,HV01,W-03,60
S-000301,C-0133,2025-06-06,FA02,W-14,20
S-000302,C-0158,2025-06-06,TR02,W-07,30
S-000303,C-0276,2025-06-06,cn01,W-05,15
S-000304,C-0300,2025-06-06,RF01,W-05,10
S-000305,C-0202,2025-06-07,CN01,W-02,20
S-000306,C-0203,2025-06-07,IN01,W-06,30
S-000307,C-0291,2025-06-07,CN01,W-03,30
S-000308,C-0298,2025-06-07,CN01,W-07,15
S-000309,C-0300,2025-06-07,CO01,W-12,90
S-000310,C-0037,2025-06-08,CN01,W-02,20
S-000311,C-0068,2025-06-08,PH01,W-01,20
S-000312,C-0122,2025-06-08,CH02,W-04,120
S-000313,C-0202,2025-06-08,CH02,W-06,45
S-000314,C-0253,2025-06-08,TR01,W-06,30
S-000315,C-0291,2025-06-08,CO01,W-12,50
S-000316,C-0066,2025-06-09,TR01,W-05,15
S-000317,C-0095,2025-06-09,CN01,W-06,20
S-000318,C-0131,2025-06-09,CO02,W-11,60
S-000319,C-0131,2025-06-09, ph01  ,W-09,5
S-000320,C-0143,2025-06-09,PH01,W-03,20
S-000321,C-0143,2025-06-09,RF01,W-03,30
S-000322,C-0194,2025-06-09,CH02,W-04,120
S-000323,C-0203,2025-06-09,PH01,W-06,5
S-000324,C-0203,2025-06-09,CN01,W-06,20
S-000325,C-0213,2025-06-09,IN01,W-06,20
S-000326,C-0250,2025-06-09,RF01,W-10,15
S-000327,C-0266,2025-06-09,CO02,W-12,90
S-000328,C-0267,2025-06-09,TR02,W-10,30
S-000329,C-0291,2025-06-09,PH01,W-03,15
S-000330,C-0300,2025-06-09,CO01,W-11,60
S-000331,C-0300,2025-06-09,CN01,W-05,10
S-000332,C-0037,2025-06-10,CN01 ,W-02,10
S-000333,C-0066,2025-06-10,CN01,W-05,30
S-000334,C-0095,2025-06-10,RF01 ,W-06,30
S-000335,C-0121,2025-06-10,CH02,W-05,60
S-000336,C-0125,2025-06-10,PH01,W-05,10
S-000337,C-0131,2025-06-10,CO01,W-12,90
S-000338,C-0193,2025-06-10,PH01,W-01,10
S-000339,C-0202,2025-06-10,FA02,W-13,30
S-000340,C-0246,2025-06-10,PH01,W-10,5
S-000341,C-0253,2025-06-10,IN01,W-06,20
S-000342,C-0265,2025-06-10,TR02,W-10,30
S-000343,C-0276,2025-06-10,CH02,W-04,45
S-000344,C-0282,2025-06-10,FA02,W-13,20
S-000345,C-0030,2025-06-11,CN01,W-03,15
S-000346,C-0030,2025-06-11,CH02,W-03,60
S-000347,C-0053,2025-06-11,TR02,W-05,30
S-000348,C-0068,2025-06-11,PH01,W-01,20
S-000349,C-0126,2025-06-11,TR01,W-02,20
S-000350,C-0153,2025-06-11,CH02,W-04,90
S-000351,C-0158,2025-06-11,PH01,W-07,10
S-000352,C-0203,2025-06-11,FA02,W-14,20
S-000353,C-0242,2025-06-11,CN01,W-01,30
S-000354,C-0246,2025-06-11,CH02,W-01,45
S-000354,C-0246,2025-06-11,CH02,W-01,45
S-000355,C-0276,2025-06-11,IN01,W-05,45
S-000356,C-0278,2025-06-11,CO02,W-12,60
S-000357,C-0291,2025-06-11,HV01,W-02,60
S-000358,C-0291,2025-06-11,PH01 ,W-03,5
S-000359,C-0030,2025-06-12,CO02,W-11,90
S-000360,C-0053,2025-06-12,CN01,W-05,30
S-000361,C-0116,2025-06-12,RF01,W-07,30
S-000362,C-0126,2025-06-12,FA03,W-13,20
S-000363,C-0250,2025-06-12,CN01,W-10,10
S-000364,C-0265,2025-06-12,CH02,W-06,120
S-000365,C-0282,2025-06-12,CO02,W-12,60
S-000366,C-0030,2025-06-13,CO02,W-12,50
S-000367,C-0053,2025-06-13,ph01,W-05,20
S-000368,C-0070,2025-06-13,ID01,W-01,20
S-000369,C-0126,2025-06-13,CN01,W-02,20
S-000370,C-0158,2025-06-13,PH01,W-07,10
S-000371,C-0158,2025-06-13,TR02,W-07,20
S-000372,C-0158,2025-06-13,CO02,W-11,50
S-000373,C-0158,2025-06-13,CH02,W-04,90
S-000374,C-0191,2025-06-13,CN01,W-05,10
S-000375,C-0202,2025-06-13,PH01,W-02,5
S-000376,C-0213,2025-06-13,IN01,W-06,30
S-000377,C-0265,2025-06-13,co01,W-11,50
S-000378,C-0093,2025-06-14,CN01,W-08,10
S-000379,C-0122,2025-06-14,PH01,W-09,5
S-000380,C-0143,2025-06-14,CH02,W-06,90
S-000381,C-0179,2025-06-14,CN01,W-05,30
S-000382,C-0193,2025-06-14,CO01,W-12,50
S-000383,C-0194,2025-06-14,TR02,W-02,30
S-000384,C-0030,2025-06-15,PH01,W-03,20
S-000385,C-0081,2025-06-15,CN01,W-08,20
S-000386,C-0131,2025-06-15,FA01,W-09,15
S-000387,C-0176,2025-06-15,CO01,W-12,60
S-000388,C-0242,2025-06-15,CN01,W-01,10
S-000389,C-0265,2025-06-15,CO02,W-11,90
S-000390,C-0300,2025-06-15,CO01,W-12,50
S-000391,C-0037,2025-06-16,RF01,W-02,15
S-000392,C-0095,2025-06-16,CO01,W-11,50
S-000392,C-0095,2025-06-16,CO01,W-11,50
S-000393,C-0122,2025-06-16,CH02,W-02,45
S-000394,C-0133,2025-06-16, in01  ,W-09,20
S-000395,C-0155,2025-06-16,TR01,W-07,30
S-000396,C-0203,2025-06-16,CH02,W-05,60
S-000397,C-0250,2025-06-16,HV01,W-06,60
S-000398,C-0250,2025-06-16,CO02,W-12,50
S-000399,C-0265,2025-06-16,RF01,W-10,20
S-000400,C-0266,2025-06-16,TR02,W-01,15
S-000401,C-0267,2025-06-16,CH02,W-04,120
S-000402,C-0282,2025-06-16,FA02,W-14,15
S-000403,C-0016,2025-06-17,HV01,W-05,60
S-000404,C-0016,2025-06-17,CO01,W-11,60
S-000405,C-0030,2025-06-17,HV01,W-02,60
S-000406,C-0053,2025-06-17,CN01,W-05,10
S-000407,C-0131,2025-06-17,CN01,W-09,20
S-000408,C-0133,2025-06-17,CN01,W-09,20
S-000409,C-0155,2025-06-17, co02  ,W-11,60
S-000410,C-0193,2025-06-17,CO01,W-12,50
S-000411,C-0266,2025-06-17,PH01,W-01,20
S-000412,C-0291,2025-06-17,PH01,W-03,5
S-000413,C-0299,2025-06-17,HV01,W-06,90
S-000414,C-0016,2025-06-18,PH01,W-09,5
S-000415,C-0032,2025-06-18,CN01,W-01,30
S-000416,C-0120,2025-06-18,HV01,W-06,45
S-000417,C-0122,2025-06-18,PH01,W-09,15
S-000418,C-0126,2025-06-18,FA02,W-13,15
S-000419,C-0131,2025-06-18,PH01,W-09,15
S-000420,C-0176,2025-06-18,CO01,W-12,90
S-000421,C-0266,2025-06-18,CO01,W-12,90
S-000422,C-0278,2025-06-18,CO02,W-11,60
S-000423,C-0016,2025-06-19,CN01,W-09,20
S-000424,C-0037,2025-06-19,PH01,W-02,15
S-000425,C-0066,2025-06-19,RF01,W-05,15
S-000426,C-0068,2025-06-19,CN01,W-01,10
S-000427,C-0068,2025-06-19,CH02,W-04,45
S-000428,C-0081,2025-06-19,PH01,W-08,20
S-000429,C-0120,2025-06-19,TR02 ,W-10,15
S-000430,C-0122,2025-06-19,RF01,W-09,15
S-000431,C-0193,2025-06-19,CO02,W-12,60
S-000432,C-0194,2025-06-19,cn01,W-02,15
S-000433,C-0265,2025-06-19,CN01,W-10,20
S-000434,C-0276,2025-06-19,IN01,W-05,20
S-000435,C-0278,2025-06-19,CH02,W-03,45
S-000436,C-0298,2025-06-19,PH01,W-07,20
S-000437,C-0300,2025-06-19,HV01,W-04,45
S-000438,C-0068,2025-06-20,RF01,W-01,20
S-000439,C-0116,2025-06-20,RF01,W-07,10
S-000440,C-0116,2025-06-20,CH02,W-05,60
S-000441,C-0121,2025-06-20,ID01,W-05,15
S-000442,C-0125,2025-06-20,IN01,W-05,30
S-000442,C-0125,2025-06-20,IN01,W-05,30
S-000443,C-0016,2025-06-21,FA02,W-14,30
S-000444,C-0045,2025-06-21,CN01,W-02,20
S-000445,C-0053,2025-06-21,fa01,W-05,30
S-000446,C-0068,2025-06-21,TR01,W-01,20
S-000447,C-0120,2025-06-21,TR02,W-10,20
S-000448,C-0131,2025-06-21,CO02,W-11,60
S-000449,C-0191,2025-06-21,TR02,W-05,30
S-000450,C-0213,2025-06-21,IN01,W-06,20
S-000451,C-0016,2025-06-22,HV01,W-03,60
S-000452,C-0053,2025-06-22,FA02,W-14,20
S-000453,C-0053,2025-06-22,CN01,W-05,30
S-000454,C-0063,2025-06-22,id01,W-06,15
S-000455,C-0095,2025-06-22,CN01,W-06,10
S-000456,C-0122,2025-06-22,CN01,W-09,10
S-000457,C-0133,2025-06-22,TR01,W-09,20
S-000458,C-0133,2025-06-22,FA03,W-13,45
S-000459,C-0202,2025-06-22,HV01,W-01,120
S-000460,C-0032,2025-06-23,CN01,W-01,30
S-000461,C-0068,2025-06-23,FA01,W-01,30
S-000462,C-0095,2025-06-23,FA01,W-06,30
S-000463,C-0121,2025-06-23,CN01,W-05,30
S-000463,C-0121,2025-06-23,CN01,W-05,30
S-000464,C-0125,2025-06-23,CN01,W-05,20
S-000465,C-0131,2025-06-23,HV01,W-03,45
S-000466,C-0133,2025-06-23,CH02,W-02,45
S-000467,C-0133,2025-06-23,FA01 ,W-09,15
S-000468,C-0147,2025-06-23,PH01,W-02,20
S-000469,C-0158,2025-06-23,CN01,W-07,30
S-000470,C-0175,2025-06-23,CN01,W-07,10
S-000471,C-0194,2025-06-23,IN01,W-02,20
S-000472,C-0265,2025-06-23,PH01,W-10,20
S-000473,C-0267,2025-06-23,HV01,W-02,90
S-000474,C-0276,2025-06-23,CN01,W-05,10
S-000475,C-0032,2025-06-24,CH02,W-02,120
S-000476,C-0053,2025-06-24,FA01,W-05,45
S-000477,C-0053,2025-06-24,FA03 ,W-14,15
S-000478,C-0070,2025-06-24,PH01,W-01,20
S-000479,C-0095,2025-06-24,FA02,W-13,15
S-000480,C-0133,2025-06-24,CN01,W-09,10
S-000481,C-0175,2025-06-24,PH01,W-07,20
S-000482,C-0242,2025-06-24,CO01,W-12,90
S-000483,C-0300,2025-06-24,CO01,W-11,90
S-000484,C-0300,2025-06-24,CO01,W-11,50
S-000485,C-0053,2025-06-25,PH01,W-05,20
S-000486,C-0063,2025-06-25,PH01,W-06,10
S-000487,C-0081,2025-06-25,RF01,W-08,15
S-000488,C-0095,2025-06-25,FA02,W-13,45
S-000489,C-0131,2025-06-25,PH01,W-09,10
S-000490,C-0144,2025-06-25,HV01,W-04,120
S-000491,C-0144,2025-06-25, hv01  ,W-03,60
S-000492,C-0202,2025-06-25,RF01,W-02,30
S-000493,C-0276,2025-06-25,CH02,W-05,60
S-000494,C-0282,2025-06-25, fa02  ,W-13,20
S-000495,C-0282,2025-06-25,IN01,W-06,20
S-000496,C-0291,2025-06-25,TR02,W-03,45
S-000497,C-0016,2025-06-26,PH01,W-09,5
S-000498,C-0030,2025-06-26,CN01,W-03,15
S-000499,C-0045,2025-06-26,TR01,W-02,20
S-000500,C-0068,2025-06-26,CO02,W-12,90
S-000501,C-0158,2025-06-26,HV01,W-04,90
S-000502,C-0249,2025-06-26,FA03,W-13,45
S-000503,C-0265,2025-06-26,CO02,W-11,60
S-000504,C-0276,2025-06-26,HV01,W-05,45
S-000505,C-0278,2025-06-26,ID01,W-02,30
S-000506,C-0283,2025-06-26,FA03,W-14,20
S-000507,C-0030,2025-06-27,CN01,W-03,30
S-000508,C-0030,2025-06-27,CH02,W-05,60
S-000509,C-0116,2025-06-27,FA02,W-13,20
S-000510,C-0120,2025-06-27,FA02,W-13,15
S-000511,C-0122,2025-06-27,CH02,W-01,45
S-000512,C-0126,2025-06-27,PH01,W-02,20
S-000513,C-0133,2025-06-27,RF01,W-09,30
S-000514,C-0155,2025-06-27,CH02,W-04,45
S-000515,C-0175,2025-06-27,CO02,W-11,90
S-000516,C-0194,2025-06-27,FA02,W-13,30
S-000517,C-0246,2025-06-27,CO01,W-11,90
S-000518,C-0246,2025-06-27,CN01,W-10,15
S-000519,C-0256,2025-06-27,TR01,W-03,15
S-000520,C-0258,2025-06-27,TR01,W-04,45
S-000521,C-0267,2025-06-27,CO01,W-12,60
S-000522,C-0276,2025-06-27,CN01,W-05,15
S-000523,C-0291,2025-06-27, cn01  ,W-03,10
S-000524,C-0291,2025-06-27,HV01,W-05,90
S-000525,C-0030,2025-06-28,CO01,W-11,60
S-000526,C-0030,2025-06-28,CN01,W-03,10
S-000527,C-0045,2025-06-28,PH01,W-02,5
S-000528,C-0068,2025-06-28,FA01,W-01,15
S-000529,C-0120,2025-06-28,CO01,W-12,90
S-000530,C-0120,2025-06-28,CH02,W-05,120
S-000531,C-0121,2025-06-28,CO01,W-11,60
S-000532,C-0122,2025-06-28,HV01,W-01,45
S-000533,C-0133,2025-06-28,PH01,W-09,20
S-000534,C-0133,2025-06-28,PH01,W-09,5
S-000535,C-0153,2025-06-28,HV01,W-04,90
S-000536,C-0155,2025-06-28,CN01,W-07,20
S-000537,C-0193,2025-06-28,CO02,W-11,60
S-000538,C-0202,2025-06-28,CH02,W-04,120
S-000539,C-0016,2025-06-29,PH01,W-09,15
S-000540,C-0016,2025-06-29,FA01,W-09,15
S-000541,C-0016,2025-06-29,CN01,W-09,15
S-000542,C-0053,2025-06-29,TR02,W-05,15
S-000543,C-0070,2025-06-29,RF01,W-01,15
S-000544,C-0256,2025-06-29,CN01,W-03,10
S-000545,C-0265,2025-06-29,TR02,W-10,30
S-000546,C-0267,2025-06-29,CH02,W-02,120
S-000547,C-0276,2025-06-29,CN01,W-05,30
S-000548,C-0299,2025-06-29,CN01,W-08,20
S-000549,C-0037,2025-06-30,CN01,W-02,20
S-000550,C-0079,2025-06-30,CN01,W-06,15
S-000551,C-0143,2025-06-30,CN01,W-03,30
S-000552,C-0158,2025-06-30,CH02,W-03,60
S-000553,C-0158,2025-06-30,CO02,W-11,50
S-000554,C-0175,2025-06-30,PH01,W-07,15
S-000555,C-0256,2025-06-30,CO01,W-12,50
S-000556,C-0265,2025-06-30,RF01,W-10,10
S-000557,C-0282,2025-06-30, rf01  ,W-06,30
S-000558,C-0079,2025-07-01,TR02,W-06,20
S-000559,C-0093,2025-07-01,HV01,W-03,45
S-000560,C-0093,2025-07-01,HV01 ,W-01,90
S-000561,C-0143,2025-07-01,HV01,W-01,60
S-000562,C-0176,2025-07-01,CO02,W-11,50
S-000563,C-0193,2025-07-01,CO01,W-12,50
S-000564,C-0193,2025-07-01,RF01,W-01,20
S-000565,C-0202,2025-07-01,ID01,W-02,45
S-000566,C-0207,2025-07-01,PH01,W-10,20
S-000567,C-0207,2025-07-01,ID01,W-10,30
S-000568,C-0213,2025-07-01,HV01,W-06,45
S-000569,C-0256,2025-07-01,CO02,W-12,50
S-000570,C-0256,2025-07-01,TR02,W-03,20
S-000571,C-0030,2025-07-02,FA03,W-14,45
S-000572,C-0070,2025-07-02,RF01 ,W-01,15
S-000573,C-0120,2025-07-02,CN01,W-10,30
S-000574,C-0144,2025-07-02,FA02,W-14,45
S-000575,C-0193,2025-07-02,ID01,W-01,15
S-000576,C-0253,2025-07-02,CN01 ,W-06,15
S-000577,C-0256,2025-07-02,CO01,W-11,50
S-000578,C-0263,2025-07-02,PH01,W-04,20
S-000579,C-0282,2025-07-02,HV01,W-03,90
S-000580,C-0291,2025-07-02,TR02,W-03,45
S-000581,C-0030,2025-07-03,CO02,W-12,50
S-000582,C-0030,2025-07-03,IN01,W-03,15
S-000583,C-0037,2025-07-03,RF01,W-02,20
S-000584,C-0116,2025-07-03,HV01,W-05,60
S-000585,C-0131,2025-07-03,CO01,W-12,90
S-000586,C-0144,2025-07-03,CH02,W-04,90
S-000587,C-0175,2025-07-03,CH02,W-04,120
S-000588,C-0175,2025-07-03,CO02,W-11,50
S-000589,C-0193,2025-07-03,FA03,W-14,30
S-000590,C-0207,2025-07-03,FA01,W-10,45
S-000591,C-0263,2025-07-03,HV01,W-04,60
S-000592,C-0267,2025-07-03,CH02,W-05,90
S-000592,C-0267,2025-07-03,CH02,W-05,90
S-000593,C-0267,2025-07-03,PH01,W-10,20
S-000594,C-0276,2025-07-03,PH01,W-05,10
S-000595,C-0284,2025-07-03,RF01,W-08,30
S-000596,C-0284,2025-07-03,CN01,W-08,10
S-000597,C-0299,2025-07-03,CN01,W-08,15
S-000598,C-0300,2025-07-03,PH01,W-05,5
S-000599,C-0016,2025-07-04,RF01,W-09,20
S-000600,C-0016,2025-07-04,HV01,W-04,60
S-000601,C-0032,2025-07-04,FA03,W-14,30
S-000602,C-0063,2025-07-04,FA03,W-13,45
S-000603,C-0068,2025-07-04,PH01,W-01,5
S-000604,C-0116,2025-07-04,CN01,W-07,20
S-000605,C-0131,2025-07-04,CH02,W-05,120
S-000606,C-0131,2025-07-04,HV01,W-05,120
S-000607,C-0155,2025-07-04,IN01,W-07,15
S-000608,C-0193,2025-07-04,TR02,W-01,30
S-000609,C-0249,2025-07-04,CH02,W-02,60
S-000610,C-0256,2025-07-04,CH02,W-06,120
S-000611,C-0256,2025-07-04,CO01,W-12,50
S-000612,C-0016,2025-07-05,FA01,W-09,30
S-000613,C-0030,2025-07-05,CN01,W-03,20
S-000614,C-0037,2025-07-05,CN01,W-02,10
S-000615,C-0116,2025-07-05,HV01,W-03,60
S-000616,C-0131,2025-07-05,CO02,W-11,90
S-000617,C-0193,2025-07-05,CN01,W-01,30
S-000618,C-0207,2025-07-05,TR02,W-10,15
S-000619,C-0263,2025-07-05,CO01,W-11,60
S-000620,C-0283,2025-07-05,RF01,W-02,10
S-000621,C-0284,2025-07-05,FA03,W-14,30
S-000622,C-0299,2025-07-05,CH02 ,W-01,120
S-000623,C-0300,2025-07-05,CN01,W-05,10
S-000624,C-0068,2025-07-06,CH02,W-03,120
S-000625,C-0081,2025-07-06,TR01,W-08,30
S-000626,C-0095,2025-07-06,FA01,W-06,15
S-000627,C-0116,2025-07-06,FA01,W-07,45
S-000628,C-0122,2025-07-06,RF01,W-09,15
S-000629,C-0147,2025-07-06,HV01,W-01,45
S-000630,C-0176,2025-07-06,FA01,W-08,20
S-000631,C-0193,2025-07-06,TR02,W-01,45
S-000632,C-0194,2025-07-06,ID01,W-02,30
S-000633,C-0245,2025-07-06,CN01,W-03,30
S-000634,C-0245,2025-07-06,PH01,W-03,10
S-000635,C-0250,2025-07-06,PH01,W-10,15
S-000636,C-0256,2025-07-06,HV01,W-04,60
S-000637,C-0266,2025-07-06,CO01,W-11,90
S-000638,C-0030,2025-07-07,CN01,W-03,10
S-000639,C-0066,2025-07-07,FA01 ,W-05,45
S-000640,C-0079,2025-07-07,CN01,W-06,20
S-000641,C-0079,2025-07-07,CN01,W-06,30
S-000642,C-0081,2025-07-07,RF01,W-08,20
S-000643,C-0122,2025-07-07,ID01 ,W-09,15
S-000644,C-0133,2025-07-07,IN01,W-09,45
S-000645,C-0143,2025-07-07,TR02,W-03,15
S-000646,C-0207,2025-07-07,HV01,W-03,120
S-000647,C-0258,2025-07-07,FA03,W-14,45
S-000648,C-0266,2025-07-07,TR01,W-01,20
S-000649,C-0278,2025-07-07,FA03,W-13,15
S-000650,C-0298,2025-07-07,FA02,W-13,45
S-000651,C-0032,2025-07-08,TR02,W-01,15
S-000652,C-0032,2025-07-08,TR02,W-01,20
S-000653,C-0063,2025-07-08,TR02,W-06,20
S-000654,C-0070,2025-07-08,HV01,W-06,60
S-000655,C-0079,2025-07-08,CO01,W-12,90
S-000656,C-0125,2025-07-08,TR01,W-05,20
S-000657,C-0176,2025-07-08,CO01,W-11,60
S-000658,C-0194,2025-07-08,PH01 ,W-02,15
S-000659,C-0213,2025-07-08,FA01,W-06,15
S-000660,C-0246,2025-07-08,ID01,W-10,45
S-000661,C-0256,2025-07-08,CN01,W-03,20
S-000662,C-0267,2025-07-08,CN01,W-10,15
S-000663,C-0276,2025-07-08,CH02,W-04,90
S-000664,C-0278,2025-07-08,PH01,W-02,10
S-000665,C-0278,2025-07-08,CN01,W-02,10
S-000666,C-0300,2025-07-08,FA03,W-14,30
S-000667,C-0300,2025-07-08,CN01 ,W-05,15
S-000668,C-0037,2025-07-09,ID01,W-02,45
S-000669,C-0053,2025-07-09,TR01,W-05,20
S-000670,C-0079,2025-07-09,HV01,W-02,60
S-000671,C-0121,2025-07-09,PH01,W-05,5
S-000672,C-0253,2025-07-09,IN01,W-06,20
S-000673,C-0299,2025-07-09,CN01,W-08,15
S-000674,C-0300,2025-07-09,CO01,W-12,50
S-000675,C-0037,2025-07-10,RF01,W-02,20
S-000676,C-0122,2025-07-10,RF01,W-09,10
S-000677,C-0131,2025-07-10,HV01,W-04,45
S-000678,C-0133,2025-07-10,PH01,W-09,15
S-000679,C-0133,2025-07-10,CN01,W-09,10
S-000680,C-0133,2025-07-10,ID01,W-09,15
S-000681,C-0143,2025-07-10,FA03,W-13,30
S-000682,C-0153,2025-07-10,RF01,W-05,30
S-000683,C-0246,2025-07-10,CO01,W-12,50
S-000684,C-0250,2025-07-10,TR02,W-10,20
S-000685,C-0253,2025-07-10,IN01,W-06,20
S-000686,C-0276,2025-07-10,FA02,W-13,20
S-000687,C-0299,2025-07-10,TR02,W-08,15
S-000688,C-0016,2025-07-11,FA02,W-13,20
S-000689,C-0126,2025-07-11,CN01,W-02,15
S-000690,C-0143,2025-07-11,CN01,W-03,15
S-000691,C-0153,2025-07-11,TR02,W-05,30
S-000692,C-0175,2025-07-11,PH01,W-07,10
S-000693,C-0207,2025-07-11,IN01,W-10,15
S-000694,C-0246,2025-07-11,CN01,W-10,20
S-000695,C-0253,2025-07-11,HV01,W-02,90
S-000696,C-0266,2025-07-11,CN01,W-01,10
S-000697,C-0267,2025-07-11,IN01,W-10,20
S-000697,C-0267,2025-07-11,IN01,W-10,20
S-000698,C-0282,2025-07-11,CN01,W-06,10
S-000699,C-0299,2025-07-11,TR02,W-08,15
S-000700,C-0016,2025-07-12,FA03,W-14,30
S-000701,C-0030,2025-07-12,CN01,W-03,20
S-000702,C-0070,2025-07-12,RF01 ,W-01,15
S-000703,C-0079,2025-07-12,CO02,W-11,50
S-000704,C-0095,2025-07-12, id01  ,W-06,20
S-000705,C-0116,2025-07-12,TR01,W-07,45
S-000706,C-0133,2025-07-12,hv01,W-04,120
S-000707,C-0153,2025-07-12,TR02,W-05,15
S-000708,C-0176,2025-07-12,CN01,W-08,20
S-000709,C-0207,2025-07-12,FA03,W-14,45
S-000710,C-0249,2025-07-12,ID01,W-02,15
S-000711,C-0250,2025-07-12,HV01,W-04,120
S-000712,C-0263,2025-07-12,co01,W-12,50
S-000713,C-0284,2025-07-12,CN01,W-08,10
S-000714,C-0300,2025-07-12,RF01,W-05,30
S-000715,C-0068,2025-07-13,RF01,W-01,15
S-000716,C-0133,2025-07-13,PH01,W-09,5
S-000717,C-0147,2025-07-13,RF01,W-02,20
S-000718,C-0253,2025-07-13,CO02,W-12,50
S-000719,C-0253,2025-07-13,IN01,W-06,30
S-000720,C-0256,2025-07-13,CN01,W-03,15
S-000721,C-0263,2025-07-13,CN01,W-04,15
S-000722,C-0267,2025-07-13,CO01,W-11,60
S-000723,C-0283,2025-07-13,TR01,W-02,15
S-000724,C-0283,2025-07-13,CO01,W-12,60
S-000725,C-0300,2025-07-13,PH01,W-05,5
S-000726,C-0016,2025-07-14,HV01,W-05,60
S-000727,C-0032,2025-07-14,CN01,W-01,10
S-000728,C-0053,2025-07-14,CN01,W-05,10
S-000729,C-0063,2025-07-14,CN01,W-06,15
S-000730,C-0093,2025-07-14,HV01,W-06,90
S-000731,C-0116,2025-07-14,CN01,W-07,10
S-000732,C-0126,2025-07-14,FA01,W-02,20
S-000733,C-0147,2025-07-14,FA01,W-02,20
S-000734,C-0147,2025-07-14,PH01,W-02,20
S-000735,C-0193,2025-07-14,HV01,W-02,120
S-000736,C-0202,2025-07-14,FA02,W-13,45
S-000737,C-0246,2025-07-14,co02,W-11,90
S-000738,C-0253,2025-07-14,TR02,W-06,30
S-000739,C-0263,2025-07-14,PH01,W-04,15
S-000740,C-0030,2025-07-15,CN01,W-03,20
S-000741,C-0081,2025-07-15,PH01,W-08,20
S-000742,C-0133,2025-07-15,IN01,W-09,45
S-000743,C-0265,2025-07-15,HV01,W-03,90
S-000744,C-0265,2025-07-15, cn01  ,W-10,15
S-000745,C-0276,2025-07-15,id01,W-05,45
S-000746,C-0276,2025-07-15,PH01,W-05,10
S-000747,C-0282,2025-07-15,CN01,W-06,20
S-000748,C-0299,2025-07-15,TR01,W-08,30
S-000749,C-0030,2025-07-16,CH02,W-03,60
S-000750,C-0030,2025-07-16,CH02,W-04,60
S-000751,C-0053,2025-07-16,PH01,W-05,5
S-000752,C-0053,2025-07-16,PH01,W-05,10
S-000753,C-0063,2025-07-16,FA03,W-14,45
S-000754,C-0068,2025-07-16,CO01,W-12,90
S-000755,C-0095,2025-07-16,IN01,W-06,30
S-000756,C-0113,2025-07-16,CN01,W-07,15
S-000757,C-0125,2025-07-16,CN01,W-05,20
S-000758,C-0131,2025-07-16,CO01,W-11,50
S-000759,C-0175,2025-07-16,RF01,W-07,15
S-000760,C-0191,2025-07-16,HV01,W-01,90
S-000761,C-0202,2025-07-16,PH01,W-02,10
S-000762,C-0246,2025-07-16,HV01,W-02,120
S-000763,C-0265,2025-07-16,HV01,W-06,60
S-000764,C-0266,2025-07-16,CO02,W-12,50
S-000765,C-0282,2025-07-16,CN01,W-06,20
S-000766,C-0291,2025-07-16,ID01,W-03,45
S-000767,C-0300,2025-07-16,FA01,W-05,15
S-000768,C-0030,2025-07-17,CO01,W-11,50
S-000769,C-0030,2025-07-17,CN01,W-03,30
S-000770,C-0063,2025-07-17,CN01,W-06,10
S-000771,C-0070,2025-07-17,PH01,W-01,15
S-000772,C-0081,2025-07-17,TR02,W-08,15
S-000773,C-0093,2025-07-17,TR02,W-08,15
S-000774,C-0116,2025-07-17,CN01,W-07,15
S-000775,C-0116,2025-07-17,HV01,W-03,90
S-000776,C-0122,2025-07-17,PH01 ,W-09,10
S-000777,C-0125,2025-07-17,RF01,W-05,20
S-000778,C-0133,2025-07-17,CN01,W-09,10
S-000779,C-0147,2025-07-17,CN01,W-02,15
S-000780,C-0207,2025-07-17,FA03,W-13,15
S-000781,C-0246,2025-07-17,CN01,W-10,10
S-000782,C-0263,2025-07-17,RF01,W-04,20
S-000783,C-0267,2025-07-17,HV01,W-03,45
S-000784,C-0267,2025-07-17,RF01,W-10,15
S-000785,C-0282,2025-07-17,HV01,W-05,120
S-000786,C-0300,2025-07-17,RF01,W-05,20
S-000787,C-0300,2025-07-17,PH01,W-05,20
S-000788,C-0030,2025-07-18,TR01,W-03,20
S-000789,C-0037,2025-07-18,CO01,W-11,90
S-000790,C-0053,2025-07-18,PH01,W-05,5
S-000791,C-0063,2025-07-18,FA03,W-13,20
S-000792,C-0068,2025-07-18,CH02,W-03,90
S-000793,C-0116,2025-07-18,TR01,W-07,15
S-000794,C-0120,2025-07-18,cn01,W-10,10
S-000795,C-0131,2025-07-18,HV01,W-06,120
S-000796,C-0175,2025-07-18,CO01,W-11,50
S-000797,C-0207,2025-07-18,PH01,W-10,15
S-000798,C-0267,2025-07-18,TR02,W-10,20
S-000799,C-0278,2025-07-18,CN01,W-02,30
S-000800,C-0300,2025-07-18,PH01,W-05,15
S-000801,C-0300,2025-07-18,TR01,W-05,15
S-000802,C-0031,2025-07-19,HV01,W-03,90
S-000803,C-0037,2025-07-19,CO02,W-12,90
S-000804,C-0053,2025-07-19,CN01,W-05,20
S-000805,C-0053,2025-07-19,HV01,W-03,90
S-000806,C-0053,2025-07-19,PH01,W-05,5
S-000807,C-0063,2025-07-19,CN01,W-06,20
S-000808,C-0068,2025-07-19,CH02,W-03,120
S-000809,C-0081,2025-07-19,CN01,W-08,30
S-000810,C-0093,2025-07-19,RF01,W-08,30
S-000811,C-0095,2025-07-19,RF01,W-06,15
S-000812,C-0143,2025-07-19,FA03,W-13,30
S-000813,C-0153,2025-07-19,CH02,W-01,60
S-000814,C-0175,2025-07-19,FA01,W-07,20
S-000815,C-0179,2025-07-19,FA01,W-05,15
S-000816,C-0263,2025-07-19,HV01,W-02,120
S-000817,C-0263,2025-07-19,CH02,W-03,60
S-000818,C-0265,2025-07-19,CO01 ,W-12,90
S-000819,C-0266,2025-07-19,CO01,W-12,90
S-000820,C-0023,2025-07-20,PH01,W-06,20
S-000821,C-0032,2025-07-20,RF01,W-01,10
S-000822,C-0048,2025-07-20,ph01,W-02,5
S-000823,C-0079,2025-07-20,IN01,W-06,20
S-000824,C-0081,2025-07-20,PH01,W-08,20
S-000825,C-0095,2025-07-20,TR02,W-06,20
S-000826,C-0122,2025-07-20,TR01,W-09,30
S-000827,C-0133,2025-07-20,PH01,W-09,5
S-000828,C-0133,2025-07-20,CH02,W-03,90
S-000829,C-0158,2025-07-20,TR02,W-07,45
S-000830,C-0176,2025-07-20,CO01,W-12,90
S-000831,C-0245,2025-07-20,FA03,W-14,45
S-000832,C-0246,2025-07-20,CO02,W-11,90
S-000833,C-0246,2025-07-20, co01  ,W-12,90
S-000833,C-0246,2025-07-20, co01  ,W-12,90
S-000834,C-0249,2025-07-20,HV01,W-04,120
S-000835,C-0278,2025-07-20,TR02,W-02,20
S-000836,C-0282,2025-07-20,CH02,W-05,120
S-000837,C-0093,2025-07-21,PH01,W-08,5
S-000838,C-0121,2025-07-21,PH01,W-05,20
S-000839,C-0133,2025-07-21,IN01,W-09,30
S-000840,C-0175,2025-07-21,HV01,W-03,60
S-000841,C-0192,2025-07-21,FA02,W-13,45
S-000842,C-0193,2025-07-21,CN01,W-01,20
S-000843,C-0299,2025-07-21,PH01,W-08,20
S-000844,C-0016,2025-07-22,HV01,W-01,45
S-000845,C-0016,2025-07-22,FA01,W-09,45
S-000846,C-0037,2025-07-22,PH01,W-02,5
S-000847,C-0045,2025-07-22,FA02,W-13,15
S-000848,C-0048,2025-07-22,HV01,W-06,45
S-000849,C-0068,2025-07-22,CN01,W-01,20
S-000850,C-0081,2025-07-22,CH02,W-04,60
S-000851,C-0088,2025-07-22,FA02,W-13,20
S-000852,C-0091,2025-07-22,CN01,W-10,20
S-000853,C-0133,2025-07-22,ID01,W-09,30
S-000854,C-0133,2025-07-22,ID01,W-09,45
S-000855,C-0147,2025-07-22,IN01,W-02,15
S-000856,C-0155,2025-07-22,PH01,W-07,5
S-000857,C-0158,2025-07-22,PH01,W-07,20
S-000858,C-0191,2025-07-22,CH02,W-05,120
S-000859,C-0192,2025-07-22,ID01,W-10,30
S-000860,C-0193,2025-07-22,CO01 ,W-12,50
S-000861,C-0194,2025-07-22,RF01,W-02,20
S-000862,C-0246,2025-07-22,CN01,W-10,30
S-000863,C-0256,2025-07-22,CH02,W-05,60
S-000864,C-0266,2025-07-22,TR02,W-01,15
S-000865,C-0299,2025-07-22,TR01,W-08,15
S-000866,C-0023,2025-07-23,HV01,W-04,120
S-000867,C-0032,2025-07-23,CH02,W-03,60
S-000868,C-0095,2025-07-23,HV01,W-06,90
S-000869,C-0102,2025-07-23,PH01,W-05,20
S-000870,C-0125,2025-07-23,HV01,W-04,90
S-000871,C-0126,2025-07-23,HV01,W-02,120
S-000872,C-0175,2025-07-23,CN01,W-07,30
S-000873,C-0254,2025-07-23,RF01,W-03,15
S-000874,C-0267,2025-07-23,CN01,W-10,20
S-000875,C-0276,2025-07-23,FA03,W-13,30
S-000876,C-0283,2025-07-23,HV01,W-01,45
S-000877,C-0023,2025-07-24,CH02,W-05,120
S-000878,C-0032,2025-07-24,FA01 ,W-01,30
S-000879,C-0048,2025-07-24,CN01,W-02,10
S-000880,C-0068,2025-07-24,RF01,W-01,15
S-000881,C-0079,2025-07-24,CO02,W-11,50
S-000882,C-0120,2025-07-24,CN01,W-10,30
S-000883,C-0121,2025-07-24,CO02,W-12,60
S-000884,C-0125,2025-07-24,CN01,W-05,15
S-000885,C-0125,2025-07-24,CO01,W-12,90
S-000886,C-0158,2025-07-24,PH01,W-07,10
S-000887,C-0202,2025-07-24,FA02,W-13,45
S-000888,C-0245,2025-07-24,ID01,W-03,30
S-000889,C-0245,2025-07-24,TR02,W-03,15
S-000890,C-0249,2025-07-24,CH02,W-01,45
S-000891,C-0255,2025-07-24,CH02,W-04,60
S-000892,C-0276,2025-07-24,HV01,W-04,90
S-000893,C-0276,2025-07-24,CH02,W-06,60
S-000894,C-0284,2025-07-24,TR01,W-08,15
S-000895,C-0291,2025-07-24,PH01,W-03,5
S-000896,C-0300,2025-07-24,TR02,W-05,20
S-000897,C-0030,2025-07-25,CH02,W-04,120
S-000898,C-0078,2025-07-25,TR02,W-08,20
S-000899,C-0079,2025-07-25,CO02,W-11,90
S-000899,C-0079,2025-07-25,CO02,W-11,90
S-000900,C-0089,2025-07-25,RF01,W-06,20
S-000901,C-0120,2025-07-25,CN01,W-10,20
S-000902,C-0176,2025-07-25,TR01,W-08,45
S-000903,C-0176,2025-07-25,FA03,W-13,20
S-000904,C-0207,2025-07-25,FA01,W-10,45
S-000905,C-0207,2025-07-25,HV01,W-03,120
S-000906,C-0246,2025-07-25,TR02,W-10,30
S-000907,C-0249,2025-07-25,CN01,W-02,30
S-000908,C-0263,2025-07-25,HV01,W-03,120
S-000909,C-0284,2025-07-25,CN01,W-08,30
S-000910,C-0299,2025-07-25,CN01,W-08,15
S-000911,C-0016,2025-07-26,CO01,W-12,60
S-000912,C-0032,2025-07-26,CO01,W-11,50
S-000913,C-0048,2025-07-26,CN01,W-02,15
S-000914,C-0063,2025-07-26,PH01,W-06,10
S-000915,C-0068,2025-07-26,RF01 ,W-01,20
S-000916,C-0079,2025-07-26,PH01,W-06,15
S-000917,C-0088,2025-07-26,PH01,W-06,20
S-000918,C-0095,2025-07-26,PH01 ,W-06,5
S-000919,C-0095,2025-07-26,RF01,W-06,15
S-000920,C-0131,2025-07-26,CO01,W-11,90
S-000921,C-0131,2025-07-26,CH02,W-03,45
S-000922,C-0158,2025-07-26,CO02,W-11,60
S-000923,C-0194,2025-07-26,ch02,W-04,60
S-000924,C-0202,2025-07-26,IN01,W-02,45
S-000925,C-0207,2025-07-26,CH02,W-04,90
S-000926,C-0246,2025-07-26,TR02,W-10,30
S-000927,C-0267,2025-07-26,CH02,W-05,120
S-000928,C-0300,2025-07-26,PH01,W-05,20
S-000929,C-0032,2025-07-27,CO01,W-12,50
S-000930,C-0037,2025-07-27,CO01,W-11,90
S-000931,C-0102,2025-07-27,CO01,W-11,50
S-000932,C-0116,2025-07-27,TR01,W-07,45
S-000933,C-0120,2025-07-27,PH01 ,W-10,10
S-000934,C-0126,2025-07-27,FA03,W-13,30
S-000935,C-0133,2025-07-27,PH01,W-09,5
S-000936,C-0133,2025-07-27,CO02,W-11,90
S-000937,C-0147,2025-07-27,HV01,W-02,90
S-000938,C-0158,2025-07-27,PH01,W-07,5
S-000939,C-0158,2025-07-27,TR02,W-07,15
S-000940,C-0191,2025-07-27,FA01,W-05,20
S-000941,C-0194,2025-07-27,PH01,W-02,5
S-000942,C-0246,2025-07-27,IN01,W-10,30
S-000943,C-0246,2025-07-27,TR02,W-10,20
S-000944,C-0254,2025-07-27,CO02,W-11,50
S-000945,C-0254,2025-07-27,CO02,W-11,50
S-000946,C-0258,2025-07-27,CO01,W-12,60
S-000947,C-0263,2025-07-27,PH01,W-04,5
S-000948,C-0263,2025-07-27,TR02,W-04,30
S-000949,C-0278,2025-07-27,CN01,W-02,30
S-000950,C-0282,2025-07-27,CN01,W-06,20
S-000951,C-0283,2025-07-27,TR02,W-02,20
S-000952,C-0016,2025-07-28,CH02,W-04,60
S-000953,C-0048,2025-07-28,CN01,W-02,10
S-000954,C-0066,2025-07-28,PH01,W-05,10
S-000955,C-0079,2025-07-28,CO01,W-11,50
S-000956,C-0079,2025-07-28,TR01,W-06,30
S-000957,C-0091,2025-07-28,TR02,W-10,15
S-000958,C-0125,2025-07-28,PH01,W-05,15
S-000959,C-0215,2025-07-28,CN01,W-07,10
S-000960,C-0256,2025-07-28,CH02,W-03,90
S-000961,C-0265,2025-07-28,FA01,W-10,45
S-000962,C-0284,2025-07-28,CH02,W-06,60
S-000963,C-0032,2025-07-29,CO01,W-12,60
S-000964,C-0038,2025-07-29,CN01,W-07,20
S-000965,C-0053,2025-07-29,PH01,W-05,5
S-000966,C-0063,2025-07-29,HV01,W-06,120
S-000967,C-0063,2025-07-29,FA02,W-13,20
S-000968,C-0079,2025-07-29,TR02,W-06,20
S-000969,C-0089,2025-07-29,FA02,W-13,15
S-000970,C-0089,2025-07-29,RF01,W-06,20
S-000971,C-0095,2025-07-29,CN01,W-06,30
S-000972,C-0121,2025-07-29,CN01,W-05,30
S-000973,C-0215,2025-07-29,RF01 ,W-07,20
S-000974,C-0245,2025-07-29,FA01,W-03,45
S-000975,C-0245,2025-07-29,PH01,W-03,20
S-000976,C-0254,2025-07-29,HV01,W-05,60
S-000977,C-0256,2025-07-29,PH01,W-03,15
S-000978,C-0265,2025-07-29,CO01,W-11,50
S-000979,C-0266,2025-07-29,CH02,W-05,60
S-000980,C-0283,2025-07-29,FA01,W-02,20
S-000981,C-0300,2025-07-29,CN01,W-05,30
S-000982,C-0032,2025-07-30,IN01,W-01,15
S-000983,C-0095,2025-07-30,IN01,W-06,30
S-000984,C-0125,2025-07-30,TR02,W-05,15
S-000985,C-0126,2025-07-30,PH01,W-02,20
S-000986,C-0131,2025-07-30,TR02,W-09,30
S-000987,C-0155,2025-07-30,CN01,W-07,15
S-000988,C-0193,2025-07-30,HV01,W-06,90
S-000989,C-0194,2025-07-30,HV01,W-06,120
S-000990,C-0245,2025-07-30,CH02,W-03,90
S-000991,C-0246,2025-07-30,CO01,W-11,50
S-000992,C-0263,2025-07-30,TR01,W-04,20
S-000993,C-0291,2025-07-30,CO02,W-11,50
S-000994,C-0299,2025-07-30,FA02,W-14,30
S-000995,C-0030,2025-07-31,CN01,W-03,20
S-000996,C-0102,2025-07-31,RF01,W-05,20
S-000997,C-0116,2025-07-31,RF01,W-07,15
S-000998,C-0120,2025-07-31,PH01,W-10,20
S-000999,C-0125,2025-07-31,PH01,W-05,20
S-001000,C-0144,2025-07-31,PH01,W-05,5
S-001001,C-0158,2025-07-31,tr02,W-07,30
S-001002,C-0175,2025-07-31,PH01,W-07,20
S-001003,C-0176,2025-07-31,CO01,W-11,90
S-001004,C-0191,2025-07-31,HV01,W-02,60
S-001005,C-0215,2025-07-31,CO02,W-11,50
S-001006,C-0255,2025-07-31,CH02,W-03,120
S-001007,C-0256,2025-07-31,PH01,W-03,15
S-001008,C-0263,2025-07-31,IN01,W-04,15
S-001009,C-0282,2025-07-31, hv01  ,W-01,90
S-001010,C-0282,2025-07-31,PH01,W-06,20
S-001011,C-0032,2025-08-01,CN01,W-01,15
S-001012,C-0037,2025-08-01,HV01,W-03,120
S-001013,C-0068,2025-08-01,PH01,W-01,20
S-001014,C-0081,2025-08-01,HV01,W-06,60
S-001015,C-0102,2025-08-01,RF01,W-05,15
S-001016,C-0120,2025-08-01,HV01 ,W-04,60
S-001017,C-0122,2025-08-01,IN01,W-09,30
S-001018,C-0122,2025-08-01,CO01 ,W-11,90
S-001019,C-0122,2025-08-01,HV01,W-05,90
S-001020,C-0126,2025-08-01,fa03,W-14,20
S-001021,C-0126,2025-08-01,ID01,W-02,20
S-001022,C-0133,2025-08-01,IN01,W-09,15
S-001023,C-0143,2025-08-01,FA03,W-13,20
S-001024,C-0153,2025-08-01,HV01,W-04,120
S-001025,C-0192,2025-08-01,CN01,W-10,10
S-001026,C-0245,2025-08-01,HV01,W-04,45
S-001027,C-0246,2025-08-01,CN01,W-10,15
S-001028,C-0255,2025-08-01,CN01,W-03,20
S-001029,C-0291,2025-08-01,RF01,W-03,10
S-001030,C-0299,2025-08-01,CN01,W-08,10
S-001031,C-0300,2025-08-01,FA01,W-05,45
S-001032,C-0016,2025-08-02,CN01,W-09,30
S-001033,C-0031,2025-08-02,HV01,W-06,60
S-001034,C-0032,2025-08-02,CH02,W-03,45
S-001035,C-0038,2025-08-02,CN01,W-07,15
S-001036,C-0048,2025-08-02,PH01,W-02,20
S-001037,C-0053,2025-08-02,TR02,W-05,45
S-001038,C-0063,2025-08-02,FA01 ,W-06,15
S-001039,C-0089,2025-08-02,HV01,W-06,60
S-001040,C-0091,2025-08-02,PH01,W-10,10
S-001041,C-0091,2025-08-02,PH01,W-10,10
S-001042,C-0120,2025-08-02,PH01,W-10,20
S-001043,C-0147,2025-08-02,FA01,W-02,30
S-001044,C-0193,2025-08-02,CH02 ,W-01,60
S-001045,C-0256,2025-08-02,PH01,W-03,10
S-001046,C-0267,2025-08-02,CO01,W-12,90
S-001047,C-0300,2025-08-02,CN01,W-05,15
S-001048,C-0016,2025-08-03,FA01,W-09,20
S-001049,C-0016,2025-08-03,PH01,W-09,5
S-001050,C-0116,2025-08-03,FA02,W-14,45
S-001051,C-0122,2025-08-03,IN01,W-09,45
S-001052,C-0122,2025-08-03,PH01,W-09,10
S-001053,C-0131,2025-08-03,CN01,W-09,15
S-001054,C-0143,2025-08-03,RF01,W-03,15
S-001055,C-0207,2025-08-03,CN01,W-10,15
S-001056,C-0215,2025-08-03,CN01,W-07,10
S-001057,C-0278,2025-08-03,CN01,W-02,10
S-001058,C-0300,2025-08-03,CH02,W-06,120
S-001059,C-0093,2025-08-04,IN01,W-08,15
S-001060,C-0126,2025-08-04,HV01,W-05,90
S-001061,C-0143,2025-08-04,CH02 ,W-04,45
S-001062,C-0175,2025-08-04,CN01,W-07,10
S-001062,C-0175,2025-08-04,CN01,W-07,10
S-001063,C-0175,2025-08-04,ph01,W-07,15
S-001064,C-0191,2025-08-04,TR01,W-05,45
S-001065,C-0192,2025-08-04,CO01,W-12,90
S-001066,C-0207,2025-08-04,FA02 ,W-13,30
S-001067,C-0254,2025-08-04,co02,W-11,60
S-001068,C-0254,2025-08-04,TR02,W-03,20
S-001069,C-0266,2025-08-04,PH01,W-01,5
S-001070,C-0291,2025-08-04,RF01,W-03,10
S-001071,C-0016,2025-08-05,hv01,W-04,90
S-001072,C-0031,2025-08-05,RF01,W-02,30
S-001073,C-0045,2025-08-05,ID01,W-02,15
S-001074,C-0068,2025-08-05,CO02,W-11,50
S-001075,C-0074,2025-08-05,CN01,W-02,10
S-001076,C-0078,2025-08-05,CH02,W-02,90
S-001077,C-0091,2025-08-05,ID01,W-10,30
S-001078,C-0122,2025-08-05,TR02,W-09,15
S-001079,C-0133,2025-08-05,HV01,W-06,120
S-001080,C-0147,2025-08-05,PH01,W-02,5
S-001081,C-0153,2025-08-05,FA02,W-13,45
S-001082,C-0175,2025-08-05,CO01,W-12,50
S-001083,C-0175,2025-08-05,CO01,W-12,60
S-001084,C-0253,2025-08-05,CN01,W-06,20
S-001085,C-0254,2025-08-05,RF01,W-03,15
S-001086,C-0255,2025-08-05,HV01,W-03,120
S-001087,C-0263,2025-08-05,RF01,W-04,10
S-001088,C-0291,2025-08-05,CH02,W-04,60
S-001089,C-0291,2025-08-05,CN01,W-03,15
S-001090,C-0037,2025-08-06,CN01,W-02,15
S-001091,C-0048,2025-08-06,TR02,W-02,30
S-001092,C-0068,2025-08-06,ID01,W-01,45
S-001093,C-0079,2025-08-06,FA02,W-14,30
S-001094,C-0120,2025-08-06,PH01,W-10,5
S-001095,C-0131,2025-08-06,HV01,W-02,45
S-001096,C-0143,2025-08-06,,W-01,90
S-001097,C-0215,2025-08-06,CO01,W-12,90
S-001098,C-0276,2025-08-06,CN01,W-05,30
S-001099,C-0048,2025-08-07,FA03,W-14,15
S-001100,C-0089,2025-08-07,PH01,W-06,20
S-001101,C-0093,2025-08-07,HV01,W-02,90
S-001102,C-0102,2025-08-07,PH01,W-05,20
S-001103,C-0125,2025-08-07,PH01,W-05,15
S-001104,C-0153,2025-08-07,PH01,W-05,10
S-001105,C-0153,2025-08-07,FA02,W-14,30
S-001106,C-0255,2025-08-07,CN01,W-03,30
S-001107,C-0266,2025-08-07,FA01 ,W-01,45
S-001108,C-0267,2025-08-07,CO02,W-12,50
S-001109,C-0291,2025-08-07,CO02,W-11,60
S-001110,C-0300,2025-08-07,HV01,W-06,120
S-001111,C-0023,2025-08-08,HV01,W-06,45
S-001112,C-0038,2025-08-08,CO02,W-12,90
S-001113,C-0074,2025-08-08,CO01,W-12,60
S-001114,C-0074,2025-08-08,CN01,W-02,10
S-001115,C-0093,2025-08-08,RF01,W-08,20
S-001116,C-0122,2025-08-08,CO01,W-12,60
S-001117,C-0147,2025-08-08,TR01,W-02,30
S-001118,C-0155,2025-08-08,CH02,W-02,45
S-001119,C-0215,2025-08-08,RF01,W-07,10
S-001120,C-0246,2025-08-08,CN01,W-10,30
S-001121,C-0246,2025-08-08,IN01,W-10,30
S-001122,C-0249,2025-08-08,FA01,W-02,30
S-001123,C-0254,2025-08-08,PH01,W-03,5
S-001124,C-0254,2025-08-08,PH01,W-03,20
S-001125,C-0258,2025-08-08,FA03,W-14,20
S-001126,C-0267,2025-08-08,CN01,W-10,20
S-001127,C-0030,2025-08-09,CH02,W-04,60
S-001128,C-0031,2025-08-09,CH02,W-01,45
S-001129,C-0032,2025-08-09,CO01,W-11,60
S-001130,C-0037,2025-08-09,PH01,W-02,20
S-001131,C-0038,2025-08-09,FA02,W-13,30
S-001132,C-0079,2025-08-09,CH02,W-01,120
S-001133,C-0088,2025-08-09,CH02,W-01,120
S-001134,C-0088,2025-08-09,PH01,W-06,15
S-001135,C-0095,2025-08-09,ID01,W-06,45
S-001136,C-0116,2025-08-09,IN01,W-07,45
S-001137,C-0120,2025-08-09,PH01,W-10,10
S-001138,C-0144,2025-08-09,TR01,W-05,20
S-001139,C-0175,2025-08-09,CO01,W-11,60
S-001140,C-0246,2025-08-09,TR02,W-10,15
S-001141,C-0253,2025-08-09,CN01,W-06,20
S-001142,C-0254,2025-08-09,CO01,W-12,90
S-001143,C-0266,2025-08-09,CO01,W-12,50
S-001144,C-0267,2025-08-09,TR01,W-10,45
S-001145,C-0290,2025-08-09,CO01,W-12,60
S-001146,C-0030,2025-08-10,TR02,W-03,20
S-001147,C-0037,2025-08-10,PH01,W-02,5
S-001148,C-0037,2025-08-10,CN01,W-02,30
S-001149,C-0048,2025-08-10,HV01,W-02,120
S-001150,C-0068,2025-08-10,PH01,W-01,20
S-001151,C-0091,2025-08-10,FA01,W-10,20
S-001152,C-0102,2025-08-10,CO02,W-12,60
S-001153,C-0116,2025-08-10,CN01,W-07,20
S-001154,C-0126,2025-08-10,PH01,W-02,5
S-001155,C-0144,2025-08-10,ID01,W-05,20
S-001156,C-0153,2025-08-10,PH01,W-05,15
S-001157,C-0175,2025-08-10,CO01,W-11,90
S-001158,C-0175,2025-08-10,CN01,W-07,10
S-001159,C-0194,2025-08-10,CO01,W-11,60
S-001160,C-0227,2025-08-10,CN01,W-08,30
S-001161,C-0245,2025-08-10,CN01,W-03,30
S-001162,C-0250,2025-08-10,CN01,W-10,10
S-001163,C-0266,2025-08-10,PH01,W-01,5
S-001164,C-0283,2025-08-10,RF01,W-02,20
S-001165,C-0023,2025-08-11,CN01,W-06,10
S-001166,C-0032,2025-08-11,PH01,W-01,15
S-001167,C-0053,2025-08-11,TR02,W-05,45
S-001168,C-0068,2025-08-11,CN01,W-01,10
S-001169,C-0070,2025-08-11,HV01,W-06,90
S-001170,C-0102,2025-08-11,CO01,W-11,60
S-001171,C-0102,2025-08-11,CO02,W-12,90
S-001172,C-0102,2025-08-11,CN01,W-05,30
S-001173,C-0121,2025-08-11,CN01,W-05,10
S-001174,C-0126,2025-08-11,CN01,W-02,15
S-001175,C-0175,2025-08-11,CN01,W-07,15
S-001176,C-0192,2025-08-11,CN01,W-10,10
S-001177,C-0192,2025-08-11,HV01,W-03,60
S-001178,C-0255,2025-08-11,HV01,W-06,90
S-001179,C-0267,2025-08-11,CN01,W-10,30
S-001180,C-0290,2025-08-11,CN01 ,W-04,30
S-001181,C-0291,2025-08-11,HV01 ,W-03,60
S-001182,C-0291,2025-08-11,CO01,W-12,90
S-001183,C-0048,2025-08-12,CH02,W-03,120
S-001184,C-0078,2025-08-12,CN01,W-08,10
S-001185,C-0131,2025-08-12,HV01,W-05,120
S-001186,C-0143,2025-08-12,FA02,W-14,15
S-001187,C-0143,2025-08-12,HV01,W-06,45
S-001188,C-0153,2025-08-12,PH01,W-05,15
S-001189,C-0158,2025-08-12,ph01,W-07,20
S-001190,C-0245,2025-08-12,PH01 ,W-03,10
S-001191,C-0246,2025-08-12,CO02,W-11,50
S-001192,C-0249,2025-08-12,FA01,W-02,30
S-001193,C-0255,2025-08-12,PH01,W-03,15
S-001194,C-0291,2025-08-12,PH01,W-03,10
S-001195,C-0045,2025-08-13,FA03,W-14,30
S-001196,C-0045,2025-08-13,CN01,W-02,30
S-001197,C-0053,2025-08-13,FA01 ,W-05,30
S-001198,C-0091,2025-08-13,FA01,W-10,30
S-001199,C-0120,2025-08-13,CH02,W-04,45
S-001200,C-0158,2025-08-13,PH01,W-07,5
S-001201,C-0265,2025-08-13,RF01,W-10,30
S-001202,C-0266,2025-08-13,HV01,W-05,120
S-001203,C-0284,2025-08-13,CH02,W-06,90
S-001204,C-0036,2025-08-14,CO02,W-12,60
S-001205,C-0037,2025-08-14,CO01,W-12,50
S-001206,C-0045,2025-08-14,FA02,W-14,30
S-001207,C-0074,2025-08-14,ch02,W-03,60
S-001208,C-0122,2025-08-14,cn01,W-09,10
S-001209,C-0143,2025-08-14,CN01,W-03,10
S-001210,C-0147,2025-08-14,TR01,W-02,20
S-001211,C-0175,2025-08-14,CN01,W-07,10
S-001212,C-0246,2025-08-14,CO01,W-12,60
S-001213,C-0254,2025-08-14,CN01,W-03,15
S-001214,C-0265,2025-08-14,PH01,W-10,20
S-001215,C-0266,2025-08-14,HV01,W-05,120
S-001216,C-0300,2025-08-14,CN01,W-05,20
S-001217,C-0031,2025-08-15,RF01,W-02,15
S-001218,C-0037,2025-08-15,CO01,W-11,60
S-001219,C-0066,2025-08-15,FA02,W-14,45
S-001220,C-0078,2025-08-15,ph01,W-08,5
S-001221,C-0079,2025-08-15,PH01,W-06,5
S-001222,C-0095,2025-08-15,CH02,W-04,45
S-001223,C-0120,2025-08-15,PH01,W-10,5
S-001224,C-0122,2025-08-15,CN01,W-09,20
S-001225,C-0131,2025-08-15,HV01,W-04,60
S-001226,C-0158,2025-08-15,FA01,W-07,45
S-001227,C-0254,2025-08-15,CO01,W-11,90
S-001228,C-0254,2025-08-15,TR02,W-03,15
S-001229,C-0266,2025-08-15,TR01,W-01,30
S-001230,C-0276,2025-08-15,CO02,W-12,50
S-001231,C-0016,2025-08-16,FA03,W-14,15
S-001232,C-0031,2025-08-16,CN01,W-02,30
S-001233,C-0038,2025-08-16,CN01,W-07,10
S-001234,C-0045,2025-08-16,HV01,W-05,90
S-001235,C-0045,2025-08-16,FA02,W-14,15
S-001236,C-0081,2025-08-16,CN01,W-08,10
S-001237,C-0089,2025-08-16,ID01 ,W-06,15
S-001238,C-0095,2025-08-16,CO01,W-11,50
S-001239,C-0102,2025-08-16,PH01,W-05,5
S-001240,C-0122,2025-08-16,CN01,W-09,20
S-001241,C-0122,2025-08-16,ID01,W-09,30
S-001242,C-0178,2025-08-16,CN01,W-06,10
S-001243,C-0193,2025-08-16,CH02,W-04,90
S-001244,C-0245,2025-08-16,CH02,W-03,120
S-001245,C-0256,2025-08-16,CN01,W-03,10
S-001246,C-0283,2025-08-16,HV01,W-01,90
S-001247,C-0037,2025-08-17,CO01,W-11,60
S-001248,C-0048,2025-08-17,PH01,W-02,20
S-001249,C-0068,2025-08-17,CH02 ,W-04,45
S-001250,C-0070,2025-08-17,HV01,W-05,45
S-001251,C-0074,2025-08-17,CN01,W-02,10
S-001252,C-0126,2025-08-17,HV01,W-03,60
S-001253,C-0131,2025-08-17,CN01,W-09,30
S-001254,C-0192,2025-08-17,HV01,W-04,90
S-001255,C-0246,2025-08-17,FA01,W-10,20
S-001256,C-0255,2025-08-17,,W-11,90
S-001257,C-0256,2025-08-17,PH01,W-03,5
S-001258,C-0300,2025-08-17,CN01,W-05,20
S-001259,C-0016,2025-08-18,TR01,W-09,30
S-001260,C-0037,2025-08-18,CO02,W-11,90
S-001261,C-0053,2025-08-18,HV01,W-03,45
S-001262,C-0053,2025-08-18,FA02,W-13,45
S-001263,C-0066,2025-08-18,CO02,W-12,50
S-001264,C-0083,2025-08-18,PH01,W-09,5
S-001265,C-0095,2025-08-18,FA03,W-14,45
S-001266,C-0113,2025-08-18,FA01,W-07,15
S-001267,C-0126,2025-08-18,CN01,W-02,20
S-001268,C-0143,2025-08-18,PH01 ,W-03,20
S-001269,C-0179,2025-08-18,IN01,W-05,30
S-001270,C-0192,2025-08-18,PH01,W-10,15
S-001271,C-0192,2025-08-18,HV01 ,W-03,120
S-001272,C-0245,2025-08-18,RF01,W-03,30
S-001273,C-0254,2025-08-18,CN01,W-03,20
S-001274,C-0254,2025-08-18,CH02,W-02,60
S-001275,C-0255,2025-08-18,TR02,W-03,45
S-001276,C-0278,2025-08-18,FA03,W-14,15
S-001277,C-0284,2025-08-18,CO01,W-12,90
S-001278,C-0038,2025-08-19,CH02,W-06,90
S-001279,C-0045,2025-08-19,FA02,W-14,45
S-001280,C-0048,2025-08-19,CO01,W-11,90
S-001281,C-0079,2025-08-19,HV01,W-03,120
S-001282,C-0091,2025-08-19,IN01,W-10,30
S-001283,C-0093,2025-08-19,CN01,W-08,15
S-001284,C-0095,2025-08-19,CO01,W-11,50
S-001285,C-0095,2025-08-19,IN01,W-06,30
S-001286,C-0120,2025-08-19,FA02,W-14,30
S-001287,C-0153,2025-08-19,FA02,W-13,30
S-001288,C-0194,2025-08-19,FA01,W-02,20
S-001289,C-0246,2025-08-19,CO01,W-11,50
S-001290,C-0250,2025-08-19,CO01,W-12,90
S-001291,C-0254,2025-08-19,PH01,W-03,15
S-001292,C-0255,2025-08-19,CN01,W-03,30
S-001293,C-0255,2025-08-19,CN01,W-03,10
S-001294,C-0263,2025-08-19,PH01 ,W-04,15
S-001295,C-0263,2025-08-19,CN01,W-04,15
S-001296,C-0266,2025-08-19,CN01,W-01,20
S-001297,C-0291,2025-08-19,CO01,W-11,50
S-001298,C-0299,2025-08-19,in01,W-08,45
S-001299,C-0078,2025-08-20,FA01,W-08,30
S-001300,C-0088,2025-08-20,RF01,W-06,10
S-001301,C-0091,2025-08-20,CO02,W-11,50
S-001302,C-0093,2025-08-20,FA02,W-14,20
S-001303,C-0126,2025-08-20, hv01  ,W-04,45
S-001304,C-0126,2025-08-20,,W-02,15
S-001305,C-0131,2025-08-20,CN01,W-09,15
S-001306,C-0158,2025-08-20,CO02,W-12,60
S-001307,C-0191,2025-08-20,HV01,W-04,60
S-001308,C-0193,2025-08-20,RF01,W-01,15
S-001309,C-0229,2025-08-20,PH01,W-02,5
S-001310,C-0245,2025-08-20,TR01,W-03,15
S-001311,C-0246,2025-08-20,CH02,W-02,60
S-001312,C-0255,2025-08-20,CN01,W-03,20
S-001313,C-0266,2025-08-20,cn01,W-01,20
S-001314,C-0031,2025-08-21,HV01,W-03,60
S-001315,C-0068,2025-08-21,CN01,W-01,10
S-001316,C-0083,2025-08-21,HV01,W-04,60
S-001317,C-0120,2025-08-21,FA03,W-14,15
S-001318,C-0122,2025-08-21,FA01,W-09,45
S-001319,C-0122,2025-08-21,CN01,W-09,30
S-001320,C-0126,2025-08-21,FA03,W-14,20
S-001321,C-0147,2025-08-21,CH02,W-01,60
S-001322,C-0178,2025-08-21,TR02,W-06,20
S-001323,C-0245,2025-08-21,IN01,W-03,15
S-001324,C-0253,2025-08-21,CN01,W-06,20
S-001325,C-0254,2025-08-21,RF01,W-03,10
S-001326,C-0255,2025-08-21,CN01,W-03,30
S-001327,C-0265,2025-08-21,co01,W-12,90
S-001328,C-0267,2025-08-21,RF01,W-10,15
S-001329,C-0291,2025-08-21,PH01,W-03,20
S-001330,C-0299,2025-08-21,TR01,W-08,45
S-001331,C-0300,2025-08-21,CO01,W-11,50
S-001332,C-0030,2025-08-22,RF01,W-03,10
S-001333,C-0063,2025-08-22,HV01,W-06,120
S-001334,C-0070,2025-08-22,CN01,W-01,30
S-001335,C-0074,2025-08-22,CH02,W-05,90
S-001336,C-0083,2025-08-22,CN01,W-09,30
S-001337,C-0089,2025-08-22,FA02,W-13,20
S-001338,C-0122,2025-08-22,RF01,W-09,30
S-001339,C-0153,2025-08-22,FA02,W-13,45
S-001340,C-0192,2025-08-22,CN01,W-10,20
S-001341,C-0202,2025-08-22,CN01,W-02,30
S-001342,C-0228,2025-08-22, ph01  ,W-02,10
S-001343,C-0229,2025-08-22,CO01,W-11,90
S-001344,C-0246,2025-08-22,FA03,W-13,20
S-001345,C-0053,2025-08-23,FA02 ,W-14,15
S-001346,C-0063,2025-08-23,FA02,W-13,15
S-001347,C-0074,2025-08-23,PH01,W-02,5
S-001348,C-0143,2025-08-23,RF01,W-03,10
S-001349,C-0143,2025-08-23,FA02,W-14,20
S-001350,C-0147,2025-08-23,FA03,W-13,15
S-001351,C-0179,2025-08-23,IN01,W-05,15
S-001352,C-0179,2025-08-23,CH02,W-05,90
S-001353,C-0192,2025-08-23,CO01 ,W-11,50
S-001354,C-0193,2025-08-23,CH02,W-05,90
S-001355,C-0194,2025-08-23,FA01 ,W-02,30
S-001356,C-0228,2025-08-23,RF01,W-02,30
S-001357,C-0246,2025-08-23,CH02,W-04,90
S-001358,C-0267,2025-08-23,CO01,W-12,60
S-001359,C-0291,2025-08-23,CO02,W-12,90
S-001360,C-0300,2025-08-23,RF01,W-05,15
S-001361,C-0037,2025-08-24,FA01,W-02,30
S-001362,C-0038,2025-08-24,PH01,W-07,20
S-001363,C-0038,2025-08-24,ID01,W-07,45
S-001364,C-0081,2025-08-24,PH01,W-08,5
S-001365,C-0095,2025-08-24,CN01,W-06,10
S-001366,C-0126,2025-08-24,CN01,W-02,30
S-001367,C-0133,2025-08-24,RF01,W-09,15
S-001368,C-0202,2025-08-24,CN01,W-02,10
S-001369,C-0267,2025-08-24,HV01,W-03,90
S-001370,C-0276,2025-08-24,CH02,W-04,60
S-001371,C-0276,2025-08-24,HV01,W-03,45
S-001372,C-0276,2025-08-24,ID01,W-05,15
S-001373,C-0299,2025-08-24,PH01,W-08,20
S-001374,C-0063,2025-08-25,PH01,W-06,20
S-001375,C-0068,2025-08-25,CN01,W-01,30
S-001376,C-0081,2025-08-25,CO01,W-12,50
S-001377,C-0088,2025-08-25,HV01,W-04,60
S-001378,C-0091,2025-08-25,FA01,W-10,20
S-001379,C-0093,2025-08-25,CO01 ,W-12,90
S-001380,C-0095,2025-08-25,IN01,W-06,20
S-001381,C-0095,2025-08-25,IN01,W-06,20
S-001382,C-0158,2025-08-25,HV01,W-05,90
S-001383,C-0213,2025-08-25,CN01,W-06,20
S-001384,C-0228,2025-08-25,HV01,W-05,90
S-001385,C-0246,2025-08-25,CN01,W-10,15
S-001386,C-0253,2025-08-25,CN01,W-06,20
S-001387,C-0263,2025-08-25,CO01,W-12,90
S-001388,C-0278,2025-08-25,TR02,W-02,45
S-001389,C-0278,2025-08-25,CN01,W-02,15
S-001390,C-0299,2025-08-25,HV01,W-01,45
S-001391,C-0016,2025-08-26,HV01,W-01,120
S-001392,C-0037,2025-08-26,TR02,W-02,45
S-001393,C-0038,2025-08-26,CN01,W-07,15
S-001394,C-0053,2025-08-26,PH01,W-05,15
S-001395,C-0066,2025-08-26,RF01,W-05,15
S-001396,C-0079,2025-08-26,CO01,W-12,60
S-001397,C-0083,2025-08-26,CO01,W-12,50
S-001398,C-0091,2025-08-26,CN01,W-10,10
S-001399,C-0133,2025-08-26,CN01,W-09,30
S-001400,C-0175,2025-08-26,PH01,W-07,5
S-001401,C-0192,2025-08-26,PH01,W-10,5
S-001402,C-0208,2025-08-26,CH02,W-04,45
S-001403,C-0246,2025-08-26,CN01,W-10,20
S-001404,C-0267,2025-08-26,CN01,W-10,30
S-001405,C-0278,2025-08-26,CN01,W-02,15
S-001406,C-0290,2025-08-26,HV01,W-02,90
S-001407,C-0030,2025-08-27,CO01,W-11,90
S-001408,C-0037,2025-08-27,PH01,W-02,20
S-001409,C-0044,2025-08-27,FA01,W-03,15
S-001410,C-0048,2025-08-27,CN01,W-02,30
S-001411,C-0068,2025-08-27,CN01 ,W-01,15
S-001412,C-0078,2025-08-27,CH02,W-03,90
S-001413,C-0079,2025-08-27,CH02,W-06,45
S-001414,C-0079,2025-08-27,CO01,W-12,60
S-001415,C-0081,2025-08-27,CH02,W-03,90
S-001416,C-0083,2025-08-27,CH02,W-06,45
S-001417,C-0088,2025-08-27,RF01,W-06,30
S-001418,C-0102,2025-08-27,PH01,W-05,15
S-001419,C-0102,2025-08-27,CH02 ,W-04,60
S-001420,C-0133,2025-08-27,TR02,W-09,20
S-001421,C-0133,2025-08-27,CH02,W-03,60
S-001422,C-0143,2025-08-27,TR01,W-03,15
S-001423,C-0155,2025-08-27,CO01,W-11,50
S-001424,C-0191,2025-08-27,CH02,W-04,45
S-001425,C-0229,2025-08-27,PH01,W-02,5
S-001426,C-0256,2025-08-27,CH02,W-06,45
S-001427,C-0263,2025-08-27,PH01,W-04,5
S-001428,C-0291,2025-08-27,CH02,W-06,45
S-001429,C-0291,2025-08-27,CO02,W-12,60
S-001430,C-0299,2025-08-27,PH01,W-08,20
S-001431,C-0299,2025-08-27,CH02,W-03,45
S-001432,C-0016,2025-08-28,ID01,W-09,15
S-001433,C-0030,2025-08-28,CO02,W-12,90
S-001434,C-0031,2025-08-28,TR02,W-02,15
S-001435,C-0048,2025-08-28,PH01,W-02,20
S-001436,C-0063,2025-08-28,FA01,W-06,45
S-001437,C-0068,2025-08-28,IN01,W-01,15
S-001438,C-0079,2025-08-28,HV01,W-06,60
S-001439,C-0120,2025-08-28,CO02,W-12,50
S-001440,C-0122,2025-08-28,FA01,W-09,30
S-001441,C-0126,2025-08-28,FA03,W-13,15
S-001442,C-0133,2025-08-28,FA02,W-14,15
S-001443,C-0155,2025-08-28,CO02,W-12,50
S-001444,C-0194,2025-08-28,HV01,W-04,60
S-001445,C-0194,2025-08-28,FA03,W-13,15
S-001446,C-0227,2025-08-28,CN01,W-08,10
S-001447,C-0228,2025-08-28,CN01,W-02,30
S-001448,C-0246,2025-08-28,CO01,W-12,90
S-001449,C-0250,2025-08-28,IN01,W-10,15
S-001450,C-0265,2025-08-28,CH02,W-05,90
S-001451,C-0278,2025-08-28,CN01,W-02,15
S-001452,C-0041,2025-08-29,PH01 ,W-05,20
S-001453,C-0053,2025-08-29,RF01,W-05,10
S-001454,C-0063,2025-08-29,FA02,W-13,45
S-001455,C-0068,2025-08-29,FA01,W-01,30
S-001456,C-0078,2025-08-29,CO02,W-12,50
S-001457,C-0088,2025-08-29,FA03,W-14,15
S-001458,C-0113,2025-08-29,FA02,W-14,15
S-001459,C-0113,2025-08-29,CO01,W-11,90
S-001460,C-0131,2025-08-29,CH02 ,W-04,120
S-001461,C-0147,2025-08-29,CH02,W-02,120
S-001462,C-0155,2025-08-29,CN01,W-07,30
S-001463,C-0208,2025-08-29, ch02  ,W-01,120
S-001464,C-0208,2025-08-29,TR02,W-09,20
S-001465,C-0212,2025-08-29,HV01,W-04,120
S-001466,C-0213,2025-08-29,PH01,W-06,20
S-001467,C-0215,2025-08-29,HV01,W-04,60
S-001468,C-0256,2025-08-29,CN01,W-03,30
S-001469,C-0263,2025-08-29,TR01,W-04,20
S-001470,C-0263,2025-08-29,TR02,W-04,20
S-001471,C-0278,2025-08-29,HV01,W-01,60
S-001472,C-0291,2025-08-29,CO01,W-11,50
S-001473,C-0291,2025-08-29,co02,W-11,90
S-001474,C-0031,2025-08-30,CN01,W-02,30
S-001475,C-0048,2025-08-30,CH02,W-03,120
S-001476,C-0074,2025-08-30,PH01,W-02,20
S-001477,C-0083,2025-08-30,TR02,W-09,30
S-001478,C-0083,2025-08-30,TR02,W-09,15
S-001479,C-0088,2025-08-30,PH01,W-06,10
S-001480,C-0102,2025-08-30,TR02,W-05,15
S-001481,C-0131,2025-08-30,CO02,W-12,50
S-001482,C-0143,2025-08-30,CN01,W-03,20
S-001483,C-0155,2025-08-30,TR02,W-07,20
S-001484,C-0158,2025-08-30,HV01,W-05,90
S-001485,C-0193,2025-08-30,ID01,W-01,15
S-001486,C-0194,2025-08-30,HV01,W-02,60
S-001487,C-0256,2025-08-30,CN01,W-03,15
S-001488,C-0276,2025-08-30,CN01,W-05,10
S-001488,C-0276,2025-08-30,CN01,W-05,10
S-001489,C-0284,2025-08-30,PH01,W-08,20
S-001489,C-0284,2025-08-30,PH01,W-08,20
S-001490,C-0041,2025-08-31,TR01,W-05,45
S-001491,C-0066,2025-08-31,CH02,W-04,120
S-001492,C-0093,2025-08-31,RF01,W-08,20
S-001493,C-0102,2025-08-31,CN01,W-05,30
S-001494,C-0122,2025-08-31,PH01,W-09,10
S-001495,C-0126,2025-08-31,TR01,W-02,45
S-001496,C-0175,2025-08-31,CO01,W-12,60
S-001497,C-0207,2025-08-31,HV01,W-05,45
S-001498,C-0213,2025-08-31,HV01,W-02,120
S-001499,C-0215,2025-08-31,CN01,W-07,15
S-001500,C-0245,2025-08-31,PH01,W-03,20
S-001501,C-0255,2025-08-31,CN01,W-03,20
S-001502,C-0256,2025-08-31,CO01,W-11,50
S-001503,C-0290,2025-08-31,RF01,W-04,15
S-001504,C-0290,2025-08-31,TR02,W-04,45
S-001505,C-0299,2025-08-31,PH01,W-08,20
S-001506,C-0036,2025-09-01,CO01,W-12,60
S-001507,C-0048,2025-09-01,ID01,W-02,30
S-001508,C-0053,2025-09-01,FA03,W-13,15
S-001509,C-0053,2025-09-01,IN01,W-05,15
S-001510,C-0063,2025-09-01,HV01,W-06,90
S-001511,C-0102,2025-09-01,CH02,W-04,60
S-001512,C-0109,2025-09-01,IN01,W-07,20
S-001513,C-0144,2025-09-01,HV01,W-03,90
S-001514,C-0147,2025-09-01,CN01,W-02,20
S-001515,C-0153,2025-09-01,cn01,W-05,30
S-001516,C-0155,2025-09-01,PH01,W-07,5
S-001517,C-0191,2025-09-01,RF01,W-05,10
S-001518,C-0208,2025-09-01,FA03,W-14,15
S-001519,C-0228,2025-09-01,HV01,W-03,45
S-001520,C-0255,2025-09-01,HV01,W-04,120
S-001521,C-0256,2025-09-01,PH01,W-03,10
S-001522,C-0266,2025-09-01,FA01,W-01,15
S-001523,C-0278,2025-09-01,FA01,W-02,30
S-001524,C-0283,2025-09-01,ID01,W-02,30
S-001525,C-0298,2025-09-01,PH01,W-07,5
S-001526,C-0031,2025-09-02,HV01,W-06,45
S-001527,C-0068,2025-09-02,IN01 ,W-01,20
S-001528,C-0070,2025-09-02,FA02,W-13,15
S-001529,C-0091,2025-09-02,PH01,W-10,20
S-001530,C-0091,2025-09-02,IN01,W-10,15
S-001531,C-0095,2025-09-02,ID01,W-06,30
S-001532,C-0102,2025-09-02,CN01,W-05,20
S-001533,C-0126,2025-09-02,PH01,W-02,20
S-001534,C-0131,2025-09-02,CN01,W-09,20
S-001535,C-0133,2025-09-02,FA01,W-09,45
S-001536,C-0155,2025-09-02,CN01,W-07,20
S-001537,C-0158,2025-09-02,RF01,W-07,20
S-001538,C-0185,2025-09-02,RF01,W-10,20
S-001539,C-0208,2025-09-02,FA03,W-14,45
S-001540,C-0212,2025-09-02,IN01,W-04,20
S-001541,C-0215,2025-09-02,CN01,W-07,30
S-001542,C-0249,2025-09-02,CN01,W-02,10
S-001543,C-0278,2025-09-02,FA01,W-02,30
S-001544,C-0298,2025-09-02,HV01,W-01,90
S-001545,C-0299,2025-09-02,CN01,W-08,30
S-001546,C-0016,2025-09-03,CO02,W-11,50
S-001547,C-0031,2025-09-03,RF01 ,W-02,10
S-001548,C-0053,2025-09-03,FA01,W-05,45
S-001549,C-0078,2025-09-03,PH01,W-08,5
S-001550,C-0089,2025-09-03,FA01,W-06,15
S-001551,C-0093,2025-09-03,CN01,W-08,10
S-001552,C-0095,2025-09-03,CN01 ,W-06,20
S-001553,C-0102,2025-09-03,CH02,W-04,45
S-001554,C-0133,2025-09-03,PH01,W-09,10
S-001555,C-0155,2025-09-03,TR02,W-07,45
S-001556,C-0208,2025-09-03,FA01,W-09,30
S-001557,C-0227,2025-09-03,CO02,W-11,60
S-001558,C-0263,2025-09-03,HV01,W-02,90
S-001559,C-0265,2025-09-03,PH01,W-10,20
S-001560,C-0290,2025-09-03,ID01,W-04,20
S-001561,C-0291,2025-09-03,PH01,W-03,5
S-001562,C-0030,2025-09-04,TR02,W-03,20
S-001563,C-0030,2025-09-04,CH02,W-04,120
S-001564,C-0036,2025-09-04,TR01,W-09,20
S-001565,C-0038,2025-09-04,IN01,W-07,45
S-001566,C-0041,2025-09-04,PH01 ,W-05,15
S-001567,C-0070,2025-09-04,ID01,W-01,45
S-001568,C-0070,2025-09-04,CN01,W-01,20
S-001569,C-0095,2025-09-04,HV01,W-03,60
S-001570,C-0133,2025-09-04,CN01,W-09,10
S-001571,C-0179,2025-09-04,TR01,W-05,15
S-001572,C-0193,2025-09-04,CN01,W-01,30
S-001573,C-0200,2025-09-04,RF01,W-04,15
S-001574,C-0207,2025-09-04,PH01,W-10,10
S-001575,C-0208,2025-09-04,IN01,W-09,30
S-001576,C-0212,2025-09-04,PH01,W-04,10
S-001577,C-0215,2025-09-04,ID01,W-07,30
S-001578,C-0243,2025-09-04,IN01,W-03,30
S-001579,C-0253,2025-09-04,FA02,W-14,30
S-001580,C-0256,2025-09-04,CO01,W-12,50
S-001581,C-0263,2025-09-04,FA01,W-04,20
S-001582,C-0278,2025-09-04,RF01,W-02,20
S-001583,C-0278,2025-09-04,CH02,W-02,120
S-001584,C-0290,2025-09-04,CO01,W-12,60
S-001585,C-0016,2025-09-05,FA03,W-14,30
S-001586,C-0037,2025-09-05,CO01,W-12,60
S-001587,C-0037,2025-09-05,CO01,W-12,90
S-001588,C-0068,2025-09-05,CN01,W-01,30
S-001589,C-0074,2025-09-05,CO01,W-11,60
S-001590,C-0079,2025-09-05,RF01,W-06,10
S-001591,C-0088,2025-09-05,CH02,W-03,60
S-001592,C-0093,2025-09-05,tr02,W-08,30
S-001593,C-0102,2025-09-05,FA01,W-05,20
S-001594,C-0113,2025-09-05,CN01,W-07,10
S-001595,C-0122,2025-09-05,CH02,W-06,120
S-001596,C-0126,2025-09-05,RF01,W-02,30
S-001597,C-0131,2025-09-05,CH02,W-03,60
S-001598,C-0147,2025-09-05,TR02,W-02,20
S-001599,C-0153,2025-09-05,CH02,W-02,45
S-001600,C-0153,2025-09-05,CN01,W-05,15
S-001601,C-0158,2025-09-05,PH01,W-07,10
S-001602,C-0212,2025-09-05,CO02,W-11,50
S-001603,C-0229,2025-09-05,CO02,W-12,90
S-001604,C-0254,2025-09-05,CO02,W-11,50
S-001605,C-0265,2025-09-05,cn01,W-10,10
S-001606,C-0265,2025-09-05,IN01,W-10,15
S-001607,C-0291,2025-09-05,CO01,W-11,60
S-001608,C-0036,2025-09-06,CO02,W-11,60
S-001609,C-0036,2025-09-06,HV01,W-05,60
S-001610,C-0078,2025-09-06,CN01,W-08,20
S-001611,C-0089,2025-09-06,PH01,W-06,15
S-001612,C-0093,2025-09-06,IN01 ,W-08,30
S-001613,C-0193,2025-09-06,CO01,W-12,60
S-001614,C-0202,2025-09-06,CN01,W-02,10
S-001615,C-0207,2025-09-06,FA01,W-10,30
S-001616,C-0208,2025-09-06,CN01,W-09,10
S-001617,C-0227,2025-09-06,CN01,W-08,10
S-001618,C-0245,2025-09-06,FA02,W-14,30
S-001619,C-0254,2025-09-06,CN01,W-03,10
S-001620,C-0254,2025-09-06,CN01,W-03,30
S-001621,C-0263,2025-09-06,CN01,W-04,30
S-001622,C-0300,2025-09-06,PH01,W-05,5
S-001623,C-0036,2025-09-07,CO01,W-12,50
S-001624,C-0044,2025-09-07,CN01,W-03,15
S-001625,C-0078,2025-09-07,CN01,W-08,30
S-001626,C-0095,2025-09-07,CN01,W-06,20
S-001627,C-0178,2025-09-07, cn01  ,W-06,30
S-001628,C-0193,2025-09-07,CN01,W-01,15
S-001629,C-0212,2025-09-07,CN01,W-04,10
S-001630,C-0246,2025-09-07,TR02,W-10,15
S-001631,C-0254,2025-09-07,CN01 ,W-03,20
S-001632,C-0255,2025-09-07,CH02,W-04,45
S-001633,C-0263,2025-09-07,PH01,W-04,15
S-001634,C-0265,2025-09-07,PH01,W-10,15
S-001635,C-0278,2025-09-07,CO01,W-12,60
S-001636,C-0290,2025-09-07,PH01,W-04,10
S-001637,C-0290,2025-09-07,TR02,W-04,15
S-001638,C-0291,2025-09-07,CN01,W-03,20
S-001639,C-0038,2025-09-08,IN01,W-07,30
S-001640,C-0041,2025-09-08,CN01,W-05,10
S-001641,C-0044,2025-09-08,FA01,W-03,45
S-001642,C-0045,2025-09-08,CO01,W-12,50
S-001643,C-0063,2025-09-08,PH01,W-06,10
S-001644,C-0078,2025-09-08,CN01,W-08,10
S-001645,C-0079,2025-09-08,CO01,W-12,90
S-001646,C-0083,2025-09-08,PH01,W-09,10
S-001647,C-0089,2025-09-08,CN01,W-06,20
S-001648,C-0122,2025-09-08,TR02,W-09,30
S-001649,C-0122,2025-09-08,ph01,W-09,10
S-001650,C-0133,2025-09-08,CH02,W-06,90
S-001651,C-0153,2025-09-08,fa02,W-14,20
S-001652,C-0158,2025-09-08,RF01,W-07,10
S-001653,C-0194,2025-09-08,HV01,W-03,45
S-001654,C-0194,2025-09-08,FA02,W-14,20
S-001655,C-0204,2025-09-08,FA03,W-14,20
S-001656,C-0215,2025-09-08,TR01,W-07,15
S-001657,C-0243,2025-09-08,TR01 ,W-03,45
S-001658,C-0243,2025-09-08,RF01,W-03,15
S-001659,C-0245,2025-09-08,TR01,W-03,15
S-001660,C-0245,2025-09-08,RF01,W-03,20
S-001661,C-0252,2025-09-08,CN01,W-04,30
S-001662,C-0252,2025-09-08,FA01,W-04,15
S-001663,C-0258,2025-09-08,CN01,W-04,10
S-001664,C-0291,2025-09-08,FA01,W-03,30
S-001665,C-0299,2025-09-08,PH01,W-08,20
S-001666,C-0036,2025-09-09,CN01,W-09,20
S-001667,C-0037,2025-09-09,RF01,W-02,15
S-001668,C-0037,2025-09-09,HV01,W-04,120
S-001669,C-0081,2025-09-09,CN01,W-08,20
S-001670,C-0088,2025-09-09,PH01,W-06,5
S-001671,C-0091,2025-09-09,CN01,W-10,20
S-001672,C-0126,2025-09-09,FA01,W-02,20
S-001673,C-0131,2025-09-09,CN01 ,W-09,15
S-001674,C-0133,2025-09-09,TR02,W-09,30
S-001675,C-0153,2025-09-09,CN01,W-05,30
S-001676,C-0194,2025-09-09,RF01 ,W-02,30
S-001677,C-0202,2025-09-09,HV01,W-06,45
S-001678,C-0215,2025-09-09,CH02,W-05,90
S-001679,C-0276,2025-09-09,FA02,W-14,30
S-001680,C-0283,2025-09-09,CH02,W-01,120
S-001681,C-0291,2025-09-09,FA01,W-03,20
S-001682,C-0016,2025-09-10,TR02,W-09,20
S-001683,C-0016,2025-09-10,CN01,W-09,15
S-001684,C-0044,2025-09-10,FA02,W-13,45
S-001685,C-0078,2025-09-10,CN01,W-08,15
S-001686,C-0079,2025-09-10,CO01,W-12,50
S-001687,C-0109,2025-09-10,CO01,W-12,90
S-001688,C-0144,2025-09-10,FA01,W-05,45
S-001689,C-0144,2025-09-10,ID01,W-05,20
S-001690,C-0147,2025-09-10,PH01,W-02,15
S-001691,C-0155,2025-09-10,PH01,W-07,10
S-001692,C-0192,2025-09-10,CN01,W-10,20
S-001693,C-0194,2025-09-10,CN01,W-02,30
S-001694,C-0207,2025-09-10,CN01,W-10,10
S-001695,C-0208,2025-09-10,FA02,W-13,20
S-001696,C-0212,2025-09-10,HV01,W-06,45
S-001697,C-0243,2025-09-10,CN01 ,W-03,30
S-001697,C-0243,2025-09-10,CN01 ,W-03,30
S-001698,C-0245,2025-09-10,TR01 ,W-03,15
S-001699,C-0266,2025-09-10,PH01,W-01,10
S-001700,C-0290,2025-09-10,CN01,W-04,20
S-001701,C-0290,2025-09-10,CN01,W-04,10
S-001702,C-0298,2025-09-10,PH01,W-07,20
S-001703,C-0016,2025-09-11,HV01,W-02,45
S-001704,C-0024,2025-09-11,HV01,W-02,90
S-001705,C-0083,2025-09-11,CO01,W-12,50
S-001706,C-0089,2025-09-11,CN01,W-06,30
S-001707,C-0129,2025-09-11,co01,W-12,90
S-001708,C-0153,2025-09-11,CN01,W-05,15
S-001709,C-0155,2025-09-11,CO01,W-11,60
S-001710,C-0158,2025-09-11,CH02,W-03,120
S-001711,C-0178,2025-09-11,HV01,W-04,60
S-001712,C-0200,2025-09-11,CN01,W-04,10
S-001713,C-0200,2025-09-11,CN01,W-04,20
S-001714,C-0215,2025-09-11,PH01,W-07,5
S-001715,C-0229,2025-09-11,PH01,W-02,5
S-001716,C-0246,2025-09-11,CN01,W-10,15
S-001717,C-0246,2025-09-11,RF01,W-10,30
S-001718,C-0252,2025-09-11,cn01,W-04,30
S-001719,C-0255,2025-09-11,PH01,W-03,15
S-001720,C-0263,2025-09-11,CO01,W-12,50
S-001721,C-0024,2025-09-12,CN01,W-08,20
S-001722,C-0024,2025-09-12,HV01,W-06,60
S-001723,C-0030,2025-09-12,CO02,W-11,50
S-001724,C-0038,2025-09-12,HV01,W-05,120
S-001725,C-0044,2025-09-12,PH01,W-03,20
S-001726,C-0078,2025-09-12,CO01,W-12,90
S-001727,C-0088,2025-09-12,FA01,W-06,15
S-001728,C-0113,2025-09-12,CN01,W-07,20
S-001729,C-0120,2025-09-12,CH02,W-03,45
S-001730,C-0121,2025-09-12,CO01,W-12,90
S-001731,C-0125,2025-09-12,ID01,W-05,20
S-001732,C-0126,2025-09-12,FA03,W-13,15
S-001733,C-0126,2025-09-12,FA03,W-14,20
S-001734,C-0143,2025-09-12,PH01,W-03,15
S-001735,C-0147,2025-09-12,CH02,W-02,120
S-001736,C-0153,2025-09-12,TR02,W-05,30
S-001737,C-0178,2025-09-12,PH01,W-06,5
S-001738,C-0193,2025-09-12,CN01,W-01,10
S-001739,C-0194,2025-09-12,CH02,W-03,90
S-001740,C-0252,2025-09-12,CN01,W-04,10
S-001741,C-0290,2025-09-12,TR02,W-04,15
S-001742,C-0036,2025-09-13,cn01,W-09,15
S-001743,C-0037,2025-09-13,CO01,W-12,50
S-001744,C-0063,2025-09-13,HV01,W-03,90
S-001745,C-0066,2025-09-13,CN01,W-05,10
S-001746,C-0079,2025-09-13,CO01,W-11,50
S-001747,C-0102,2025-09-13,ID01,W-05,45
S-001748,C-0129,2025-09-13,cn01,W-04,20
S-001749,C-0133,2025-09-13,PH01,W-09,5
S-001750,C-0147,2025-09-13,ID01,W-02,15
S-001751,C-0178,2025-09-13,PH01,W-06,15
S-001752,C-0186,2025-09-13,TR02,W-06,20
S-001753,C-0207,2025-09-13,FA03,W-14,15
S-001754,C-0208,2025-09-13,FA03,W-13,45
S-001755,C-0215,2025-09-13,PH01,W-07,15
S-001756,C-0229,2025-09-13,CH02,W-05,120
S-001757,C-0252,2025-09-13,IN01,W-04,45
S-001758,C-0283,2025-09-13,TR01,W-02,30
S-001759,C-0284,2025-09-13,TR01,W-08,45
S-001760,C-0031,2025-09-14,CO02,W-12,90
S-001761,C-0036,2025-09-14,ID01,W-09,45
S-001762,C-0037,2025-09-14,CO01,W-12,90
S-001763,C-0038,2025-09-14,CO02,W-12,50
S-001764,C-0048,2025-09-14,PH01,W-02,20
S-001765,C-0048,2025-09-14,PH01,W-02,5
S-001766,C-0048,2025-09-14,PH01,W-02,15
S-001767,C-0063,2025-09-14,HV01,W-01,60
S-001768,C-0089,2025-09-14,CO02,W-11,60
S-001769,C-0125,2025-09-14,IN01,W-05,15
S-001770,C-0126,2025-09-14,TR02,W-02,20
S-001771,C-0131,2025-09-14,CO01,W-12,60
S-001772,C-0143,2025-09-14,HV01,W-01,60
S-001773,C-0158,2025-09-14,CO02,W-11,60
S-001774,C-0192,2025-09-14,HV01,W-02,60
S-001775,C-0228,2025-09-14,,W-02,20
S-001776,C-0255,2025-09-14,CN01,W-03,20
S-001777,C-0258,2025-09-14,ID01,W-04,30
S-001778,C-0290,2025-09-14,RF01,W-04,10
S-001779,C-0037,2025-09-15,PH01,W-02,20
S-001780,C-0037,2025-09-15,CO02,W-11,90
S-001781,C-0038,2025-09-15,TR02,W-07,15
S-001781,C-0038,2025-09-15,TR02,W-07,15
S-001782,C-0046,2025-09-15,CN01,W-06,15
S-001783,C-0063,2025-09-15,HV01,W-02,120
S-001784,C-0066,2025-09-15,FA02,W-14,30
S-001785,C-0068,2025-09-15,in01,W-01,45
S-001786,C-0081,2025-09-15,RF01,W-08,15
S-001787,C-0091,2025-09-15,IN01,W-10,20
S-001788,C-0102,2025-09-15,fa01,W-05,20
S-001789,C-0109,2025-09-15,IN01,W-07,30
S-001790,C-0110,2025-09-15,HV01 ,W-03,45
S-001791,C-0122,2025-09-15, hv01  ,W-01,90
S-001792,C-0158,2025-09-15,PH01,W-07,10
S-001793,C-0172,2025-09-15,PH01,W-06,20
S-001794,C-0186,2025-09-15,PH01,W-06,10
S-001795,C-0211,2025-09-15,FA01,W-01,30
S-001796,C-0215,2025-09-15,CO02,W-11,60
S-001797,C-0215,2025-09-15,ch02,W-01,45
S-001798,C-0227,2025-09-15,RF01,W-08,15
S-001799,C-0265,2025-09-15,TR02 ,W-10,20
S-001800,C-0274,2025-09-15,CN01,W-01,15
S-001801,C-0024,2025-09-16,CH02,W-01,45
S-001802,C-0036,2025-09-16,CO01,W-12,90
S-001803,C-0068,2025-09-16,CH02,W-02,90
S-001804,C-0079,2025-09-16,CO02,W-12,60
S-001805,C-0083,2025-09-16,PH01,W-09,5
S-001806,C-0083,2025-09-16,RF01,W-09,20
S-001807,C-0102,2025-09-16,TR02,W-05,45
S-001808,C-0102,2025-09-16,CH02,W-02,90
S-001809,C-0126,2025-09-16,HV01,W-01,60
S-001810,C-0129,2025-09-16,HV01,W-05,90
S-001811,C-0133,2025-09-16,TR01,W-09,15
S-001812,C-0143,2025-09-16,CN01,W-03,10
S-001813,C-0155,2025-09-16,TR01,W-07,20
S-001814,C-0186,2025-09-16,CH02,W-05,60
S-001815,C-0194,2025-09-16,HV01,W-04,120
S-001816,C-0194,2025-09-16,PH01,W-02,20
S-001817,C-0200,2025-09-16,CH02,W-02,45
S-001818,C-0243,2025-09-16,HV01,W-06,45
S-001819,C-0246,2025-09-16,CO01,W-12,90
S-001820,C-0254,2025-09-16,HV01,W-05,120
S-001821,C-0258,2025-09-16,CN01,W-04,15
S-001822,C-0291,2025-09-16,CN01,W-03,30
S-001823,C-0030,2025-09-17,TR02,W-03,15
S-001824,C-0046,2025-09-17,CH02,W-05,120
S-001825,C-0059,2025-09-17,HV01,W-02,120
S-001826,C-0063,2025-09-17,FA02,W-13,30
S-001827,C-0070,2025-09-17,fa01,W-01,15
S-001828,C-0079,2025-09-17,CO01,W-12,90
S-001829,C-0129,2025-09-17,CN01,W-04,10
S-001830,C-0186,2025-09-17,TR02,W-06,15
S-001831,C-0192,2025-09-17,PH01,W-10,20
S-001832,C-0193,2025-09-17,cn01,W-01,30
S-001833,C-0193,2025-09-17,CN01,W-01,20
S-001834,C-0207,2025-09-17,PH01,W-10,10
S-001835,C-0211,2025-09-17,CN01,W-01,30
S-001836,C-0213,2025-09-17,TR01,W-06,30
S-001837,C-0229,2025-09-17,CH02,W-03,120
S-001838,C-0245,2025-09-17,HV01,W-05,60
S-001839,C-0024,2025-09-18,PH01 ,W-08,10
S-001840,C-0030,2025-09-18,CO01,W-12,60
S-001841,C-0036,2025-09-18,PH01,W-09,15
S-001842,C-0074,2025-09-18,CN01,W-02,10
S-001843,C-0079,2025-09-18,CN01,W-06,20
S-001844,C-0083,2025-09-18,RF01,W-09,30
S-001845,C-0089,2025-09-18,ID01,W-06,45
S-001846,C-0091,2025-09-18,PH01,W-10,10
S-001847,C-0091,2025-09-18,FA02,W-13,30
S-001848,C-0129,2025-09-18,hv01,W-01,45
S-001849,C-0131,2025-09-18,TR02,W-09,30
S-001850,C-0131,2025-09-18,CO02,W-12,50
S-001850,C-0131,2025-09-18,CO02,W-12,50
S-001851,C-0155,2025-09-18,CO01,W-12,60
S-001852,C-0176,2025-09-18,CN01,W-08,10
S-001853,C-0185,2025-09-18,HV01,W-06,90
S-001854,C-0191,2025-09-18,CN01,W-05,15
S-001855,C-0207,2025-09-18,FA01,W-10,15
S-001856,C-0228,2025-09-18,HV01,W-02,45
S-001857,C-0249,2025-09-18,FA03,W-14,15
S-001858,C-0256,2025-09-18,PH01,W-03,5
S-001859,C-0256,2025-09-18,CO02,W-11,60
S-001860,C-0290,2025-09-18,CO01,W-11,90
S-001861,C-0290,2025-09-18,CO01,W-12,90
S-001862,C-0291,2025-09-18,CN01,W-03,20
S-001863,C-0300,2025-09-18,CO02,W-12,60
S-001864,C-0300,2025-09-18,CO02,W-11,60
S-001865,C-0024,2025-09-19,FA02,W-14,15
S-001866,C-0024,2025-09-19,TR01,W-08,30
S-001867,C-0030,2025-09-19,PH01,W-03,20
S-001868,C-0037,2025-09-19,CN01,W-02,10
S-001869,C-0048,2025-09-19,PH01,W-02,5
S-001870,C-0122,2025-09-19,HV01,W-06,45
S-001871,C-0153,2025-09-19,CN01,W-05,30
S-001872,C-0191,2025-09-19,CO02,W-11,50
S-001873,C-0192,2025-09-19,CN01,W-10,10
S-001874,C-0193,2025-09-19,FA01,W-01,20
S-001875,C-0204,2025-09-19,CN01,W-04,20
S-001876,C-0215,2025-09-19,CH02,W-01,45
S-001877,C-0215,2025-09-19,CH02,W-02,60
S-001878,C-0228,2025-09-19,CN01,W-02,30
S-001879,C-0252,2025-09-19,RF01,W-04,30
S-001879,C-0252,2025-09-19,RF01,W-04,30
S-001880,C-0253,2025-09-19,CN01,W-06,20
S-001881,C-0291,2025-09-19,CN01,W-03,30
S-001882,C-0030,2025-09-20,HV01,W-03,90
S-001883,C-0031,2025-09-20,TR01,W-02,20
S-001884,C-0045,2025-09-20,FA02 ,W-13,45
S-001885,C-0063,2025-09-20,HV01,W-02,90
S-001886,C-0078,2025-09-20,PH01,W-08,15
S-001887,C-0078,2025-09-20,FA03,W-13,45
S-001888,C-0088,2025-09-20,CN01,W-06,15
S-001889,C-0093,2025-09-20,PH01,W-08,20
S-001890,C-0110,2025-09-20,FA01,W-02,30
S-001891,C-0121,2025-09-20,CN01,W-05,20
S-001892,C-0147,2025-09-20,IN01,W-02,20
S-001893,C-0153,2025-09-20,FA02,W-13,20
S-001894,C-0179,2025-09-20,cn01,W-05,10
S-001895,C-0193,2025-09-20,FA01 ,W-01,20
S-001896,C-0255,2025-09-20,ID01,W-03,20
S-001897,C-0299,2025-09-20,IN01,W-08,45
S-001898,C-0300,2025-09-20,HV01,W-04,45
S-001899,C-0066,2025-09-21,CN01,W-05,30
S-001900,C-0068,2025-09-21,CH02,W-01,120
S-001901,C-0074,2025-09-21,RF01,W-02,20
S-001902,C-0074,2025-09-21,CO01,W-11,90
S-001903,C-0083,2025-09-21,CO02,W-11,90
S-001904,C-0088,2025-09-21,FA03,W-13,20
S-001905,C-0095,2025-09-21,CH02,W-03,120
S-001906,C-0102,2025-09-21,CN01,W-05,30
S-001907,C-0109,2025-09-21,FA02,W-14,20
S-001908,C-0109,2025-09-21,HV01,W-02,60
S-001909,C-0120,2025-09-21,HV01,W-05,45
S-001910,C-0120,2025-09-21,CN01,W-10,15
S-001911,C-0131,2025-09-21,PH01,W-09,10
S-001912,C-0153,2025-09-21,CN01,W-05,20
S-001913,C-0208,2025-09-21,CN01,W-09,20
S-001914,C-0211,2025-09-21,PH01,W-01,20
S-001915,C-0249,2025-09-21,HV01,W-02,120
S-001916,C-0263,2025-09-21,TR02,W-04,20
S-001917,C-0265,2025-09-21,CN01,W-10,10
S-001918,C-0265,2025-09-21,CO01,W-12,90
S-001919,C-0278,2025-09-21,HV01,W-02,90
S-001920,C-0283,2025-09-21,RF01,W-02,30
S-001921,C-0036,2025-09-22,CN01,W-09,20
S-001922,C-0048,2025-09-22,CH02,W-06,90
S-001923,C-0068,2025-09-22,HV01,W-01,60
S-001924,C-0083,2025-09-22,id01,W-09,30
S-001925,C-0088,2025-09-22,HV01,W-06,90
S-001926,C-0102,2025-09-22,CO02,W-12,60
S-001927,C-0120,2025-09-22,CH02,W-04,90
S-001928,C-0120,2025-09-22,CN01,W-10,10
S-001929,C-0158,2025-09-22,CH02,W-06,120
S-001930,C-0158,2025-09-22,CN01,W-07,30
S-001931,C-0179,2025-09-22,hv01,W-02,45
S-001932,C-0186,2025-09-22,CN01,W-06,15
S-001933,C-0186,2025-09-22,CH02,W-02,120
S-001934,C-0192,2025-09-22,FA01,W-10,30
S-001935,C-0193,2025-09-22,CO01,W-12,90
S-001936,C-0204,2025-09-22,FA03,W-13,20
S-001937,C-0212,2025-09-22,PH01,W-04,5
S-001938,C-0212,2025-09-22,RF01,W-04,15
S-001939,C-0227,2025-09-22,co02,W-11,50
S-001940,C-0229,2025-09-22,cn01,W-02,30
S-001941,C-0229,2025-09-22,HV01,W-04,120
S-001942,C-0299,2025-09-22,TR02,W-08,15
S-001943,C-0016,2025-09-23,PH01,W-09,5
S-001944,C-0030,2025-09-23,RF01,W-03,30
S-001945,C-0037,2025-09-23,TR01,W-02,45
S-001946,C-0038,2025-09-23,CO01,W-11,50
S-001947,C-0048,2025-09-23,FA02,W-14,30
S-001948,C-0059,2025-09-23,CH02,W-01,120
S-001949,C-0079,2025-09-23,fa03,W-14,30
S-001950,C-0089,2025-09-23,CN01,W-06,30
S-001951,C-0094,2025-09-23,CN01,W-06,10
S-001952,C-0122,2025-09-23,IN01,W-09,45
S-001953,C-0129,2025-09-23,RF01,W-04,15
S-001954,C-0131,2025-09-23,TR02,W-09,15
S-001955,C-0147,2025-09-23,FA01 ,W-02,30
S-001956,C-0151,2025-09-23,IN01,W-02,20
S-001957,C-0194,2025-09-23,CN01,W-02,15
S-001958,C-0208,2025-09-23,CN01,W-09,10
S-001959,C-0212,2025-09-23,CN01,W-04,30
S-001959,C-0212,2025-09-23,CN01,W-04,30
S-001960,C-0215,2025-09-23,CO02 ,W-11,60
S-001961,C-0246,2025-09-23,CN01,W-10,20
S-001962,C-0256,2025-09-23,CO01,W-12,50
S-001963,C-0256,2025-09-23,TR01,W-03,15
S-001964,C-0263,2025-09-23,CN01,W-04,15
S-001965,C-0265,2025-09-23,TR02,W-10,45
S-001966,C-0298,2025-09-23,PH01,W-07,15
S-001967,C-0016,2025-09-24,CN01,W-09,20
S-001968,C-0030,2025-09-24,CO02,W-11,60
S-001969,C-0066,2025-09-24,CH02,W-06,120
S-001970,C-0077,2025-09-24,RF01,W-05,30
S-001971,C-0079,2025-09-24,FA01,W-06,30
S-001972,C-0081,2025-09-24,CN01,W-08,30
S-001973,C-0147,2025-09-24,PH01,W-02,5
S-001974,C-0160,2025-09-24,RF01 ,W-05,10
S-001975,C-0172,2025-09-24,FA01,W-06,20
S-001976,C-0191,2025-09-24,CN01,W-05,30
S-001977,C-0192,2025-09-24,PH01,W-10,15
S-001978,C-0202,2025-09-24,PH01,W-02,5
S-001979,C-0207,2025-09-24,PH01,W-10,10
S-001980,C-0207,2025-09-24,CO02,W-12,50
S-001981,C-0213,2025-09-24,CN01,W-06,15
S-001982,C-0215,2025-09-24,PH01,W-07,15
S-001983,C-0228,2025-09-24,tr02,W-02,20
S-001984,C-0228,2025-09-24,TR02 ,W-02,15
S-001985,C-0229,2025-09-24,RF01,W-02,20
S-001986,C-0256,2025-09-24,HV01,W-05,60
S-001987,C-0256,2025-09-24,RF01,W-03,20
S-001988,C-0300,2025-09-24,TR02,W-05,20
S-001989,C-0030,2025-09-25,CN01,W-03,30
S-001990,C-0038,2025-09-25,IN01,W-07,20
S-001991,C-0041,2025-09-25,CO02,W-12,90
S-001992,C-0046,2025-09-25,CN01,W-06,10
S-001993,C-0048,2025-09-25,CN01,W-02,30
S-001994,C-0048,2025-09-25,ID01,W-02,45
S-001995,C-0063,2025-09-25,HV01,W-05,120
S-001996,C-0063,2025-09-25,fa02,W-14,15
S-001997,C-0088,2025-09-25,CH02,W-03,60
S-001998,C-0091,2025-09-25,FA02,W-14,20
S-001999,C-0094,2025-09-25,TR02 ,W-06,45
S-002000,C-0102,2025-09-25,PH01,W-05,5
S-002001,C-0109,2025-09-25,CO02,W-11,90
S-002002,C-0122,2025-09-25,FA01 ,W-09,20
S-002003,C-0133,2025-09-25,HV01,W-01,90
S-002004,C-0158,2025-09-25,CO01,W-12,60
S-002005,C-0227,2025-09-25,CO01,W-11,60
S-002006,C-0243,2025-09-25,CN01,W-03,10
S-002007,C-0252,2025-09-25,PH01,W-04,10
S-002008,C-0253,2025-09-25,IN01,W-06,20
S-002009,C-0265,2025-09-25,PH01,W-10,10
S-002010,C-0298,2025-09-25,FA03,W-14,45
S-002011,C-0031,2025-09-26,CN01,W-02,15
S-002012,C-0068,2025-09-26,HV01,W-05,120
S-002013,C-0088,2025-09-26,FA02,W-13,30
S-002014,C-0089,2025-09-26,FA02,W-14,45
S-002015,C-0120,2025-09-26,PH01,W-10,20
S-002016,C-0122,2025-09-26,RF01,W-09,30
S-002017,C-0126,2025-09-26,CH02,W-01,90
S-002018,C-0153,2025-09-26,CH02,W-01,45
S-002019,C-0155,2025-09-26,TR01,W-07,15
S-002020,C-0160,2025-09-26,HV01,W-05,60
S-002021,C-0172,2025-09-26,PH01,W-06,5
S-002022,C-0186,2025-09-26,PH01 ,W-06,20
S-002023,C-0204,2025-09-26,FA01,W-04,20
S-002024,C-0204,2025-09-26,fa01,W-04,30
S-002025,C-0205,2025-09-26,PH01,W-04,15
S-002026,C-0217,2025-09-26,RF01,W-01,10
S-002027,C-0229,2025-09-26,CH02,W-06,90
S-002028,C-0246,2025-09-26,TR02,W-10,45
S-002029,C-0246,2025-09-26,PH01,W-10,10
S-002030,C-0265,2025-09-26,CN01 ,W-10,30
S-002031,C-0265,2025-09-26,TR02,W-10,30
S-002032,C-0290,2025-09-26,CO01,W-12,60
S-002033,C-0300,2025-09-26,PH01,W-05,20
S-002034,C-0016,2025-09-27,IN01,W-09,30
S-002035,C-0030,2025-09-27,TR02,W-03,15
S-002036,C-0030,2025-09-27,CN01,W-03,20
S-002037,C-0066,2025-09-27,FA01,W-05,45
S-002038,C-0079,2025-09-27,TR02,W-06,30
S-002039,C-0095,2025-09-27,PH01,W-06,5
S-002040,C-0095,2025-09-27,PH01,W-06,5
S-002041,C-0102,2025-09-27,CO02,W-12,50
S-002042,C-0129,2025-09-27,CN01,W-04,15
S-002043,C-0131,2025-09-27,PH01,W-09,5
S-002044,C-0133,2025-09-27,CH02,W-05,45
S-002045,C-0143,2025-09-27,CN01,W-03,15
S-002046,C-0147,2025-09-27,CN01,W-02,10
S-002047,C-0176,2025-09-27,TR02,W-08,15
S-002048,C-0186,2025-09-27,CO01,W-12,90
S-002049,C-0192,2025-09-27,FA01,W-10,15
S-002050,C-0192,2025-09-27,HV01 ,W-02,45
S-002051,C-0215,2025-09-27,CN01,W-07,30
S-002052,C-0253,2025-09-27,CN01,W-06,10
S-002053,C-0263,2025-09-27,CN01,W-04,15
S-002054,C-0274,2025-09-27,HV01,W-01,45
S-002055,C-0278,2025-09-27,PH01,W-02,15
S-002056,C-0283,2025-09-27,RF01,W-02,20
S-002057,C-0284,2025-09-27,HV01,W-01,120
S-002058,C-0291,2025-09-27,HV01,W-01,45
S-002059,C-0016,2025-09-28,cn01,W-09,20
S-002060,C-0030,2025-09-28,TR02,W-03,20
S-002061,C-0040,2025-09-28,HV01,W-02,120
S-002062,C-0041,2025-09-28,TR01,W-05,15
S-002063,C-0074,2025-09-28,CN01,W-02,20
S-002064,C-0083,2025-09-28,HV01,W-04,60
S-002065,C-0207,2025-09-28,CO01,W-11,50
S-002066,C-0252,2025-09-28,HV01 ,W-01,45
S-002067,C-0291,2025-09-28,CO02,W-12,60
S-002068,C-0024,2025-09-29,FA02,W-14,30
S-002069,C-0037,2025-09-29,CH02,W-03,90
S-002070,C-0046,2025-09-29,HV01,W-05,45
S-002071,C-0063,2025-09-29,FA02,W-13,20
S-002072,C-0081,2025-09-29,PH01,W-08,15
S-002073,C-0083,2025-09-29, cn01  ,W-09,20
S-002074,C-0094,2025-09-29,TR02,W-06,45
S-002075,C-0120,2025-09-29,TR02,W-10,20
S-002076,C-0122,2025-09-29,HV01,W-02,120
S-002077,C-0153,2025-09-29,CN01,W-05,20
S-002078,C-0192,2025-09-29,FA01,W-10,20
S-002079,C-0205,2025-09-29,CN01,W-04,15
S-002080,C-0208,2025-09-29,HV01,W-04,120
S-002081,C-0229,2025-09-29,PH01,W-02,20
S-002082,C-0255,2025-09-29,CO01,W-11,60
S-002083,C-0275,2025-09-29,CN01,W-06,20
S-002084,C-0030,2025-09-30,CO01,W-11,90
S-002085,C-0040,2025-09-30,CH02,W-05,60
S-002086,C-0046,2025-09-30,PH01,W-06,15
S-002087,C-0063,2025-09-30,CN01,W-06,15
S-002088,C-0068,2025-09-30,FA01,W-01,30
S-002089,C-0081,2025-09-30,PH01,W-08,20
S-002090,C-0110,2025-09-30,PH01,W-02,5
S-002091,C-0120,2025-09-30,HV01,W-01,90
S-002092,C-0129,2025-09-30,CN01,W-04,20
S-002093,C-0143,2025-09-30,PH01,W-03,20
S-002094,C-0151,2025-09-30,CH02,W-06,90
S-002095,C-0160,2025-09-30,HV01,W-03,90
S-002096,C-0186,2025-09-30,CN01,W-06,20
S-002097,C-0202,2025-09-30,CN01,W-02,30
S-002098,C-0202,2025-09-30,CN01,W-02,20
S-002099,C-0227,2025-09-30,CO02,W-11,50
S-002100,C-0252,2025-09-30,HV01,W-06,60
S-002101,C-0255,2025-09-30,CO02,W-12,60
S-002102,C-0274,2025-09-30,ID01 ,W-01,20
S-002103,C-0276,2025-09-30,IN01,W-05,20
S-002104,C-0278,2025-09-30,FA02 ,W-14,45
S-002105,C-0278,2025-09-30,CO02,W-12,60
S-002106,C-0290,2025-09-30,hv01,W-02,90
S-002107,C-0291,2025-09-30,TR02,W-03,30
S-002108,C-0030,2025-10-01,CN01,W-03,15
S-002109,C-0045,2025-10-01,HV01,W-02,120
S-002110,C-0070,2025-10-01,CN01,W-01,30
S-002111,C-0079,2025-10-01,CN01 ,W-06,10
S-002112,C-0080,2025-10-01,hv01,W-01,45
S-002113,C-0091,2025-10-01,ID01,W-10,45
S-002114,C-0109,2025-10-01,FA01,W-07,45
S-002115,C-0155,2025-10-01,CH02,W-05,90
S-002116,C-0176,2025-10-01,PH01,W-08,20
S-002117,C-0179,2025-10-01,TR01,W-05,15
S-002118,C-0215,2025-10-01,TR02,W-07,20
S-002119,C-0228,2025-10-01,PH01,W-02,15
S-002120,C-0228,2025-10-01,fa03,W-14,15
S-002121,C-0016,2025-10-02,CN01,W-09,30
S-002122,C-0016,2025-10-02,CN01,W-09,10
S-002123,C-0038,2025-10-02,FA01,W-07,45
S-002124,C-0048,2025-10-02,FA02,W-13,20
S-002125,C-0048,2025-10-02,HV01,W-01,45
S-002126,C-0059,2025-10-02,CN01 ,W-01,15
S-002127,C-0077,2025-10-02,FA01,W-05,45
S-002128,C-0077,2025-10-02,CN01,W-05,10
S-002129,C-0077,2025-10-02,HV01,W-03,120
S-002130,C-0083,2025-10-02,CN01,W-09,10
S-002131,C-0083,2025-10-02,FA01,W-09,20
S-002132,C-0091,2025-10-02,CN01,W-10,30
S-002133,C-0151,2025-10-02,RF01,W-02,30
S-002134,C-0155,2025-10-02,RF01,W-07,10
S-002135,C-0160,2025-10-02,CN01,W-05,15
S-002136,C-0185,2025-10-02,TR02 ,W-10,30
S-002137,C-0186,2025-10-02,PH01,W-06,15
S-002138,C-0191,2025-10-02,RF01,W-05,10
S-002139,C-0204,2025-10-02,PH01,W-04,5
S-002140,C-0249,2025-10-02,TR02,W-02,15
S-002141,C-0256,2025-10-02,CN01,W-03,20
S-002142,C-0263,2025-10-02,FA01,W-04,20
S-002143,C-0031,2025-10-03,HV01,W-03,120
S-002144,C-0037,2025-10-03,CN01,W-02,30
S-002145,C-0046,2025-10-03,CN01,W-06,10
S-002146,C-0063,2025-10-03,HV01 ,W-02,120
S-002147,C-0063,2025-10-03,HV01,W-05,45
S-002148,C-0068,2025-10-03,PH01,W-01,5
S-002149,C-0074,2025-10-03,IN01 ,W-02,15
S-002150,C-0074,2025-10-03,CN01 ,W-02,30
S-002151,C-0081,2025-10-03,TR02,W-08,30
S-002152,C-0093,2025-10-03,PH01,W-08,5
S-002153,C-0102,2025-10-03,CO02,W-12,50
S-002154,C-0102,2025-10-03,PH01,W-05,15
S-002155,C-0102,2025-10-03,CO02,W-12,90
S-002156,C-0120,2025-10-03,TR01,W-10,15
S-002157,C-0122,2025-10-03,TR02,W-09,45
S-002158,C-0131,2025-10-03,CN01,W-09,30
S-002159,C-0133,2025-10-03,HV01,W-03,120
S-002160,C-0133,2025-10-03,CH02,W-05,90
S-002161,C-0147,2025-10-03,CN01,W-02,30
S-002162,C-0186,2025-10-03,CH02,W-03,120
S-002163,C-0191,2025-10-03,CO02,W-12,90
S-002164,C-0193,2025-10-03,HV01,W-03,45
S-002165,C-0194,2025-10-03,FA01,W-02,20
S-002166,C-0207,2025-10-03,FA01,W-10,15
S-002167,C-0207,2025-10-03,TR01,W-10,45
S-002168,C-0227,2025-10-03,CN01,W-08,15
S-002169,C-0228,2025-10-03,HV01,W-05,90
S-002170,C-0255,2025-10-03,RF01,W-03,15
S-002171,C-0265,2025-10-03,HV01,W-05,60
S-002172,C-0031,2025-10-04,TR02,W-02,15
S-002173,C-0037,2025-10-04,IN01,W-02,15
S-002174,C-0041,2025-10-04,HV01,W-01,90
S-002175,C-0048,2025-10-04,CN01,W-02,15
S-002176,C-0079,2025-10-04,FA01,W-06,20
S-002177,C-0079,2025-10-04,PH01,W-06,20
S-002178,C-0083,2025-10-04,CO01,W-11,50
S-002179,C-0093,2025-10-04,CN01,W-08,15
S-002180,C-0095,2025-10-04,TR01,W-06,45
S-002181,C-0095,2025-10-04,FA03,W-13,30
S-002182,C-0102,2025-10-04,CO01,W-12,60
S-002183,C-0125,2025-10-04,CN01 ,W-05,10
S-002184,C-0158,2025-10-04,CN01,W-07,15
S-002185,C-0160,2025-10-04,FA02,W-13,30
S-002186,C-0207,2025-10-04,FA01,W-10,15
S-002187,C-0211,2025-10-04,PH01,W-01,5
S-002188,C-0245,2025-10-04,RF01,W-03,15
S-002189,C-0246,2025-10-04,CN01,W-10,15
S-002190,C-0246,2025-10-04,TR02,W-10,45
S-002191,C-0258,2025-10-04,CN01,W-04,20
S-002192,C-0260,2025-10-04,CO01,W-12,60
S-002193,C-0263,2025-10-04,CO02,W-11,50
S-002194,C-0265,2025-10-04,FA03,W-13,45
S-002195,C-0274,2025-10-04,CO02,W-12,50
S-002196,C-0274,2025-10-04,CN01,W-01,15
S-002197,C-0275,2025-10-04,PH01,W-06,5
S-002198,C-0276,2025-10-04,CN01,W-05,10
S-002199,C-0278,2025-10-04,CH02,W-05,120
S-002200,C-0036,2025-10-05,TR02,W-09,45
S-002201,C-0037,2025-10-05,CN01,W-02,30
S-002202,C-0037,2025-10-05,PH01,W-02,20
S-002203,C-0038,2025-10-05,HV01,W-02,90
S-002204,C-0088,2025-10-05,CN01,W-06,30
S-002205,C-0093,2025-10-05,CN01,W-08,30
S-002206,C-0120,2025-10-05,CN01,W-10,20
S-002207,C-0121,2025-10-05,PH01,W-05,10
S-002208,C-0122,2025-10-05,HV01,W-06,60
S-002209,C-0131,2025-10-05,PH01,W-09,20
S-002210,C-0133,2025-10-05,IN01,W-09,45
S-002211,C-0133,2025-10-05,CN01,W-09,15
S-002212,C-0153,2025-10-05,FA02,W-14,30
S-002213,C-0160,2025-10-05,FA01,W-05,30
S-002214,C-0172,2025-10-05,CH02,W-01,45
S-002215,C-0176,2025-10-05,id01,W-08,45
S-002216,C-0185,2025-10-05,HV01,W-03,120
S-002217,C-0194,2025-10-05,RF01,W-02,20
S-002218,C-0212,2025-10-05,CH02,W-01,90
S-002219,C-0229,2025-10-05,CN01,W-02,10
S-002220,C-0243,2025-10-05,CN01,W-03,30
S-002221,C-0246,2025-10-05,CN01,W-10,10
S-002222,C-0249,2025-10-05,RF01,W-02,20
S-002223,C-0253,2025-10-05,FA02,W-13,15
S-002224,C-0255,2025-10-05,PH01,W-03,15
S-002225,C-0274,2025-10-05,CH02,W-06,45
S-002226,C-0037,2025-10-06,RF01,W-02,15
S-002227,C-0041,2025-10-06,FA03,W-13,30
S-002228,C-0044,2025-10-06,CO01,W-12,60
S-002229,C-0045,2025-10-06,TR02,W-02,30
S-002230,C-0045,2025-10-06,FA02,W-13,30
S-002231,C-0046,2025-10-06,CN01,W-06,15
S-002232,C-0078,2025-10-06,co02,W-12,60
S-002233,C-0079,2025-10-06,RF01,W-06,20
S-002234,C-0081,2025-10-06,RF01,W-08,15
S-002235,C-0093,2025-10-06,IN01,W-08,30
S-002236,C-0094,2025-10-06,PH01,W-06,5
S-002237,C-0095,2025-10-06,IN01,W-06,15
S-002238,C-0102,2025-10-06,cn01,W-05,10
S-002239,C-0122,2025-10-06,CN01,W-09,15
S-002240,C-0129,2025-10-06,HV01,W-06,120
S-002241,C-0133,2025-10-06,CN01,W-09,15
S-002242,C-0147,2025-10-06,RF01,W-02,10
S-002243,C-0149,2025-10-06,CO02,W-11,50
S-002244,C-0160,2025-10-06,CH02,W-05,45
S-002245,C-0186,2025-10-06,PH01,W-06,15
S-002246,C-0192,2025-10-06,PH01,W-10,5
S-002247,C-0193,2025-10-06,CO02,W-12,60
S-002248,C-0194,2025-10-06,TR02,W-02,45
S-002249,C-0211,2025-10-06,HV01,W-05,120
S-002250,C-0246,2025-10-06,CN01,W-10,20
S-002251,C-0253,2025-10-06,IN01,W-06,30
S-002252,C-0256,2025-10-06,CO01,W-11,90
S-002253,C-0265,2025-10-06,PH01,W-10,20
S-002254,C-0276,2025-10-06,CO01,W-11,60
S-002255,C-0287,2025-10-06,CO02,W-11,90
S-002256,C-0290,2025-10-06,CO01,W-12,90
S-002257,C-0298,2025-10-06,ID01,W-07,20
S-002258,C-0024,2025-10-07,HV01 ,W-04,90
S-002259,C-0037,2025-10-07,PH01,W-02,5
S-002260,C-0040,2025-10-07,RF01,W-02,30
S-002261,C-0044,2025-10-07,TR01,W-03,15
S-002262,C-0045,2025-10-07,CO01,W-11,90
S-002263,C-0066,2025-10-07,CN01,W-05,20
S-002264,C-0077,2025-10-07,in01,W-05,15
S-002265,C-0078,2025-10-07,PH01,W-08,20
S-002266,C-0079,2025-10-07,IN01,W-06,45
S-002267,C-0088,2025-10-07,CH02,W-01,60
S-002268,C-0168,2025-10-07,PH01,W-04,15
S-002269,C-0197,2025-10-07,CO01,W-12,50
S-002270,C-0204,2025-10-07,PH01,W-04,15
S-002271,C-0205,2025-10-07,CN01,W-04,20
S-002272,C-0207,2025-10-07,FA02,W-14,15
S-002273,C-0215,2025-10-07,CH02,W-01,45
S-002274,C-0228,2025-10-07,ID01,W-02,45
S-002275,C-0246,2025-10-07,CN01,W-10,20
S-002276,C-0258,2025-10-07,FA03,W-14,30
S-002277,C-0265,2025-10-07,CN01,W-10,15
S-002278,C-0274,2025-10-07,CH02,W-03,45
S-002279,C-0291,2025-10-07,CN01,W-03,15
S-002280,C-0291,2025-10-07,CN01,W-03,15
S-002281,C-0291,2025-10-07,PH01,W-03,5
S-002282,C-0299,2025-10-07,ID01,W-08,15
S-002283,C-0024,2025-10-08,HV01 ,W-01,120
S-002284,C-0031,2025-10-08,PH01,W-02,5
S-002285,C-0040,2025-10-08,IN01,W-02,15
S-002285,C-0040,2025-10-08,IN01,W-02,15
S-002286,C-0044,2025-10-08,CO02,W-12,50
S-002287,C-0065,2025-10-08,FA01,W-02,45
S-002288,C-0109,2025-10-08,IN01,W-07,45
S-002289,C-0125,2025-10-08,PH01,W-05,5
S-002290,C-0126,2025-10-08,CN01,W-02,20
S-002291,C-0133,2025-10-08,CN01,W-09,30
S-002292,C-0147,2025-10-08,FA02,W-13,20
S-002293,C-0147,2025-10-08,CN01,W-02,20
S-002294,C-0172,2025-10-08,TR02,W-06,20
S-002295,C-0186,2025-10-08,CO01,W-11,90
S-002296,C-0191,2025-10-08,PH01,W-05,20
S-002297,C-0197,2025-10-08,CO01,W-12,90
S-002298,C-0200,2025-10-08,HV01,W-03,90
S-002299,C-0205,2025-10-08,CH02,W-06,45
S-002300,C-0215,2025-10-08,ch02,W-03,90
S-002301,C-0265,2025-10-08,CO01,W-12,50
S-002302,C-0278,2025-10-08,CN01,W-02,30
S-002303,C-0291,2025-10-08,PH01,W-03,10
S-002304,C-0299,2025-10-08,CN01,W-08,30
S-002305,C-0030,2025-10-09,CO02,W-11,50
S-002306,C-0036,2025-10-09,CO02,W-12,60
S-002307,C-0045,2025-10-09,HV01,W-04,90
S-002308,C-0061,2025-10-09,TR01,W-06,30
S-002309,C-0070,2025-10-09,FA01,W-01,30
S-002310,C-0081,2025-10-09,CN01,W-08,15
S-002311,C-0091,2025-10-09,ID01,W-10,30
S-002312,C-0110,2025-10-09,HV01,W-04,45
S-002313,C-0122,2025-10-09,FA02,W-13,30
S-002314,C-0143,2025-10-09,FA03,W-13,15
S-002315,C-0155,2025-10-09,HV01,W-01,60
S-002316,C-0160,2025-10-09,CO02,W-11,50
S-002317,C-0207,2025-10-09,CN01,W-10,15
S-002318,C-0207,2025-10-09,CN01,W-10,20
S-002319,C-0227,2025-10-09,CH02,W-01,60
S-002320,C-0263,2025-10-09,HV01,W-04,60
S-002321,C-0274,2025-10-09,FA03,W-14,30
S-002322,C-0279,2025-10-09,CN01,W-03,15
S-002323,C-0287,2025-10-09,PH01,W-06,5
S-002324,C-0287,2025-10-09,TR01,W-06,20
S-002325,C-0299,2025-10-09,IN01,W-08,20
S-002326,C-0016,2025-10-10,CH02,W-02,90
S-002327,C-0030,2025-10-10,CH02,W-03,60
S-002328,C-0036,2025-10-10,TR02,W-09,15
S-002329,C-0037,2025-10-10,tr02,W-02,20
S-002330,C-0065,2025-10-10,PH01,W-02,10
S-002331,C-0074,2025-10-10,tr01,W-02,30
S-002332,C-0077,2025-10-10,HV01,W-06,60
S-002333,C-0077,2025-10-10,HV01,W-04,45
S-002334,C-0078,2025-10-10,PH01,W-08,15
S-002335,C-0080,2025-10-10,TR01,W-10,15
S-002336,C-0120,2025-10-10,RF01,W-10,20
S-002337,C-0121,2025-10-10,CH02,W-01,120
S-002338,C-0147,2025-10-10, rf01  ,W-02,10
S-002339,C-0170,2025-10-10,ID01,W-07,20
S-002340,C-0170,2025-10-10,CO02,W-11,60
S-002341,C-0185,2025-10-10,HV01,W-01,120
S-002342,C-0193,2025-10-10,TR02,W-01,20
S-002343,C-0200,2025-10-10,ID01,W-04,20
S-002344,C-0217,2025-10-10,TR01,W-01,20
S-002345,C-0228,2025-10-10,FA02,W-13,20
S-002346,C-0228,2025-10-10,PH01,W-02,20
S-002347,C-0255,2025-10-10,CH02,W-05,45
S-002348,C-0263,2025-10-10,CO01,W-12,60
S-002349,C-0278,2025-10-10, in01  ,W-02,45
S-002350,C-0036,2025-10-11,FA01,W-09,20
S-002351,C-0063,2025-10-11,CH02,W-04,120
S-002352,C-0065,2025-10-11,HV01,W-05,60
S-002353,C-0113,2025-10-11,TR01,W-07,15
S-002354,C-0122,2025-10-11,tr02,W-09,20
S-002355,C-0147,2025-10-11,FA01,W-02,30
S-002356,C-0153,2025-10-11,HV01,W-02,120
S-002357,C-0155,2025-10-11,TR01,W-07,45
S-002358,C-0193,2025-10-11,CH02,W-03,90
S-002359,C-0205,2025-10-11,FA01,W-04,15
S-002360,C-0215,2025-10-11,TR01,W-07,30
S-002361,C-0229,2025-10-11,CN01 ,W-02,20
S-002362,C-0255,2025-10-11,CO02 ,W-12,60
S-002363,C-0263,2025-10-11,CH02,W-02,90
S-002364,C-0275,2025-10-11,HV01,W-06,45
S-002365,C-0290,2025-10-11,PH01,W-04,5
S-002366,C-0291,2025-10-11,CO01,W-11,90
S-002367,C-0046,2025-10-12,CO01,W-12,50
S-002368,C-0063,2025-10-12,CN01,W-06,30
S-002369,C-0070,2025-10-12,HV01,W-01,60
S-002370,C-0079,2025-10-12,CN01,W-06,10
S-002371,C-0083,2025-10-12,HV01,W-03,60
S-002372,C-0083,2025-10-12,HV01,W-04,45
S-002373,C-0095,2025-10-12,FA03,W-14,45
S-002374,C-0102,2025-10-12,TR02,W-05,20
S-002375,C-0143,2025-10-12,RF01,W-03,20
S-002376,C-0153,2025-10-12,PH01,W-05,20
S-002377,C-0160,2025-10-12,PH01,W-05,15
S-002378,C-0170,2025-10-12,TR02,W-07,20
S-002379,C-0170,2025-10-12,CO02,W-12,90
S-002380,C-0202,2025-10-12,FA01,W-02,15
S-002381,C-0253,2025-10-12,CN01,W-06,20
S-002382,C-0258,2025-10-12,FA02 ,W-14,30
S-002383,C-0274,2025-10-12,PH01,W-01,10
S-002384,C-0287,2025-10-12,TR02,W-06,20
S-002385,C-0300,2025-10-12,PH01,W-05,15
S-002386,C-0037,2025-10-13,CO02,W-12,50
S-002387,C-0037,2025-10-13,CO01 ,W-11,50
S-002388,C-0048,2025-10-13,CN01,W-02,30
S-002389,C-0063,2025-10-13,ID01,W-06,45
S-002390,C-0063,2025-10-13,CO01,W-12,60
S-002391,C-0074,2025-10-13,CO01,W-11,50
S-002392,C-0078,2025-10-13,ID01,W-08,20
S-002393,C-0088,2025-10-13,PH01,W-06,20
S-002394,C-0109,2025-10-13,PH01,W-07,20
S-002395,C-0133,2025-10-13,HV01,W-02,60
S-002396,C-0151,2025-10-13,CN01,W-02,20
S-002397,C-0168,2025-10-13,PH01,W-04,15
S-002398,C-0207,2025-10-13,PH01,W-10,15
S-002399,C-0208,2025-10-13,PH01,W-09,20
S-002400,C-0213,2025-10-13,CH02,W-05,45
S-002401,C-0229,2025-10-13,HV01,W-01,90
S-002402,C-0278,2025-10-13,CN01,W-02,10
S-002403,C-0287,2025-10-13,CO02,W-11,90
S-002404,C-0024,2025-10-14,CN01,W-08,20
S-002405,C-0063,2025-10-14,CN01,W-06,30
S-002406,C-0068,2025-10-14,FA01,W-01,30
S-002407,C-0070,2025-10-14,IN01,W-01,20
S-002408,C-0077,2025-10-14,IN01,W-05,30
S-002409,C-0078,2025-10-14,CH02,W-01,90
S-002410,C-0083,2025-10-14,CN01,W-09,30
S-002411,C-0083,2025-10-14,TR01 ,W-09,45
S-002412,C-0083,2025-10-14,CO01,W-11,90
S-002413,C-0102,2025-10-14,PH01,W-05,15
S-002414,C-0102,2025-10-14,CH02,W-05,45
S-002415,C-0109,2025-10-14,IN01,W-07,20
S-002416,C-0109,2025-10-14,TR01,W-07,30
S-002417,C-0113,2025-10-14,ID01,W-07,20
S-002418,C-0122,2025-10-14,IN01,W-09,20
S-002419,C-0126,2025-10-14,PH01,W-02,5
S-002420,C-0144,2025-10-14,FA01,W-05,15
S-002421,C-0153,2025-10-14,PH01,W-05,15
S-002422,C-0193,2025-10-14,PH01,W-01,5
S-002423,C-0197,2025-10-14,CO01,W-11,90
S-002424,C-0197,2025-10-14,CO01,W-11,90
S-002425,C-0208,2025-10-14,CH02,W-03,45
S-002426,C-0217,2025-10-14,CO02,W-11,60
S-002427,C-0243,2025-10-14,FA01,W-03,20
S-002428,C-0243,2025-10-14,FA02,W-13,20
S-002429,C-0255,2025-10-14,PH01,W-03,15
S-002430,C-0255,2025-10-14,CN01,W-03,15
S-002431,C-0260,2025-10-14,CO02,W-11,60
S-002432,C-0275,2025-10-14,FA02,W-13,45
S-002433,C-0279,2025-10-14,CN01,W-03,10
S-002434,C-0291,2025-10-14,PH01,W-03,20
S-002435,C-0030,2025-10-15,CO01,W-12,50
S-002436,C-0063,2025-10-15,FA02,W-13,30
S-002437,C-0083,2025-10-15,CN01 ,W-09,20
S-002438,C-0091,2025-10-15,CN01,W-10,15
S-002439,C-0095,2025-10-15,FA02,W-14,20
S-002440,C-0101,2025-10-15,CO01,W-12,60
S-002441,C-0102,2025-10-15,CN01,W-05,20
S-002442,C-0120,2025-10-15,PH01,W-10,20
S-002443,C-0122,2025-10-15,RF01,W-09,10
S-002444,C-0126,2025-10-15,co01,W-11,50
S-002445,C-0147,2025-10-15,CH02,W-04,90
S-002446,C-0155,2025-10-15,TR02,W-07,20
S-002447,C-0185,2025-10-15,ID01,W-10,15
S-002448,C-0194,2025-10-15,CH02,W-02,90
S-002449,C-0194,2025-10-15,PH01,W-02,5
S-002450,C-0205,2025-10-15,PH01,W-04,10
S-002450,C-0205,2025-10-15,PH01,W-04,10
S-002451,C-0215,2025-10-15,TR01,W-07,30
S-002452,C-0246,2025-10-15,CO02,W-12,90
S-002453,C-0258,2025-10-15,PH01,W-04,10
S-002454,C-0263,2025-10-15,CN01,W-04,20
S-002455,C-0265,2025-10-15,CN01,W-10,10
S-002456,C-0274,2025-10-15,IN01,W-01,20
S-002457,C-0278,2025-10-15,ID01,W-02,30
S-002458,C-0278,2025-10-15,PH01,W-02,15
S-002459,C-0279,2025-10-15,PH01,W-03,20
S-002460,C-0299,2025-10-15,TR01,W-08,45
S-002461,C-0300,2025-10-15,ID01,W-05,30
S-002462,C-0066,2025-10-16, fa02  ,W-14,20
S-002463,C-0074,2025-10-16,HV01,W-02,90
S-002464,C-0074,2025-10-16,CO01,W-11,60
S-002465,C-0083,2025-10-16,CN01,W-09,10
S-002466,C-0083,2025-10-16,CO02,W-11,50
S-002467,C-0109,2025-10-16,RF01,W-07,10
S-002468,C-0129,2025-10-16,CH02,W-03,45
S-002469,C-0133,2025-10-16,IN01,W-09,20
S-002470,C-0149,2025-10-16,CN01,W-07,30
S-002471,C-0151,2025-10-16,ID01,W-02,15
S-002472,C-0186,2025-10-16,TR02,W-06,15
S-002473,C-0186,2025-10-16,TR02,W-06,30
S-002474,C-0191,2025-10-16,PH01,W-05,10
S-002475,C-0193,2025-10-16,TR01,W-01,20
S-002476,C-0193,2025-10-16,CO02,W-11,50
S-002477,C-0194,2025-10-16,CN01,W-02,20
S-002478,C-0197,2025-10-16,RF01,W-01,10
S-002479,C-0197,2025-10-16,PH01,W-01,15
S-002480,C-0204,2025-10-16,FA03,W-14,30
S-002481,C-0229,2025-10-16,HV01 ,W-01,120
S-002482,C-0246,2025-10-16,CN01,W-10,10
S-002482,C-0246,2025-10-16,CN01,W-10,10
S-002483,C-0246,2025-10-16,ID01,W-10,45
S-002484,C-0246,2025-10-16,CN01,W-10,30
S-002485,C-0260,2025-10-16,CO02,W-11,90
S-002486,C-0265,2025-10-16,CO01,W-11,90
S-002487,C-0265,2025-10-16,CN01,W-10,10
S-002488,C-0284,2025-10-16,RF01,W-08,10
S-002489,C-0287,2025-10-16,FA01,W-06,20
S-002490,C-0287,2025-10-16,FA03,W-13,30
S-002491,C-0290,2025-10-16,CN01,W-04,20
S-002492,C-0031,2025-10-17,TR01,W-02,30
S-002493,C-0063,2025-10-17,CN01,W-06,30
S-002494,C-0078,2025-10-17,ID01,W-08,30
S-002495,C-0088,2025-10-17,PH01 ,W-06,15
S-002496,C-0093,2025-10-17,PH01,W-08,15
S-002497,C-0095,2025-10-17,HV01,W-04,45
S-002498,C-0113,2025-10-17,CN01,W-07,30
S-002499,C-0122,2025-10-17,CH02,W-03,45
S-002500,C-0125,2025-10-17,HV01,W-04,45
S-002501,C-0133,2025-10-17,CN01,W-09,10
S-002502,C-0168,2025-10-17,TR02,W-04,20
S-002503,C-0170,2025-10-17,CN01,W-07,20
S-002504,C-0186,2025-10-17,CN01,W-06,15
S-002505,C-0205,2025-10-17,CN01,W-04,15
S-002506,C-0208,2025-10-17,CH02,W-01,90
S-002507,C-0212,2025-10-17,CN01,W-04,30
S-002508,C-0243,2025-10-17,RF01,W-03,20
S-002509,C-0249,2025-10-17,PH01,W-02,15
S-002510,C-0274,2025-10-17,CO02,W-12,50
S-002511,C-0276,2025-10-17,PH01,W-05,15
S-002512,C-0298,2025-10-17,PH01,W-07,5
S-002513,C-0016,2025-10-18,IN01,W-09,30
S-002514,C-0037,2025-10-18,CN01,W-02,10
S-002515,C-0041,2025-10-18,CH02,W-01,60
S-002516,C-0044,2025-10-18,CH02,W-05,60
S-002517,C-0101,2025-10-18,CH02,W-04,120
S-002517,C-0101,2025-10-18,CH02,W-04,120
S-002518,C-0102,2025-10-18,TR02,W-05,20
S-002519,C-0113,2025-10-18,IN01,W-07,20
S-002520,C-0121,2025-10-18,TR02,W-05,20
S-002521,C-0126,2025-10-18,ID01,W-02,45
S-002522,C-0176,2025-10-18,HV01,W-01,120
S-002523,C-0208,2025-10-18,CH02,W-02,60
S-002524,C-0229,2025-10-18,TR01,W-02,45
S-002525,C-0249,2025-10-18,PH01,W-02,15
S-002526,C-0258,2025-10-18,PH01,W-04,20
S-002527,C-0275,2025-10-18,CN01,W-06,20
S-002528,C-0287,2025-10-18,CN01,W-06,10
S-002529,C-0016,2025-10-19,CN01,W-09,20
S-002530,C-0017,2025-10-19,CN01,W-09,15
S-002531,C-0030,2025-10-19,TR02,W-03,30
S-002532,C-0030,2025-10-19,IN01,W-03,45
S-002533,C-0048,2025-10-19,HV01,W-01,120
S-002534,C-0050,2025-10-19,CH02,W-02,90
S-002535,C-0063,2025-10-19,ID01,W-06,30
S-002536,C-0083,2025-10-19,PH01,W-09,5
S-002537,C-0093,2025-10-19,CN01,W-08,15
S-002538,C-0120,2025-10-19,TR02,W-10,30
S-002539,C-0120,2025-10-19,HV01,W-04,45
S-002540,C-0133,2025-10-19,IN01 ,W-09,30
S-002541,C-0149,2025-10-19,CH02,W-03,45
S-002542,C-0151,2025-10-19,CN01,W-02,30
S-002543,C-0153,2025-10-19,FA02,W-14,45
S-002544,C-0178,2025-10-19,RF01,W-06,15
S-002545,C-0191,2025-10-19,PH01,W-05,5
S-002546,C-0197,2025-10-19,TR02,W-01,30
S-002547,C-0197,2025-10-19,TR02,W-01,45
S-002548,C-0205,2025-10-19,FA01,W-04,15
S-002549,C-0245,2025-10-19,PH01,W-03,5
S-002550,C-0246,2025-10-19,HV01,W-06,120
S-002551,C-0044,2025-10-20,tr02,W-03,45
S-002552,C-0050,2025-10-20,CN01,W-06,10
S-002553,C-0091,2025-10-20,TR02,W-10,30
S-002554,C-0102,2025-10-20,CO01,W-11,90
S-002555,C-0110,2025-10-20,CO02,W-11,60
S-002556,C-0149,2025-10-20,CH02,W-06,45
S-002557,C-0149,2025-10-20,FA03 ,W-14,15
S-002558,C-0151,2025-10-20,IN01,W-02,15
S-002559,C-0160,2025-10-20,HV01,W-04,120
S-002560,C-0185,2025-10-20,CN01,W-10,30
S-002561,C-0191,2025-10-20,tr01,W-05,15
S-002562,C-0191,2025-10-20,PH01,W-05,5
S-002563,C-0193,2025-10-20,CN01,W-01,10
S-002564,C-0193,2025-10-20,CN01 ,W-01,10
S-002565,C-0197,2025-10-20,,W-01,45
S-002566,C-0207,2025-10-20,RF01,W-10,10
S-002567,C-0255,2025-10-20,CO01,W-11,90
S-002568,C-0255,2025-10-20,CH02,W-05,60
S-002569,C-0256,2025-10-20,PH01,W-03,20
S-002570,C-0265,2025-10-20,CH02,W-03,60
S-002571,C-0275,2025-10-20,ID01,W-06,15
S-002572,C-0278,2025-10-20,CO02,W-12,90
S-002573,C-0298,2025-10-20,CN01,W-07,15
S-002574,C-0300,2025-10-20,IN01,W-05,20
S-002575,C-0083,2025-10-21,CN01,W-09,15
S-002576,C-0094,2025-10-21,TR01,W-06,30
S-002577,C-0095,2025-10-21,PH01,W-06,10
S-002578,C-0109,2025-10-21,PH01,W-07,20
S-002579,C-0113,2025-10-21,CN01,W-07,15
S-002580,C-0125,2025-10-21,RF01,W-05,15
S-002581,C-0131,2025-10-21,CN01,W-09,30
S-002582,C-0136,2025-10-21,CO01,W-11,50
S-002583,C-0186,2025-10-21,CN01,W-06,30
S-002584,C-0204,2025-10-21,FA02,W-13,45
S-002585,C-0211,2025-10-21,PH01,W-01,15
S-002586,C-0228,2025-10-21,HV01,W-01,120
S-002587,C-0235,2025-10-21,tr02,W-09,15
S-002588,C-0246,2025-10-21,CN01,W-10,10
S-002589,C-0249,2025-10-21,CN01 ,W-02,20
S-002590,C-0255,2025-10-21,CO01,W-12,60
S-002591,C-0263,2025-10-21,RF01,W-04,15
S-002592,C-0275,2025-10-21,CN01,W-06,30
S-002593,C-0276,2025-10-21,FA01,W-05,20
S-002594,C-0279,2025-10-21,TR02,W-03,45
S-002595,C-0292,2025-10-21,hv01,W-03,60
S-002596,C-0298,2025-10-21,ID01,W-07,15
S-002597,C-0299,2025-10-21,PH01,W-08,5
S-002598,C-0299,2025-10-21,CH02,W-06,60
S-002599,C-0030,2025-10-22,CN01,W-03,30
S-002600,C-0065,2025-10-22,CN01,W-02,10
S-002601,C-0065,2025-10-22,HV01,W-03,90
S-002602,C-0078,2025-10-22,HV01,W-05,120
S-002603,C-0078,2025-10-22,TR01,W-08,15
S-002604,C-0083,2025-10-22,FA01,W-09,15
S-002605,C-0095,2025-10-22,CH02,W-02,120
S-002606,C-0102,2025-10-22,HV01,W-02,90
S-002607,C-0102,2025-10-22,CO01,W-11,90
S-002608,C-0104,2025-10-22,CN01,W-10,10
S-002609,C-0143,2025-10-22,CO02 ,W-12,60
S-002610,C-0147,2025-10-22,CN01,W-02,15
S-002611,C-0151,2025-10-22,HV01,W-01,90
S-002612,C-0176,2025-10-22,PH01,W-08,5
S-002613,C-0205,2025-10-22,TR02,W-04,45
S-002614,C-0229,2025-10-22,TR01,W-02,30
S-002615,C-0260,2025-10-22,PH01,W-09,20
S-002616,C-0265,2025-10-22,PH01,W-10,15
S-002617,C-0279,2025-10-22,HV01,W-01,60
S-002618,C-0291,2025-10-22,HV01 ,W-05,45
S-002619,C-0299,2025-10-22,PH01,W-08,20
S-002620,C-0300,2025-10-22,FA01,W-05,45
S-002621,C-0016,2025-10-23,HV01,W-03,45
S-002622,C-0031,2025-10-23,HV01,W-03,45
S-002623,C-0037,2025-10-23,ID01,W-02,20
S-002624,C-0041,2025-10-23,CH02,W-03,45
S-002625,C-0041,2025-10-23,CN01,W-05,10
S-002626,C-0048,2025-10-23,HV01,W-06,45
S-002627,C-0068,2025-10-23,PH01,W-01,20
S-002628,C-0074,2025-10-23,CO01,W-11,50
S-002629,C-0077,2025-10-23,CO01,W-12,90
S-002630,C-0079,2025-10-23,CO01,W-11,60
S-002631,C-0083,2025-10-23,RF01,W-09,15
S-002632,C-0093,2025-10-23,IN01,W-08,20
S-002633,C-0094,2025-10-23,RF01,W-06,15
S-002634,C-0155,2025-10-23,CN01,W-07,15
S-002635,C-0186,2025-10-23,CN01,W-06,10
S-002636,C-0186,2025-10-23,RF01,W-06,10
S-002637,C-0192,2025-10-23,FA01,W-10,15
S-002638,C-0202,2025-10-23,HV01,W-05,45
S-002639,C-0205,2025-10-23,PH01,W-04,15
S-002640,C-0217,2025-10-23,CO02,W-12,90
S-002641,C-0243,2025-10-23,RF01,W-03,30
S-002642,C-0252,2025-10-23,IN01,W-04,20
S-002643,C-0255,2025-10-23,TR01,W-03,45
S-002644,C-0255,2025-10-23,CH02,W-02,45
S-002645,C-0263,2025-10-23,CN01,W-04,30
S-002646,C-0279,2025-10-23,ID01,W-03,20
S-002647,C-0291,2025-10-23,CH02,W-05,120
S-002648,C-0016,2025-10-24,fa02,W-14,20
S-002649,C-0024,2025-10-24,HV01,W-01,90
S-002650,C-0030,2025-10-24,CO02,W-12,50
S-002651,C-0063,2025-10-24,PH01,W-06,5
S-002652,C-0070,2025-10-24,TR02,W-01,20
S-002653,C-0094,2025-10-24,CO02,W-12,50
S-002654,C-0102,2025-10-24,PH01,W-05,20
S-002655,C-0122,2025-10-24,CN01,W-09,30
S-002656,C-0136,2025-10-24,PH01,W-09,15
S-002657,C-0172,2025-10-24,CN01,W-06,30
S-002658,C-0179,2025-10-24,HV01,W-01,90
S-002659,C-0192,2025-10-24,FA01,W-10,15
S-002660,C-0194,2025-10-24,FA01,W-02,45
S-002661,C-0202,2025-10-24,tr02,W-02,30
S-002662,C-0217,2025-10-24,CN01,W-01,20
S-002663,C-0245,2025-10-24,CN01,W-03,10
S-002664,C-0256,2025-10-24,CH02,W-04,45
S-002665,C-0275,2025-10-24,CO01,W-12,60
S-002666,C-0275,2025-10-24,HV01,W-05,60
S-002667,C-0275,2025-10-24,FA03,W-14,15
S-002668,C-0279,2025-10-24,RF01,W-03,15
S-002669,C-0030,2025-10-25,PH01,W-03,15
S-002670,C-0044,2025-10-25,CH02,W-03,45
S-002671,C-0081,2025-10-25,PH01,W-08,20
S-002672,C-0083,2025-10-25,CN01,W-09,15
S-002673,C-0089,2025-10-25,HV01,W-04,90
S-002674,C-0095,2025-10-25,CN01,W-06,20
S-002675,C-0110,2025-10-25,FA02,W-14,20
S-002676,C-0120,2025-10-25,PH01,W-10,10
S-002677,C-0120,2025-10-25,IN01,W-10,45
S-002678,C-0133,2025-10-25,PH01,W-09,10
S-002679,C-0134,2025-10-25,CN01,W-07,10
S-002680,C-0149,2025-10-25,CH02,W-06,60
S-002681,C-0149,2025-10-25,PH01,W-07,15
S-002682,C-0178,2025-10-25,TR01,W-06,30
S-002683,C-0179,2025-10-25,CN01,W-05,10
S-002684,C-0191,2025-10-25,FA01,W-05,15
S-002685,C-0204,2025-10-25,CN01,W-04,20
S-002686,C-0208,2025-10-25,HV01 ,W-01,45
S-002687,C-0211,2025-10-25,PH01,W-01,5
S-002688,C-0217,2025-10-25,TR02,W-01,20
S-002689,C-0235,2025-10-25,FA01 ,W-09,45
S-002690,C-0241,2025-10-25,FA02,W-14,15
S-002691,C-0245,2025-10-25,FA02 ,W-13,20
S-002692,C-0258,2025-10-25,TR02,W-04,20
S-002693,C-0260,2025-10-25,CN01,W-09,10
S-002694,C-0265,2025-10-25,CN01,W-10,20
S-002695,C-0279,2025-10-25,hv01,W-06,120
S-002696,C-0284,2025-10-25,HV01,W-06,90
S-002697,C-0292,2025-10-25,CN01,W-07,30
S-002698,C-0016,2025-10-26,PH01,W-09,15
S-002699,C-0031,2025-10-26,CN01,W-02,15
S-002700,C-0056,2025-10-26,CH02,W-05,45
S-002701,C-0083,2025-10-26,PH01,W-09,5
S-002702,C-0083,2025-10-26,CH02,W-06,60
S-002703,C-0102,2025-10-26,CO02,W-12,90
S-002704,C-0104,2025-10-26,RF01,W-10,10
S-002705,C-0110,2025-10-26,RF01,W-02,20
S-002706,C-0120,2025-10-26,HV01,W-06,60
S-002707,C-0129,2025-10-26,CH02,W-01,60
S-002708,C-0133,2025-10-26,PH01,W-09,20
S-002709,C-0133,2025-10-26,CN01,W-09,15
S-002710,C-0153,2025-10-26,PH01,W-05,15
S-002711,C-0153,2025-10-26,IN01,W-05,30
S-002712,C-0163,2025-10-26,RF01,W-01,30
S-002713,C-0191,2025-10-26,RF01,W-05,15
S-002714,C-0245,2025-10-26,PH01,W-03,20
S-002715,C-0246,2025-10-26,FA01,W-10,30
S-002716,C-0249,2025-10-26,FA01,W-02,45
S-002717,C-0256,2025-10-26,ID01,W-03,15
S-002718,C-0291,2025-10-26,CO01,W-11,60
S-002719,C-0016,2025-10-27,RF01,W-09,20
S-002720,C-0065,2025-10-27,PH01,W-02,20
S-002721,C-0079,2025-10-27,CO01,W-12,90
S-002722,C-0129,2025-10-27,ID01,W-04,20
S-002723,C-0160,2025-10-27,FA02,W-13,15
S-002724,C-0197,2025-10-27,TR02,W-01,45
S-002725,C-0200,2025-10-27,PH01,W-04,20
S-002726,C-0258,2025-10-27,PH01,W-04,15
S-002727,C-0260,2025-10-27,CO02,W-12,90
S-002728,C-0274,2025-10-27,RF01,W-01,10
S-002729,C-0274,2025-10-27,FA02,W-13,20
S-002730,C-0278,2025-10-27,CH02,W-03,45
S-002731,C-0284,2025-10-27,CN01,W-08,15
S-002732,C-0290,2025-10-27,PH01,W-04,15
S-002733,C-0290,2025-10-27,IN01,W-04,30
S-002734,C-0300,2025-10-27,CO01,W-12,60
S-002735,C-0027,2025-10-28,CN01,W-01,15
S-002736,C-0046,2025-10-28,CO02,W-12,50
S-002737,C-0050,2025-10-28,TR01,W-06,20
S-002738,C-0074,2025-10-28,CO01,W-11,50
S-002739,C-0078,2025-10-28,FA01,W-08,45
S-002740,C-0079,2025-10-28,PH01,W-06,15
S-002741,C-0081,2025-10-28,PH01,W-08,15
S-002742,C-0083,2025-10-28,FA01,W-09,15
S-002743,C-0083,2025-10-28,FA01,W-09,45
S-002744,C-0083,2025-10-28,RF01,W-09,10
S-002745,C-0088,2025-10-28,PH01,W-06,20
S-002746,C-0095,2025-10-28,RF01,W-06,20
S-002747,C-0102,2025-10-28,TR02,W-05,15
S-002748,C-0121,2025-10-28,CH02,W-02,45
S-002749,C-0126,2025-10-28,PH01,W-02,5
S-002750,C-0131,2025-10-28,CO02,W-11,60
S-002751,C-0144,2025-10-28,HV01,W-01,120
S-002752,C-0149,2025-10-28,CN01,W-07,10
S-002753,C-0149,2025-10-28,HV01,W-05,90
S-002754,C-0151,2025-10-28,FA01,W-02,30
S-002755,C-0160,2025-10-28,CH02,W-01,60
S-002756,C-0170,2025-10-28,PH01,W-07,5
S-002757,C-0192,2025-10-28,ID01,W-10,20
S-002758,C-0202,2025-10-28,CN01,W-02,20
S-002759,C-0208,2025-10-28,CN01,W-09,15
S-002760,C-0208,2025-10-28,HV01,W-05,45
S-002761,C-0243,2025-10-28,RF01,W-03,10
S-002762,C-0245,2025-10-28,PH01,W-03,15
S-002763,C-0263,2025-10-28,CN01,W-04,10
S-002764,C-0279,2025-10-28,FA01,W-03,45
S-002765,C-0287,2025-10-28,IN01,W-06,45
S-002766,C-0300,2025-10-28,HV01,W-04,90
S-002767,C-0016,2025-10-29,CN01,W-09,30
S-002768,C-0028,2025-10-29,HV01,W-01,120
S-002769,C-0080,2025-10-29,CN01,W-10,20
S-002770,C-0095,2025-10-29,FA01,W-06,45
S-002771,C-0104,2025-10-29,TR01,W-10,45
S-002772,C-0120,2025-10-29,CN01,W-10,15
S-002773,C-0160,2025-10-29,PH01,W-05,5
S-002774,C-0163,2025-10-29,PH01,W-01,15
S-002775,C-0170,2025-10-29,CO01,W-11,50
S-002776,C-0172,2025-10-29,TR01,W-06,45
S-002777,C-0200,2025-10-29,CH02,W-04,45
S-002778,C-0243,2025-10-29,CO01,W-11,90
S-002779,C-0245,2025-10-29,FA03,W-13,15
S-002780,C-0276,2025-10-29,CH02,W-03,120
S-002781,C-0279,2025-10-29,IN01,W-03,20
S-002782,C-0279,2025-10-29,TR01,W-03,45
S-002783,C-0287,2025-10-29,IN01,W-06,30
S-002784,C-0016,2025-10-30,FA02,W-13,20
S-002785,C-0016,2025-10-30,CH02,W-06,90
S-002786,C-0037,2025-10-30,CO01,W-11,90
S-002787,C-0040,2025-10-30,PH01,W-02,5
S-002788,C-0046,2025-10-30,HV01,W-01,120
S-002789,C-0065,2025-10-30,CN01,W-02,30
S-002790,C-0065,2025-10-30,HV01,W-04,120
S-002791,C-0077,2025-10-30,TR02,W-05,30
S-002792,C-0122,2025-10-30,PH01,W-09,15
S-002793,C-0151,2025-10-30,PH01,W-02,15
S-002794,C-0153,2025-10-30,CN01,W-05,15
S-002795,C-0155,2025-10-30,PH01,W-07,15
S-002796,C-0170,2025-10-30,IN01,W-07,20
S-002797,C-0197,2025-10-30,CN01,W-01,30
S-002798,C-0200,2025-10-30,PH01,W-04,10
S-002799,C-0205,2025-10-30,CO01,W-12,90
S-002799,C-0205,2025-10-30,CO01,W-12,90
S-002800,C-0228,2025-10-30,ID01,W-02,15
S-002801,C-0235,2025-10-30,HV01,W-03,90
S-002802,C-0241,2025-10-30,RF01,W-04,20
S-002803,C-0245,2025-10-30,HV01,W-06,45
S-002803,C-0245,2025-10-30,HV01,W-06,45
S-002804,C-0253,2025-10-30,RF01,W-06,15
S-002805,C-0260,2025-10-30,PH01,W-09,20
S-002806,C-0265,2025-10-30,CO01,W-12,60
S-002807,C-0276,2025-10-30,HV01,W-01,120
S-002808,C-0291,2025-10-30,CO01,W-11,50
S-002809,C-0291,2025-10-30,CN01,W-03,20
S-002810,C-0036,2025-10-31,CN01,W-09,10
S-002811,C-0065,2025-10-31,FA03,W-13,15
S-002812,C-0079,2025-10-31,CO01,W-11,90
S-002813,C-0091,2025-10-31,CN01,W-10,20
S-002814,C-0102,2025-10-31,HV01,W-03,45
S-002815,C-0120,2025-10-31,HV01,W-05,45
S-002816,C-0131,2025-10-31,TR01,W-09,20
S-002817,C-0147,2025-10-31,TR01 ,W-02,20
S-002818,C-0172,2025-10-31,cn01,W-06,20
S-002819,C-0204,2025-10-31,FA02,W-14,30
S-002820,C-0243,2025-10-31,IN01,W-03,20
S-002821,C-0252,2025-10-31,ID01,W-04,20
S-002822,C-0253,2025-10-31,IN01,W-06,15
S-002823,C-0287,2025-10-31,CN01,W-06,30
S-002824,C-0291,2025-10-31,PH01,W-03,15
S-002825,C-0292,2025-10-31,RF01,W-07,30
S-002826,C-0014,2025-11-01,HV01,W-01,120
S-002827,C-0016,2025-11-01,HV01,W-06,120
S-002828,C-0016,2025-11-01,PH01,W-09,5
S-002829,C-0027,2025-11-01,FA01,W-01,45
S-002830,C-0031,2025-11-01,TR01,W-02,15
S-002831,C-0044,2025-11-01,HV01,W-04,120
S-002832,C-0048,2025-11-01,FA02,W-14,45
S-002833,C-0050,2025-11-01,TR01,W-06,30
S-002834,C-0056,2025-11-01,PH01 ,W-01,10
S-002835,C-0088,2025-11-01,FA02,W-14,15
S-002836,C-0101,2025-11-01,PH01,W-01,20
S-002837,C-0110,2025-11-01,PH01,W-02,20
S-002838,C-0121,2025-11-01,CO02,W-11,90
S-002839,C-0133,2025-11-01,CN01,W-09,10
S-002840,C-0170,2025-11-01,CH02,W-04,90
S-002841,C-0176,2025-11-01,CN01,W-08,10
S-002842,C-0192,2025-11-01,RF01,W-10,30
S-002843,C-0192,2025-11-01,FA01,W-10,20
S-002844,C-0194,2025-11-01,TR01,W-02,45
S-002845,C-0197,2025-11-01,hv01,W-02,120
S-002846,C-0205,2025-11-01,CN01,W-04,20
S-002847,C-0208,2025-11-01,PH01,W-09,10
S-002848,C-0217,2025-11-01,HV01,W-05,60
S-002849,C-0241,2025-11-01,CN01 ,W-04,20
S-002850,C-0246,2025-11-01,PH01,W-10,10
S-002851,C-0252,2025-11-01,IN01,W-04,15
S-002852,C-0256,2025-11-01,PH01,W-03,15
S-002853,C-0275,2025-11-01,CN01,W-06,30
S-002854,C-0278,2025-11-01,FA01,W-02,45
S-002855,C-0290,2025-11-01,CO01,W-12,90
S-002856,C-0291,2025-11-01,TR01,W-03,45
S-002857,C-0300,2025-11-01,TR02,W-05,30
S-002858,C-0016,2025-11-02,FA01,W-09,15
S-002859,C-0040,2025-11-02,CO01,W-11,50
S-002860,C-0068,2025-11-02,CN01,W-01,15
S-002861,C-0080,2025-11-02,CH02,W-06,120
S-002862,C-0094,2025-11-02,CO02,W-12,90
S-002863,C-0104,2025-11-02,ID01,W-10,20
S-002864,C-0131,2025-11-02,CO01,W-12,60
S-002865,C-0134,2025-11-02,TR01,W-07,30
S-002866,C-0143,2025-11-02,CN01,W-03,20
S-002867,C-0147,2025-11-02,IN01,W-02,20
S-002868,C-0149,2025-11-02,CN01,W-07,20
S-002869,C-0153,2025-11-02,FA02,W-13,20
S-002870,C-0155,2025-11-02,PH01 ,W-07,5
S-002871,C-0160,2025-11-02,CN01,W-05,15
S-002872,C-0160,2025-11-02,PH01,W-05,5
S-002873,C-0176,2025-11-02,CN01,W-08,15
S-002874,C-0176,2025-11-02,CN01,W-08,15
S-002875,C-0197,2025-11-02,CO01,W-11,50
S-002876,C-0197,2025-11-02,CO01,W-12,60
S-002877,C-0204,2025-11-02,FA01,W-04,20
S-002878,C-0207,2025-11-02,CO02,W-12,90
S-002879,C-0208,2025-11-02,hv01,W-02,90
S-002880,C-0208,2025-11-02,PH01,W-09,5
S-002881,C-0217,2025-11-02,CH02,W-04,60
S-002882,C-0229,2025-11-02,FA01,W-02,45
S-002883,C-0235,2025-11-02,TR02,W-09,45
S-002884,C-0245,2025-11-02,TR02,W-03,45
S-002885,C-0255,2025-11-02,PH01,W-03,5
S-002886,C-0275,2025-11-02,HV01,W-06,120
S-002887,C-0279,2025-11-02,CN01,W-03,10
S-002888,C-0290,2025-11-02,TR01,W-04,20
S-002889,C-0008,2025-11-03,CO02,W-12,90
S-002890,C-0028,2025-11-03,CH02,W-03,45
S-002891,C-0040,2025-11-03,IN01,W-02,30
S-002892,C-0041,2025-11-03,CN01,W-05,20
S-002893,C-0044,2025-11-03,CN01,W-03,30
S-002894,C-0070,2025-11-03,CN01,W-01,10
S-002895,C-0081,2025-11-03,CO01,W-12,60
S-002896,C-0094,2025-11-03,CN01 ,W-06,15
S-002897,C-0095,2025-11-03,HV01,W-06,90
S-002898,C-0104,2025-11-03,TR02,W-10,30
S-002899,C-0109,2025-11-03,ID01,W-07,30
S-002900,C-0122,2025-11-03,CN01,W-09,30
S-002901,C-0129,2025-11-03,CN01,W-04,30
S-002902,C-0131,2025-11-03,CN01,W-09,20
S-002903,C-0147,2025-11-03,IN01,W-02,45
S-002904,C-0179,2025-11-03,PH01,W-05,20
S-002905,C-0186,2025-11-03,HV01,W-06,60
S-002906,C-0193,2025-11-03,CO02,W-11,90
S-002907,C-0217,2025-11-03,CO01,W-11,60
S-002908,C-0241,2025-11-03,TR02,W-04,45
S-002909,C-0245,2025-11-03,RF01,W-03,15
S-002910,C-0246,2025-11-03,CO01,W-11,90
S-002911,C-0249,2025-11-03,HV01,W-01,45
S-002912,C-0252,2025-11-03,FA01,W-04,45
S-002913,C-0263,2025-11-03,CO01,W-11,50
S-002914,C-0265,2025-11-03,CO01,W-12,60
S-002915,C-0275,2025-11-03,FA02,W-13,45
S-002916,C-0287,2025-11-03,CO01,W-12,90
S-002917,C-0287,2025-11-03,PH01,W-06,20
S-002918,C-0008,2025-11-04,CO01,W-11,90
S-002919,C-0030,2025-11-04,HV01,W-02,60
S-002920,C-0044,2025-11-04,FA01,W-03,45
S-002920,C-0044,2025-11-04,FA01,W-03,45
S-002921,C-0046,2025-11-04,FA01,W-06,30
S-002922,C-0056,2025-11-04,CO02,W-11,50
S-002923,C-0063,2025-11-04,PH01,W-06,10
S-002924,C-0077,2025-11-04,PH01,W-05,10
S-002925,C-0091,2025-11-04,FA02,W-14,20
S-002926,C-0091,2025-11-04,CN01,W-10,30
S-002927,C-0102,2025-11-04,PH01,W-05,20
S-002928,C-0125,2025-11-04,CN01,W-05,20
S-002929,C-0149,2025-11-04,PH01,W-07,20
S-002930,C-0151,2025-11-04,IN01,W-02,20
S-002931,C-0168,2025-11-04,CH02,W-01,60
S-002932,C-0207,2025-11-04,FA03,W-14,15
S-002933,C-0235,2025-11-04,ID01,W-09,30
S-002934,C-0241,2025-11-04,,W-04,15
S-002935,C-0243,2025-11-04,CO01,W-12,50
S-002936,C-0258,2025-11-04,CN01,W-04,30
S-002937,C-0260,2025-11-04,HV01,W-05,90
S-002938,C-0265,2025-11-04,CH02,W-01,120
S-002939,C-0283,2025-11-04,FA03,W-14,20
S-002940,C-0283,2025-11-04,CN01,W-02,10
S-002941,C-0290,2025-11-04,CN01 ,W-04,20
S-002942,C-0014,2025-11-05,CN01,W-09,15
S-002943,C-0016,2025-11-05,PH01,W-09,20
S-002944,C-0016,2025-11-05,HV01,W-06,120
S-002945,C-0016,2025-11-05,FA03,W-14,15
S-002946,C-0040,2025-11-05,HV01,W-06,120
S-002947,C-0065,2025-11-05,FA02,W-13,15
S-002948,C-0065,2025-11-05,FA03,W-13,45
S-002949,C-0070,2025-11-05,FA03,W-14,30
S-002950,C-0080,2025-11-05,TR02,W-10,15
S-002951,C-0088,2025-11-05,,W-05,120
S-002952,C-0088,2025-11-05,CN01,W-06,10
S-002953,C-0089,2025-11-05,FA01,W-06,20
S-002954,C-0122,2025-11-05, cn01  ,W-09,15
S-002955,C-0134,2025-11-05,PH01,W-07,10
S-002956,C-0149,2025-11-05,PH01,W-07,5
S-002957,C-0149,2025-11-05,CN01,W-07,30
S-002958,C-0155,2025-11-05,HV01,W-01,45
S-002959,C-0192,2025-11-05,cn01,W-10,20
S-002960,C-0194,2025-11-05,fa01,W-02,45
S-002961,C-0207,2025-11-05,FA03,W-14,45
S-002962,C-0212,2025-11-05,FA03,W-14,15
S-002963,C-0227,2025-11-05,FA01,W-08,20
S-002964,C-0229,2025-11-05,CO02,W-12,90
S-002965,C-0246,2025-11-05,CO01,W-12,60
S-002966,C-0263,2025-11-05,TR02,W-04,30
S-002967,C-0265,2025-11-05,PH01,W-10,10
S-002968,C-0274,2025-11-05,id01,W-01,30
S-002969,C-0276,2025-11-05,FA01,W-05,15
S-002970,C-0278,2025-11-05,IN01,W-02,15
S-002971,C-0278,2025-11-05,PH01,W-02,20
S-002972,C-0279,2025-11-05,HV01,W-02,45
S-002973,C-0300,2025-11-05,CH02,W-05,90
S-002974,C-0031,2025-11-06,PH01 ,W-02,5
S-002975,C-0036,2025-11-06,PH01,W-09,20
S-002976,C-0041,2025-11-06,CH02,W-03,45
S-002977,C-0048,2025-11-06,CN01 ,W-02,30
S-002978,C-0062,2025-11-06,PH01,W-10,10
S-002979,C-0065,2025-11-06,HV01,W-03,60
S-002980,C-0074,2025-11-06,FA01,W-02,30
S-002981,C-0122,2025-11-06,HV01,W-04,120
S-002982,C-0134,2025-11-06,RF01,W-07,30
S-002983,C-0155,2025-11-06,ch02,W-06,120
S-002984,C-0227,2025-11-06,PH01,W-08,15
S-002985,C-0241,2025-11-06,CN01,W-04,30
S-002986,C-0246,2025-11-06,HV01,W-04,45
S-002987,C-0252,2025-11-06,RF01,W-04,10
S-002988,C-0253,2025-11-06,PH01 ,W-06,5
S-002989,C-0253,2025-11-06,HV01,W-01,120
S-002990,C-0256,2025-11-06,CN01,W-03,30
S-002991,C-0265,2025-11-06,CN01,W-10,30
S-002992,C-0265,2025-11-06,PH01,W-10,15
S-002993,C-0284,2025-11-06,CO02,W-11,50
S-002994,C-0012,2025-11-07,HV01,W-01,90
S-002995,C-0014,2025-11-07,FA03,W-14,15
S-002996,C-0036,2025-11-07,CH02,W-01,90
S-002997,C-0040,2025-11-07,CN01,W-02,10
S-002998,C-0155,2025-11-07,PH01,W-07,10
S-002999,C-0160,2025-11-07,CN01,W-05,20
S-003000,C-0170,2025-11-07,FA01,W-07,15
S-003001,C-0178,2025-11-07,FA02,W-13,45
S-003002,C-0187,2025-11-07,CO02,W-12,60
S-003003,C-0192,2025-11-07,CO01,W-11,50
S-003004,C-0192,2025-11-07,FA02,W-14,20
S-003005,C-0193,2025-11-07,CN01,W-01,30
S-003006,C-0194,2025-11-07,RF01 ,W-02,30
S-003007,C-0205,2025-11-07,,W-11,90
S-003008,C-0207,2025-11-07,hv01,W-01,120
S-003009,C-0228,2025-11-07,CN01,W-02,20
S-003010,C-0241,2025-11-07,IN01,W-04,45
S-003011,C-0241,2025-11-07,PH01,W-04,5
S-003012,C-0245,2025-11-07,RF01,W-03,15
S-003013,C-0249,2025-11-07,PH01,W-02,5
S-003014,C-0253,2025-11-07,IN01,W-06,20
S-003015,C-0275,2025-11-07,FA02,W-13,20
S-003016,C-0278,2025-11-07,CN01,W-02,20
S-003017,C-0278,2025-11-07,tr02,W-02,45
S-003018,C-0287,2025-11-07,ID01,W-06,15
S-003019,C-0292,2025-11-07,CH02,W-06,60
S-003020,C-0300,2025-11-07,TR01,W-05,15
S-003021,C-0016,2025-11-08,HV01,W-03,60
S-003022,C-0030,2025-11-08,IN01,W-03,45
S-003023,C-0037,2025-11-08,PH01,W-02,20
S-003024,C-0056,2025-11-08,CN01,W-01,15
S-003025,C-0063,2025-11-08, ph01  ,W-06,15
S-003026,C-0065,2025-11-08,PH01,W-02,10
S-003027,C-0068,2025-11-08,CN01,W-01,10
S-003028,C-0078,2025-11-08,CH02,W-05,60
S-003029,C-0079,2025-11-08,PH01,W-06,20
S-003030,C-0122,2025-11-08,ID01,W-09,15
S-003031,C-0126,2025-11-08,PH01,W-02,15
S-003032,C-0131,2025-11-08,PH01,W-09,15
S-003033,C-0160,2025-11-08,HV01 ,W-06,60
S-003034,C-0170,2025-11-08,RF01,W-07,20
S-003035,C-0187,2025-11-08,CN01,W-06,20
S-003036,C-0197,2025-11-08,rf01,W-01,20
S-003037,C-0205,2025-11-08,CO01,W-11,90
S-003038,C-0207,2025-11-08,HV01,W-05,120
S-003039,C-0245,2025-11-08,CO02 ,W-11,90
S-003040,C-0249,2025-11-08,PH01,W-02,20
S-003041,C-0255,2025-11-08,cn01,W-03,30
S-003042,C-0258,2025-11-08,FA03,W-13,15
S-003043,C-0263,2025-11-08,CO01,W-11,90
S-003044,C-0265,2025-11-08,PH01,W-10,15
S-003045,C-0299,2025-11-08,tr02,W-08,30
S-003046,C-0024,2025-11-09,CO02,W-11,60
S-003047,C-0037,2025-11-09,CO01,W-12,60
S-003048,C-0048,2025-11-09,CN01,W-02,30
S-003049,C-0066,2025-11-09,RF01,W-05,20
S-003050,C-0091,2025-11-09,RF01,W-10,15
S-003051,C-0186,2025-11-09,PH01,W-06,20
S-003052,C-0192,2025-11-09,HV01,W-01,60
S-003053,C-0194,2025-11-09,PH01,W-02,5
S-003054,C-0197,2025-11-09,TR02,W-01,45
S-003055,C-0215,2025-11-09,PH01,W-07,5
S-003056,C-0215,2025-11-09,CH02,W-02,90
S-003057,C-0245,2025-11-09,CN01,W-03,15
S-003058,C-0246,2025-11-09,CO01,W-12,60
S-003059,C-0246,2025-11-09,PH01,W-10,20
S-003060,C-0260,2025-11-09,PH01,W-09,20
S-003061,C-0276,2025-11-09,RF01,W-05,20
S-003062,C-0292,2025-11-09,CN01,W-07,10
S-003063,C-0065,2025-11-10,FA03,W-14,45
S-003064,C-0066,2025-11-10,IN01,W-05,30
S-003065,C-0079,2025-11-10,CO01,W-11,50
S-003066,C-0080,2025-11-10,TR01,W-10,20
S-003067,C-0094,2025-11-10,CN01,W-06,30
S-003068,C-0095,2025-11-10,TR02,W-06,15
S-003069,C-0121,2025-11-10,CN01,W-05,10
S-003070,C-0125,2025-11-10,HV01,W-05,45
S-003071,C-0126,2025-11-10,CO01,W-12,50
S-003072,C-0136,2025-11-10,HV01,W-06,120
S-003073,C-0170,2025-11-10,CN01,W-07,20
S-003074,C-0172,2025-11-10,CH02,W-02,90
S-003075,C-0188,2025-11-10,ID01,W-07,15
S-003076,C-0193,2025-11-10,PH01,W-01,15
S-003077,C-0197,2025-11-10,FA01,W-01,45
S-003078,C-0205,2025-11-10,CN01,W-04,20
S-003079,C-0205,2025-11-10,FA01,W-04,20
S-003080,C-0207,2025-11-10,HV01,W-01,45
S-003081,C-0208,2025-11-10,HV01,W-03,120
S-003082,C-0208,2025-11-10,PH01,W-09,10
S-003083,C-0215,2025-11-10,CN01,W-07,30
S-003084,C-0235,2025-11-10,FA03,W-14,20
S-003085,C-0241,2025-11-10,FA01,W-04,20
S-003086,C-0241,2025-11-10,CO02,W-12,90
S-003087,C-0249,2025-11-10,ID01,W-02,20
S-003088,C-0252,2025-11-10,FA02,W-14,45
S-003089,C-0274,2025-11-10,HV01,W-04,120
S-003090,C-0274,2025-11-10,TR02,W-01,20
S-003091,C-0275,2025-11-10,HV01,W-03,45
S-003092,C-0276,2025-11-10,CH02,W-01,90
S-003093,C-0283,2025-11-10,HV01,W-05,60
S-003094,C-0290,2025-11-10,CO02,W-12,90
S-003095,C-0298,2025-11-10,CH02,W-05,90
S-003096,C-0030,2025-11-11,CN01,W-03,10
S-003097,C-0031,2025-11-11,PH01,W-02,15
S-003098,C-0044,2025-11-11,HV01,W-04,45
S-003099,C-0048,2025-11-11,PH01,W-02,10
S-003100,C-0050,2025-11-11,CO01,W-12,50
S-003101,C-0062,2025-11-11,PH01,W-10,10
S-003102,C-0068,2025-11-11,RF01 ,W-01,30
S-003103,C-0095,2025-11-11,FA01,W-06,15
S-003104,C-0095,2025-11-11,FA01,W-06,15
S-003105,C-0113,2025-11-11,FA02,W-13,15
S-003106,C-0160,2025-11-11,HV01,W-02,120
S-003107,C-0168,2025-11-11,PH01,W-04,10
S-003108,C-0168,2025-11-11,HV01,W-01,120
S-003109,C-0168,2025-11-11,RF01,W-04,15
S-003110,C-0178,2025-11-11,TR02,W-06,30
S-003111,C-0179,2025-11-11,HV01,W-04,120
S-003112,C-0187,2025-11-11,PH01,W-06,5
S-003113,C-0188,2025-11-11,CN01,W-07,15
S-003114,C-0188,2025-11-11,IN01,W-07,30
S-003115,C-0191,2025-11-11,CN01,W-05,10
S-003116,C-0194,2025-11-11,TR02,W-02,15
S-003117,C-0202,2025-11-11,CN01,W-02,15
S-003118,C-0245,2025-11-11,CN01,W-03,20
S-003119,C-0252,2025-11-11,ID01,W-04,45
S-003120,C-0256,2025-11-11,CN01,W-03,15
S-003121,C-0274,2025-11-11,IN01,W-01,30
S-003122,C-0274,2025-11-11,CO01,W-11,60
S-003123,C-0279,2025-11-11,ch02,W-02,60
S-003124,C-0283,2025-11-11,PH01,W-02,15
S-003125,C-0300,2025-11-11,cn01,W-05,30
S-003126,C-0012,2025-11-12,CH02,W-01,60
S-003127,C-0012,2025-11-12,CO02,W-11,60
S-003128,C-0036,2025-11-12,TR02,W-09,20
S-003129,C-0048,2025-11-12,FA01,W-02,20
S-003130,C-0065,2025-11-12,CN01,W-02,15
S-003131,C-0079,2025-11-12,ID01,W-06,30
S-003132,C-0094,2025-11-12,CN01,W-06,30
S-003133,C-0104,2025-11-12,ID01,W-10,45
S-003134,C-0104,2025-11-12,FA01,W-10,20
S-003135,C-0110,2025-11-12,HV01,W-05,90
S-003136,C-0133,2025-11-12,RF01,W-09,30
S-003137,C-0144,2025-11-12,CH02,W-03,90
S-003138,C-0147,2025-11-12,PH01,W-02,5
S-003139,C-0153,2025-11-12,TR02 ,W-05,20
S-003140,C-0191,2025-11-12,CH02,W-03,90
S-003141,C-0193,2025-11-12,CO01,W-11,60
S-003142,C-0197,2025-11-12,CH02,W-05,90
S-003143,C-0207,2025-11-12,FA01,W-10,30
S-003144,C-0208,2025-11-12,FA02,W-13,15
S-003145,C-0223,2025-11-12,FA01,W-06,45
S-003146,C-0229,2025-11-12,CO02,W-11,90
S-003147,C-0263,2025-11-12,FA01,W-04,20
S-003148,C-0265,2025-11-12,CO01,W-12,60
S-003149,C-0274,2025-11-12,CO02,W-12,60
S-003150,C-0283,2025-11-12,TR01,W-02,15
S-003151,C-0046,2025-11-13,PH01,W-06,5
S-003152,C-0079,2025-11-13,RF01,W-06,30
S-003153,C-0081,2025-11-13,CO02,W-12,60
S-003154,C-0091,2025-11-13,FA01,W-10,20
S-003155,C-0102,2025-11-13,CO01,W-12,50
S-003156,C-0104,2025-11-13,CO02,W-11,50
S-003157,C-0110,2025-11-13,TR02,W-02,15
S-003158,C-0110,2025-11-13,TR02,W-02,20
S-003159,C-0136,2025-11-13,ID01,W-09,30
S-003160,C-0168,2025-11-13,CN01,W-04,15
S-003161,C-0170,2025-11-13,TR02,W-07,45
S-003162,C-0172,2025-11-13,FA02,W-14,20
S-003163,C-0197,2025-11-13,CO01,W-11,90
S-003164,C-0202,2025-11-13,PH01,W-02,15
S-003165,C-0207,2025-11-13,HV01,W-03,120
S-003166,C-0208,2025-11-13,CN01,W-09,10
S-003167,C-0211,2025-11-13,RF01,W-01,30
S-003168,C-0212,2025-11-13,PH01 ,W-04,5
S-003169,C-0279,2025-11-13,RF01 ,W-03,15
S-003170,C-0012,2025-11-14,PH01,W-02,5
S-003171,C-0016,2025-11-14,HV01,W-05,120
S-003172,C-0056,2025-11-14,CH02,W-05,45
S-003173,C-0083,2025-11-14,CH02,W-04,60
S-003174,C-0088,2025-11-14,HV01,W-05,60
S-003175,C-0110,2025-11-14,CN01,W-02,20
S-003176,C-0122,2025-11-14,PH01,W-09,20
S-003177,C-0144,2025-11-14,CN01,W-05,20
S-003178,C-0176,2025-11-14,HV01,W-04,45
S-003179,C-0176,2025-11-14,RF01,W-08,30
S-003180,C-0188,2025-11-14,TR02,W-07,15
S-003181,C-0188,2025-11-14,FA01,W-07,15
S-003182,C-0194,2025-11-14,CN01,W-02,15
S-003183,C-0202,2025-11-14,ID01,W-02,15
S-003184,C-0204,2025-11-14,HV01,W-01,45
S-003185,C-0205,2025-11-14,CN01,W-04,10
S-003186,C-0207,2025-11-14,CN01,W-10,15
S-003187,C-0212,2025-11-14,PH01,W-04,10
S-003188,C-0223,2025-11-14,CH02,W-06,120
S-003189,C-0229,2025-11-14,CN01,W-02,30
S-003190,C-0255,2025-11-14,HV01,W-02,45
S-003191,C-0256,2025-11-14,PH01,W-03,20
S-003192,C-0256,2025-11-14,FA03,W-14,20
S-003193,C-0275,2025-11-14,cn01,W-06,30
S-003194,C-0278,2025-11-14,PH01,W-02,15
S-003195,C-0279,2025-11-14,HV01,W-05,45
S-003196,C-0283,2025-11-14,FA02,W-13,30
S-003197,C-0299,2025-11-14,FA01,W-08,30
S-003198,C-0030,2025-11-15,TR02,W-03,20
S-003199,C-0035,2025-11-15,PH01,W-03,15
S-003200,C-0061,2025-11-15,TR01,W-06,15
S-003201,C-0077,2025-11-15,ID01,W-05,15
S-003202,C-0079,2025-11-15,CO01,W-12,60
S-003203,C-0083,2025-11-15,PH01,W-09,10
S-003204,C-0088,2025-11-15,FA02,W-13,15
S-003205,C-0095,2025-11-15,PH01 ,W-06,5
S-003206,C-0129,2025-11-15,IN01,W-04,20
S-003207,C-0131,2025-11-15,CN01,W-09,30
S-003208,C-0147,2025-11-15,IN01,W-02,30
S-003209,C-0160,2025-11-15,FA02,W-13,15
S-003210,C-0193,2025-11-15,CN01,W-01,15
S-003211,C-0197,2025-11-15,PH01,W-01,20
S-003212,C-0205,2025-11-15,PH01,W-04,5
S-003213,C-0205,2025-11-15,HV01,W-01,120
S-003214,C-0212,2025-11-15,TR02,W-04,30
S-003215,C-0215,2025-11-15,CH02,W-01,60
S-003216,C-0223,2025-11-15,CN01,W-06,15
S-003217,C-0238,2025-11-15,cn01,W-03,20
S-003218,C-0253,2025-11-15,TR01 ,W-06,20
S-003219,C-0265,2025-11-15,RF01 ,W-10,15
S-003220,C-0265,2025-11-15,CO01,W-12,60
S-003221,C-0275,2025-11-15,RF01,W-06,30
S-003222,C-0279,2025-11-15,CN01,W-03,15
S-003223,C-0299,2025-11-15,CN01,W-08,15
S-003224,C-0300,2025-11-15,CO01,W-11,90
S-003225,C-0012,2025-11-16,CH02,W-04,90
S-003226,C-0024,2025-11-16,FA02,W-14,15
S-003227,C-0027,2025-11-16,CN01,W-01,15
S-003228,C-0031,2025-11-16,CH02 ,W-06,90
S-003229,C-0037,2025-11-16,PH01,W-02,15
S-003230,C-0048,2025-11-16,CN01,W-02,20
S-003231,C-0068,2025-11-16,CO01,W-11,60
S-003232,C-0078,2025-11-16,CO01,W-11,60
S-003233,C-0081,2025-11-16,CO02,W-12,60
S-003234,C-0102,2025-11-16,CN01,W-05,15
S-003235,C-0102,2025-11-16,CO02,W-11,60
S-003236,C-0110,2025-11-16,PH01,W-02,20
S-003237,C-0126,2025-11-16,PH01,W-02,5
S-003238,C-0126,2025-11-16,HV01,W-06,45
S-003239,C-0133,2025-11-16,fa01,W-09,30
S-003240,C-0170,2025-11-16,CO01,W-12,50
S-003241,C-0197,2025-11-16,CN01,W-01,20
S-003242,C-0207,2025-11-16,FA01,W-10,30
S-003243,C-0245,2025-11-16,ID01,W-03,30
S-003244,C-0255,2025-11-16,CO01,W-11,50
S-003245,C-0284,2025-11-16,TR01,W-08,45
S-003246,C-0284,2025-11-16,CH02,W-03,60
S-003247,C-0290,2025-11-16,CN01,W-04,30
S-003248,C-0012,2025-11-17,PH01,W-02,10
S-003249,C-0016,2025-11-17,CN01,W-09,30
S-003250,C-0024,2025-11-17,CN01,W-08,10
S-003251,C-0035,2025-11-17,HV01,W-04,120
S-003252,C-0037,2025-11-17,CN01,W-02,20
S-003253,C-0056,2025-11-17,TR01,W-01,30
S-003254,C-0062,2025-11-17,TR01,W-10,30
S-003255,C-0070,2025-11-17,ID01,W-01,15
S-003256,C-0079,2025-11-17,CN01 ,W-06,15
S-003257,C-0088,2025-11-17,FA01,W-06,45
S-003258,C-0125,2025-11-17,IN01,W-05,20
S-003259,C-0133,2025-11-17,RF01,W-09,20
S-003260,C-0134,2025-11-17,IN01,W-07,45
S-003261,C-0153,2025-11-17,CO01,W-12,60
S-003262,C-0160,2025-11-17,CN01,W-05,10
S-003263,C-0168,2025-11-17,TR02,W-04,30
S-003264,C-0180,2025-11-17,PH01,W-02,20
S-003265,C-0188,2025-11-17,CN01,W-07,30
S-003266,C-0193,2025-11-17,TR01,W-01,20
S-003267,C-0207,2025-11-17,HV01,W-05,90
S-003268,C-0215,2025-11-17,CH02,W-05,120
S-003269,C-0228,2025-11-17,FA01,W-02,45
S-003270,C-0228,2025-11-17,ID01,W-02,45
S-003271,C-0229,2025-11-17,TR01,W-02,45
S-003272,C-0241,2025-11-17,CN01,W-04,30
S-003273,C-0246,2025-11-17,CN01,W-10,10
S-003274,C-0260,2025-11-17,CO02,W-11,90
S-003275,C-0265,2025-11-17,TR02,W-10,20
S-003276,C-0283,2025-11-17,CN01,W-02,10
S-003277,C-0299,2025-11-17,cn01,W-08,30
S-003278,C-0028,2025-11-18,FA01,W-06,20
S-003279,C-0070,2025-11-18, ch02  ,W-01,45
S-003280,C-0074,2025-11-18,HV01,W-05,120
S-003281,C-0078,2025-11-18,RF01,W-08,10
S-003282,C-0078,2025-11-18,CN01,W-08,10
S-003283,C-0078,2025-11-18,RF01,W-08,20
S-003284,C-0079,2025-11-18,CN01,W-06,10
S-003285,C-0089,2025-11-18,TR02,W-06,15
S-003286,C-0091,2025-11-18,ID01,W-10,15
S-003287,C-0094,2025-11-18,PH01,W-06,10
S-003288,C-0110,2025-11-18,rf01,W-02,10
S-003289,C-0110,2025-11-18,RF01,W-02,10
S-003290,C-0133,2025-11-18,CH02,W-01,60
S-003291,C-0133,2025-11-18,FA03,W-13,45
S-003292,C-0134,2025-11-18,CN01,W-07,30
S-003293,C-0134,2025-11-18,PH01,W-07,15
S-003294,C-0170,2025-11-18,HV01,W-02,90
S-003295,C-0180,2025-11-18,TR01,W-02,20
S-003296,C-0192,2025-11-18,CN01,W-10,15
S-003297,C-0193,2025-11-18,PH01,W-01,10
S-003298,C-0202,2025-11-18,IN01,W-02,45
S-003299,C-0208,2025-11-18,HV01 ,W-06,60
S-003300,C-0228,2025-11-18,FA01,W-02,30
S-003301,C-0241,2025-11-18,HV01,W-06,60
S-003302,C-0258,2025-11-18,PH01,W-04,15
S-003303,C-0260,2025-11-18,FA01,W-09,15
S-003304,C-0276,2025-11-18,RF01,W-05,30
S-003305,C-0279,2025-11-18,TR01,W-03,30
S-003306,C-0283,2025-11-18,FA01,W-02,30
S-003307,C-0283,2025-11-18,HV01,W-03,120
S-003308,C-0284,2025-11-18,CO02,W-12,50
S-003309,C-0298,2025-11-18,PH01,W-07,5
S-003310,C-0016,2025-11-19,CN01,W-09,15
S-003311,C-0030,2025-11-19,CO01,W-11,90
S-003312,C-0035,2025-11-19,HV01,W-01,120
S-003313,C-0036,2025-11-19,CH02,W-01,60
S-003314,C-0036,2025-11-19,CN01,W-09,20
S-003315,C-0037,2025-11-19,CO01,W-12,50
S-003316,C-0063,2025-11-19,TR02,W-06,20
S-003317,C-0081,2025-11-19,CO01,W-11,50
S-003318,C-0095,2025-11-19,IN01,W-06,45
S-003319,C-0095,2025-11-19,PH01,W-06,20
S-003320,C-0133,2025-11-19,PH01 ,W-09,15
S-003321,C-0144,2025-11-19,CN01,W-05,30
S-003322,C-0153,2025-11-19,CH02,W-05,45
S-003323,C-0160,2025-11-19,IN01,W-05,15
S-003324,C-0188,2025-11-19,CN01,W-07,10
S-003325,C-0188,2025-11-19,CN01,W-07,15
S-003326,C-0212,2025-11-19,IN01,W-04,15
S-003327,C-0241,2025-11-19,FA01,W-04,45
S-003328,C-0278,2025-11-19,ID01,W-02,20
S-003329,C-0291,2025-11-19,RF01,W-03,15
S-003330,C-0300,2025-11-19,CO01,W-11,60
S-003331,C-0012,2025-11-20,CO01,W-11,90
S-003332,C-0030,2025-11-20,CN01,W-03,15
S-003333,C-0044,2025-11-20,CN01,W-03,20
S-003334,C-0063,2025-11-20,FA02,W-13,30
S-003335,C-0063,2025-11-20,PH01,W-06,15
S-003336,C-0065,2025-11-20,CN01,W-02,20
S-003337,C-0077,2025-11-20,RF01,W-05,15
S-003338,C-0077,2025-11-20,CN01,W-05,30
S-003339,C-0079,2025-11-20,CO01,W-12,50
S-003340,C-0088,2025-11-20,PH01,W-06,20
S-003341,C-0089,2025-11-20,ID01,W-06,15
S-003342,C-0094,2025-11-20,HV01,W-06,45
S-003343,C-0094,2025-11-20,PH01,W-06,10
S-003344,C-0129,2025-11-20,CO02,W-12,50
S-003345,C-0131,2025-11-20,CO01,W-12,90
S-003346,C-0133,2025-11-20,CN01,W-09,20
S-003347,C-0151,2025-11-20,RF01,W-02,30
S-003348,C-0168,2025-11-20,PH01,W-04,5
S-003349,C-0191,2025-11-20,PH01,W-05,15
S-003350,C-0193,2025-11-20,TR02,W-01,45
S-003351,C-0196,2025-11-20,CN01,W-05,30
S-003352,C-0197,2025-11-20,ph01,W-01,20
S-003353,C-0200,2025-11-20,CO02,W-12,90
S-003354,C-0212,2025-11-20,IN01,W-04,45
S-003355,C-0212,2025-11-20,TR02,W-04,20
S-003356,C-0217,2025-11-20,PH01,W-01,10
S-003357,C-0223,2025-11-20,HV01,W-04,60
S-003358,C-0246,2025-11-20,PH01,W-10,20
S-003359,C-0255,2025-11-20,PH01,W-03,5
S-003360,C-0276,2025-11-20,CN01,W-05,10
S-003361,C-0276,2025-11-20,CN01,W-05,15
S-003362,C-0290,2025-11-20,CO01,W-12,90
S-003363,C-0292,2025-11-20,CN01,W-07,20
S-003364,C-0016,2025-11-21,CN01,W-09,15
S-003365,C-0016,2025-11-21,CN01,W-09,30
S-003366,C-0016,2025-11-21,CH02,W-04,90
S-003367,C-0028,2025-11-21,cn01,W-06,15
S-003368,C-0040,2025-11-21,rf01,W-02,15
S-003369,C-0074,2025-11-21,PH01,W-02,10
S-003370,C-0077,2025-11-21,TR02,W-05,20
S-003371,C-0078,2025-11-21,CO01,W-11,50
S-003372,C-0120,2025-11-21,FA03,W-14,45
S-003373,C-0125,2025-11-21,ID01,W-05,45
S-003374,C-0133,2025-11-21,TR02 ,W-09,45
S-003375,C-0172,2025-11-21,HV01,W-02,60
S-003376,C-0186,2025-11-21,CO01,W-12,90
S-003377,C-0188,2025-11-21,HV01,W-05,45
S-003378,C-0188,2025-11-21,CO01,W-11,90
S-003379,C-0191,2025-11-21,CH02,W-01,120
S-003380,C-0193,2025-11-21,CO01,W-11,60
S-003381,C-0194,2025-11-21,FA01,W-02,20
S-003382,C-0245,2025-11-21,PH01,W-03,15
S-003383,C-0252,2025-11-21,FA01,W-04,15
S-003384,C-0253,2025-11-21,CN01,W-06,10
S-003385,C-0265,2025-11-21,CN01,W-10,30
S-003386,C-0283,2025-11-21,cn01,W-02,10
S-003387,C-0284,2025-11-21,FA01,W-08,45
S-003388,C-0290,2025-11-21,HV01,W-03,60
S-003389,C-0012,2025-11-22,ID01,W-02,20
S-003390,C-0016,2025-11-22,FA03,W-14,15
S-003391,C-0024,2025-11-22,FA02,W-14,20
S-003392,C-0027,2025-11-22,HV01 ,W-05,90
S-003393,C-0037,2025-11-22,TR01,W-02,20
S-003394,C-0037,2025-11-22,HV01,W-02,60
S-003395,C-0062,2025-11-22,CN01,W-10,15
S-003396,C-0065,2025-11-22,TR02,W-02,20
S-003397,C-0066,2025-11-22,ID01,W-05,30
S-003398,C-0066,2025-11-22,tr02,W-05,30
S-003399,C-0074,2025-11-22,CO01,W-12,60
S-003400,C-0080,2025-11-22,PH01,W-10,5
S-003401,C-0083,2025-11-22,CO01,W-12,60
S-003402,C-0126,2025-11-22,PH01,W-02,15
S-003403,C-0129,2025-11-22,IN01,W-04,15
S-003404,C-0144,2025-11-22,CN01,W-05,20
S-003405,C-0176,2025-11-22,PH01,W-08,20
S-003406,C-0178,2025-11-22,PH01,W-06,10
S-003407,C-0186,2025-11-22,RF01,W-06,20
S-003408,C-0192,2025-11-22,CN01,W-10,20
S-003409,C-0202,2025-11-22,CN01,W-02,30
S-003410,C-0207,2025-11-22,TR02,W-10,15
S-003411,C-0228,2025-11-22,fa03,W-13,20
S-003412,C-0229,2025-11-22,RF01,W-02,20
S-003413,C-0276,2025-11-22,CN01,W-05,15
S-003414,C-0283,2025-11-22,PH01,W-02,10
S-003415,C-0287,2025-11-22,PH01,W-06,15
S-003416,C-0291,2025-11-22,CO01,W-12,90
S-003417,C-0012,2025-11-23,FA03,W-14,15
S-003418,C-0016,2025-11-23,FA03,W-14,15
S-003419,C-0028,2025-11-23,CH02,W-06,45
S-003420,C-0037,2025-11-23,CN01,W-02,10
S-003421,C-0037,2025-11-23,CO01,W-12,50
S-003422,C-0047,2025-11-23,FA02,W-14,45
S-003423,C-0047,2025-11-23,FA02,W-13,20
S-003424,C-0063,2025-11-23,FA01,W-06,30
S-003425,C-0066,2025-11-23,HV01,W-02,60
S-003426,C-0070,2025-11-23,FA02,W-13,45
S-003427,C-0070,2025-11-23,FA03,W-13,45
S-003428,C-0079,2025-11-23,HV01,W-04,90
S-003429,C-0083,2025-11-23,CO01,W-12,90
S-003430,C-0088,2025-11-23,FA02,W-13,45
S-003431,C-0131,2025-11-23,PH01,W-09,20
S-003432,C-0173,2025-11-23,CH02,W-06,60
S-003433,C-0185,2025-11-23,HV01,W-03,120
S-003434,C-0186,2025-11-23,CO01,W-12,50
S-003435,C-0186,2025-11-23,RF01,W-06,20
S-003436,C-0192,2025-11-23,CN01,W-10,20
S-003437,C-0197,2025-11-23,CN01,W-01,10
S-003438,C-0197,2025-11-23,ch02,W-01,120
S-003439,C-0212,2025-11-23,HV01,W-04,90
S-003440,C-0212,2025-11-23,ID01,W-04,20
S-003441,C-0215,2025-11-23,TR02,W-07,20
S-003442,C-0246,2025-11-23,FA01,W-10,45
S-003443,C-0255,2025-11-23,PH01,W-03,15
S-003444,C-0263,2025-11-23,PH01,W-04,15
S-003445,C-0291,2025-11-23,CO01,W-11,50
S-003446,C-0016,2025-11-24,PH01,W-09,15
S-003447,C-0037,2025-11-24,CO02,W-12,60
S-003448,C-0048,2025-11-24,CN01,W-02,10
S-003449,C-0061,2025-11-24,CO01,W-12,50
S-003450,C-0074,2025-11-24,CN01,W-02,10
S-003451,C-0078,2025-11-24,CO01,W-12,50
S-003452,C-0088,2025-11-24,PH01,W-06,10
S-003453,C-0104,2025-11-24,FA01,W-10,30
S-003454,C-0104,2025-11-24,TR01,W-10,30
S-003455,C-0110,2025-11-24,IN01,W-02,45
S-003456,C-0120,2025-11-24,RF01,W-10,30
S-003457,C-0131,2025-11-24,PH01,W-09,5
S-003458,C-0147,2025-11-24,IN01,W-02,45
S-003459,C-0153,2025-11-24,PH01,W-05,5
S-003460,C-0153,2025-11-24,FA02,W-14,15
S-003461,C-0155,2025-11-24,TR01,W-07,20
S-003462,C-0173,2025-11-24,CO01,W-11,50
S-003463,C-0192,2025-11-24,ph01,W-10,15
S-003464,C-0192,2025-11-24,PH01,W-10,15
S-003465,C-0192,2025-11-24,TR02,W-10,15
S-003466,C-0193,2025-11-24,TR02,W-01,20
S-003467,C-0193,2025-11-24,CN01,W-01,10
S-003468,C-0194,2025-11-24,CN01,W-02,30
S-003469,C-0205,2025-11-24,CO01,W-12,60
S-003470,C-0215,2025-11-24,CN01,W-07,15
S-003471,C-0228,2025-11-24,fa01,W-02,20
S-003472,C-0241,2025-11-24,CH02,W-05,120
S-003473,C-0246,2025-11-24,PH01,W-10,20
S-003474,C-0278,2025-11-24,IN01,W-02,15
S-003475,C-0279,2025-11-24,FA01,W-03,15
S-003476,C-0028,2025-11-25,TR01,W-06,45
S-003477,C-0037,2025-11-25,FA01,W-02,20
S-003478,C-0048,2025-11-25,FA01,W-02,20
S-003479,C-0065,2025-11-25,CN01,W-02,20
S-003480,C-0081,2025-11-25,RF01,W-08,20
S-003481,C-0088,2025-11-25,PH01,W-06,20
S-003482,C-0093,2025-11-25,RF01,W-08,20
S-003483,C-0102,2025-11-25,CO01,W-12,50
S-003484,C-0122,2025-11-25,CN01,W-09,10
S-003485,C-0134,2025-11-25,PH01,W-07,10
S-003486,C-0144,2025-11-25,ID01,W-05,30
S-003487,C-0179,2025-11-25,CN01,W-05,15
S-003488,C-0180,2025-11-25,ID01,W-02,20
S-003489,C-0185,2025-11-25,RF01,W-10,10
S-003490,C-0185,2025-11-25,PH01,W-10,20
S-003491,C-0196,2025-11-25,CH02,W-01,120
S-003492,C-0200,2025-11-25,co02,W-12,50
S-003493,C-0204,2025-11-25,HV01,W-06,90
S-003494,C-0205,2025-11-25,HV01,W-04,60
S-003494,C-0205,2025-11-25,HV01,W-04,60
S-003495,C-0229,2025-11-25,CN01,W-02,15
S-003496,C-0241,2025-11-25,RF01,W-04,20
S-003497,C-0241,2025-11-25,PH01,W-04,5
S-003498,C-0245,2025-11-25,PH01,W-03,15
S-003499,C-0260,2025-11-25,CN01,W-09,15
S-003500,C-0263,2025-11-25,CN01,W-04,20
S-003501,C-0278,2025-11-25,CH02,W-04,60
S-003502,C-0287,2025-11-25,TR01,W-06,15
S-003503,C-0290,2025-11-25,CN01,W-04,30
S-003504,C-0008,2025-11-26,CO02,W-11,90
S-003505,C-0028,2025-11-26,TR01,W-06,30
S-003506,C-0036,2025-11-26,CN01,W-09,20
S-003507,C-0068,2025-11-26,TR01,W-01,15
S-003508,C-0070,2025-11-26,TR01,W-01,20
S-003509,C-0079,2025-11-26,HV01,W-05,45
S-003510,C-0080,2025-11-26,CH02,W-02,90
S-003511,C-0088,2025-11-26,IN01,W-06,30
S-003512,C-0091,2025-11-26,FA01,W-10,20
S-003513,C-0109,2025-11-26,PH01,W-07,20
S-003514,C-0122,2025-11-26,TR02,W-09,30
S-003515,C-0125,2025-11-26,CN01,W-05,10
S-003516,C-0125,2025-11-26,HV01,W-06,90
S-003517,C-0136,2025-11-26,CN01,W-09,20
S-003518,C-0170,2025-11-26,CO01,W-11,50
S-003519,C-0178,2025-11-26,HV01,W-06,120
S-003520,C-0186,2025-11-26,CO01,W-12,90
S-003521,C-0188,2025-11-26,id01,W-07,20
S-003522,C-0188,2025-11-26,RF01,W-07,20
S-003523,C-0190,2025-11-26,HV01,W-04,120
S-003524,C-0191,2025-11-26,RF01,W-05,20
S-003525,C-0197,2025-11-26,CN01,W-01,20
S-003526,C-0197,2025-11-26,CN01,W-01,30
S-003527,C-0202,2025-11-26,PH01,W-02,10
S-003527,C-0202,2025-11-26,PH01,W-02,10
S-003528,C-0208,2025-11-26,TR01,W-09,20
S-003529,C-0211,2025-11-26,ID01,W-01,45
S-003530,C-0215,2025-11-26,CO01,W-12,60
S-003531,C-0227,2025-11-26,ID01,W-08,45
S-003532,C-0241,2025-11-26,CN01,W-04,10
S-003533,C-0245,2025-11-26,IN01,W-03,15
S-003534,C-0246,2025-11-26,IN01,W-10,30
S-003535,C-0246,2025-11-26,CO01,W-12,60
S-003536,C-0252,2025-11-26,CN01,W-04,20
S-003537,C-0252,2025-11-26,IN01,W-04,15
S-003538,C-0291,2025-11-26,PH01,W-03,20
S-003539,C-0299,2025-11-26,FA01,W-08,15
S-003540,C-0016,2025-11-27,HV01 ,W-05,90
S-003541,C-0027,2025-11-27,CN01 ,W-01,10
S-003542,C-0030,2025-11-27,CO02,W-12,90
S-003543,C-0035,2025-11-27,CO01,W-12,60
S-003544,C-0048,2025-11-27,PH01,W-02,15
S-003545,C-0063,2025-11-27,TR02,W-06,45
S-003546,C-0070,2025-11-27,TR01,W-01,30
S-003547,C-0109,2025-11-27,TR02,W-07,20
S-003548,C-0121,2025-11-27,ch02,W-04,120
S-003549,C-0125,2025-11-27,RF01,W-05,15
S-003550,C-0133,2025-11-27,HV01,W-02,120
S-003551,C-0153,2025-11-27,PH01,W-05,20
S-003552,C-0155,2025-11-27,CH02,W-02,90
S-003553,C-0168,2025-11-27,CO01,W-12,90
S-003554,C-0173,2025-11-27,CO01,W-11,50
S-003555,C-0186,2025-11-27,CN01 ,W-06,30
S-003556,C-0190,2025-11-27,HV01,W-02,45
S-003557,C-0191,2025-11-27,CO01,W-12,90
S-003558,C-0207,2025-11-27,RF01,W-10,10
S-003559,C-0207,2025-11-27,HV01,W-02,120
S-003560,C-0211,2025-11-27,CN01,W-01,15
S-003561,C-0212,2025-11-27,IN01,W-04,15
S-003562,C-0246,2025-11-27,CN01,W-10,30
S-003563,C-0252,2025-11-27,ID01,W-04,15
S-003564,C-0255,2025-11-27,IN01,W-03,15
S-003565,C-0276,2025-11-27,CN01,W-05,10
S-003566,C-0287,2025-11-27,PH01 ,W-06,5
S-003567,C-0290,2025-11-27,CO01,W-12,60
S-003568,C-0291,2025-11-27,CO02,W-12,60
S-003569,C-0062,2025-11-28,PH01,W-10,5
S-003570,C-0079,2025-11-28,CH02,W-04,60
S-003571,C-0080,2025-11-28,TR01,W-10,20
S-003572,C-0089,2025-11-28,FA02,W-13,20
S-003573,C-0101,2025-11-28,CO02,W-12,60
S-003574,C-0109,2025-11-28,TR01 ,W-07,45
S-003575,C-0109,2025-11-28,ID01,W-07,30
S-003576,C-0129,2025-11-28,CN01,W-04,15
S-003577,C-0131,2025-11-28,CH02 ,W-06,120
S-003578,C-0167,2025-11-28,PH01,W-09,20
S-003579,C-0190,2025-11-28,HV01,W-01,60
S-003580,C-0191,2025-11-28,PH01,W-05,5
S-003581,C-0223,2025-11-28,HV01,W-01,90
S-003582,C-0223,2025-11-28,cn01,W-06,15
S-003583,C-0229,2025-11-28,CN01,W-02,15
S-003584,C-0241,2025-11-28,HV01,W-03,90
S-003585,C-0245,2025-11-28,FA01,W-03,30
S-003586,C-0258,2025-11-28,HV01,W-02,45
S-003587,C-0275,2025-11-28,PH01,W-06,5
S-003588,C-0284,2025-11-28,CO01,W-12,50
S-003589,C-0300,2025-11-28,CO01,W-11,90
S-003590,C-0300,2025-11-28,HV01,W-05,45
S-003591,C-0016,2025-11-29,PH01,W-09,5
S-003592,C-0027,2025-11-29,FA02,W-14,30
S-003593,C-0047,2025-11-29,TR02,W-07,20
S-003594,C-0077,2025-11-29,TR02,W-05,30
S-003595,C-0081,2025-11-29,PH01,W-08,15
S-003596,C-0083,2025-11-29,CN01,W-09,15
S-003597,C-0122,2025-11-29,ID01,W-09,20
S-003598,C-0129,2025-11-29,CN01,W-04,20
S-003599,C-0143,2025-11-29,TR02,W-03,20
S-003600,C-0144,2025-11-29,HV01,W-06,90
S-003601,C-0153,2025-11-29,PH01,W-05,10
S-003602,C-0163,2025-11-29,FA03,W-14,45
S-003603,C-0167,2025-11-29,PH01,W-09,10
S-003604,C-0191,2025-11-29,FA03,W-14,15
S-003605,C-0192,2025-11-29,CN01,W-10,30
S-003606,C-0194,2025-11-29,TR02,W-02,30
S-003607,C-0196,2025-11-29, ph01  ,W-05,20
S-003608,C-0197,2025-11-29,IN01,W-01,30
S-003609,C-0204,2025-11-29,CN01,W-04,10
S-003610,C-0217,2025-11-29,ID01,W-01,15
S-003611,C-0246,2025-11-29,HV01,W-06,90
S-003612,C-0249,2025-11-29,PH01,W-02,15
S-003613,C-0276,2025-11-29,CN01,W-05,10
S-003614,C-0012,2025-11-30,CN01,W-02,20
S-003615,C-0014,2025-11-30,FA01,W-09,20
S-003616,C-0016,2025-11-30,TR02,W-09,45
S-003617,C-0017,2025-11-30,CN01,W-09,15
S-003618,C-0030,2025-11-30,CO02,W-11,50
S-003619,C-0037,2025-11-30,CO01,W-12,60
S-003620,C-0046,2025-11-30,CN01,W-06,30
S-003621,C-0048,2025-11-30,CN01,W-02,30
S-003622,C-0065,2025-11-30,FA03 ,W-14,20
S-003623,C-0070,2025-11-30,PH01,W-01,5
S-003624,C-0079,2025-11-30,PH01,W-06,20
S-003625,C-0113,2025-11-30,CN01,W-07,10
S-003626,C-0114,2025-11-30,CN01,W-08,15
S-003627,C-0125,2025-11-30,PH01,W-05,15
S-003628,C-0133,2025-11-30,CN01,W-09,15
S-003629,C-0152,2025-11-30,CN01,W-08,10
S-003630,C-0163,2025-11-30,HV01,W-01,60
S-003631,C-0167,2025-11-30,CO01,W-11,90
S-003632,C-0178,2025-11-30,ID01,W-06,45
S-003633,C-0187,2025-11-30,CH02,W-01,60
S-003634,C-0190,2025-11-30,PH01 ,W-09,5
S-003635,C-0196,2025-11-30,TR02,W-05,15
S-003636,C-0200,2025-11-30,TR02,W-04,30
S-003637,C-0205,2025-11-30,CN01,W-04,20
S-003638,C-0235,2025-11-30,FA03,W-14,30
S-003639,C-0238,2025-11-30,IN01,W-03,45
S-003640,C-0241,2025-11-30,CH02,W-03,120
S-003641,C-0260,2025-11-30,PH01,W-09,15
S-003642,C-0274,2025-11-30,CO01,W-11,50
S-003643,C-0275,2025-11-30,PH01,W-06,20
S-003644,C-0279,2025-11-30,FA01,W-03,45
S-003645,C-0287,2025-11-30,HV01,W-02,90
S-003646,C-0291,2025-11-30,HV01,W-05,45
S-003647,C-0291,2025-11-30,HV01,W-03,60
S-003648,C-0041,2025-12-01,PH01,W-05,10
S-003649,C-0044,2025-12-01,CO02,W-11,90
S-003650,C-0048,2025-12-01,CN01,W-02,20
S-003651,C-0063,2025-12-01, fa03  ,W-13,15
S-003652,C-0065,2025-12-01,PH01,W-02,20
S-003653,C-0083,2025-12-01,CN01,W-09,30
S-003654,C-0089,2025-12-01,PH01,W-06,5
S-003655,C-0095,2025-12-01,IN01,W-06,30
S-003656,C-0104,2025-12-01,TR01,W-10,20
S-003657,C-0104,2025-12-01,TR01,W-10,45
S-003658,C-0121,2025-12-01,CN01,W-05,30
S-003659,C-0122,2025-12-01,PH01,W-09,20
S-003660,C-0143,2025-12-01,FA03,W-13,15
S-003661,C-0144,2025-12-01,CN01,W-05,10
S-003662,C-0151,2025-12-01,PH01,W-02,5
S-003663,C-0155,2025-12-01, cn01  ,W-07,30
S-003664,C-0160,2025-12-01,CN01,W-05,15
S-003665,C-0192,2025-12-01,FA01,W-10,30
S-003666,C-0197,2025-12-01,PH01 ,W-01,20
S-003667,C-0207,2025-12-01,HV01,W-06,45
S-003668,C-0207,2025-12-01,PH01,W-10,5
S-003669,C-0217,2025-12-01,PH01,W-01,20
S-003670,C-0219,2025-12-01,RF01,W-04,10
S-003671,C-0238,2025-12-01,CN01,W-03,30
S-003672,C-0253,2025-12-01,PH01,W-06,10
S-003673,C-0255,2025-12-01,CO02 ,W-12,50
S-003674,C-0256,2025-12-01,FA01,W-03,45
S-003675,C-0258,2025-12-01,FA03,W-14,30
S-003676,C-0275,2025-12-01,TR02,W-06,15
S-003677,C-0278,2025-12-01,CN01,W-02,30
S-003678,C-0299,2025-12-01, tr01  ,W-08,20
S-003679,C-0027,2025-12-02,CN01,W-01,20
S-003680,C-0035,2025-12-02,HV01,W-01,45
S-003681,C-0037,2025-12-02,IN01,W-02,45
S-003681,C-0037,2025-12-02,IN01,W-02,45
S-003682,C-0037,2025-12-02,TR02,W-02,15
S-003683,C-0037,2025-12-02,CO02,W-12,50
S-003684,C-0046,2025-12-02,HV01 ,W-01,45
S-003685,C-0057,2025-12-02,TR01,W-02,30
S-003686,C-0078,2025-12-02,CH02,W-02,90
S-003687,C-0083,2025-12-02,cn01,W-09,30
S-003688,C-0088,2025-12-02,PH01,W-06,10
S-003689,C-0110,2025-12-02,HV01,W-02,60
S-003690,C-0114,2025-12-02,CN01,W-08,15
S-003691,C-0133,2025-12-02,FA02,W-13,15
S-003692,C-0155,2025-12-02,CN01,W-07,10
S-003693,C-0156,2025-12-02,CH02,W-06,90
S-003694,C-0168,2025-12-02,HV01,W-03,45
S-003695,C-0170,2025-12-02,CN01,W-07,30
S-003696,C-0179,2025-12-02,IN01,W-05,30
S-003697,C-0192,2025-12-02,RF01,W-10,30
S-003698,C-0208,2025-12-02,PH01,W-09,10
S-003699,C-0210,2025-12-02,IN01,W-07,30
S-003700,C-0212,2025-12-02,CO02,W-12,60
S-003701,C-0215,2025-12-02,CN01,W-07,20
S-003702,C-0227,2025-12-02,PH01 ,W-08,20
S-003703,C-0255,2025-12-02,PH01,W-03,15
S-003704,C-0265,2025-12-02,CO01,W-12,50
S-003705,C-0275,2025-12-02,PH01,W-06,20
S-003706,C-0276,2025-12-02,PH01,W-05,10
S-003707,C-0276,2025-12-02,RF01,W-05,20
S-003708,C-0279,2025-12-02,CH02,W-04,60
S-003709,C-0287,2025-12-02,ID01,W-06,20
S-003710,C-0291,2025-12-02,HV01,W-03,60
S-003711,C-0014,2025-12-03,CO01,W-11,50
S-003712,C-0050,2025-12-03,HV01,W-01,60
S-003713,C-0057,2025-12-03,FA03,W-13,20
S-003714,C-0061,2025-12-03,CN01,W-06,20
S-003715,C-0074,2025-12-03,CO01,W-11,50
S-003716,C-0109,2025-12-03,PH01,W-07,10
S-003717,C-0114,2025-12-03,FA01,W-08,20
S-003718,C-0121,2025-12-03,CN01,W-05,20
S-003719,C-0122,2025-12-03,CO02,W-11,60
S-003720,C-0129,2025-12-03,IN01,W-04,45
S-003721,C-0129,2025-12-03,TR01,W-04,30
S-003722,C-0133,2025-12-03,CH02,W-04,120
S-003723,C-0147,2025-12-03,CN01,W-02,10
S-003724,C-0160,2025-12-03,CH02,W-05,120
S-003725,C-0163,2025-12-03,PH01,W-01,20
S-003726,C-0173,2025-12-03,TR01,W-04,45
S-003727,C-0173,2025-12-03,PH01,W-04,20
S-003728,C-0191,2025-12-03,PH01,W-05,20
S-003729,C-0202,2025-12-03,HV01,W-03,60
S-003730,C-0202,2025-12-03,HV01,W-05,60
S-003731,C-0208,2025-12-03,CH02,W-03,90
S-003732,C-0219,2025-12-03,HV01,W-04,45
S-003733,C-0241,2025-12-03,IN01,W-04,15
S-003734,C-0247,2025-12-03,IN01,W-03,45
S-003735,C-0265,2025-12-03,PH01,W-10,5
S-003736,C-0279,2025-12-03,TR01,W-03,15
S-003737,C-0012,2025-12-04,PH01,W-02,15
S-003738,C-0012,2025-12-04,PH01,W-02,10
S-003739,C-0014,2025-12-04,FA03,W-13,15
S-003740,C-0035,2025-12-04,CO02 ,W-11,50
S-003741,C-0044,2025-12-04,IN01,W-03,20
S-003742,C-0057,2025-12-04,CN01,W-02,15
S-003743,C-0077,2025-12-04,CH02,W-05,60
S-003744,C-0078,2025-12-04,,W-08,30
S-003745,C-0101,2025-12-04,CN01,W-01,30
S-003746,C-0102,2025-12-04, fa01  ,W-05,30
S-003747,C-0114,2025-12-04,HV01,W-03,60
S-003748,C-0122,2025-12-04,TR02 ,W-09,20
S-003749,C-0131,2025-12-04,RF01,W-09,30
S-003750,C-0143,2025-12-04,FA03,W-13,15
S-003751,C-0151,2025-12-04,FA01,W-02,45
S-003752,C-0186,2025-12-04,CN01,W-06,15
S-003753,C-0191,2025-12-04,RF01,W-05,30
S-003754,C-0192,2025-12-04,CN01,W-10,15
S-003755,C-0210,2025-12-04,TR01,W-07,15
S-003756,C-0210,2025-12-04,CH02,W-06,120
S-003757,C-0211,2025-12-04,FA02,W-13,20
S-003758,C-0217,2025-12-04,TR01,W-01,15
S-003759,C-0219,2025-12-04,IN01,W-04,20
S-003760,C-0247,2025-12-04,IN01,W-03,20
S-003761,C-0276,2025-12-04,RF01,W-05,15
S-003762,C-0276,2025-12-04,CN01,W-05,30
S-003763,C-0276,2025-12-04,HV01,W-01,90
S-003764,C-0036,2025-12-05,CO02,W-11,60
S-003765,C-0040,2025-12-05,TR01,W-02,15
S-003766,C-0041,2025-12-05,HV01,W-03,60
S-003767,C-0050,2025-12-05,PH01,W-06,20
S-003768,C-0056,2025-12-05,HV01,W-01,90
S-003769,C-0063,2025-12-05,TR02,W-06,30
S-003770,C-0078,2025-12-05,CH02,W-03,120
S-003771,C-0079,2025-12-05,PH01,W-06,15
S-003772,C-0089,2025-12-05,HV01 ,W-03,45
S-003773,C-0091,2025-12-05,CH02,W-04,45
S-003774,C-0125,2025-12-05,CN01 ,W-05,30
S-003775,C-0143,2025-12-05,IN01,W-03,15
S-003776,C-0153,2025-12-05,FA01,W-05,45
S-003777,C-0170,2025-12-05,CN01,W-07,30
S-003778,C-0172,2025-12-05,CH02,W-05,120
S-003779,C-0194,2025-12-05,FA01,W-02,45
S-003780,C-0197,2025-12-05,PH01,W-01,15
S-003781,C-0205,2025-12-05,CO01,W-11,90
S-003782,C-0208,2025-12-05,CN01,W-09,10
S-003783,C-0223,2025-12-05,PH01,W-06,10
S-003784,C-0245,2025-12-05,CN01,W-03,20
S-003785,C-0247,2025-12-05,PH01 ,W-03,5
S-003786,C-0252,2025-12-05,PH01,W-04,15
S-003787,C-0258,2025-12-05,PH01,W-04,15
S-003788,C-0263,2025-12-05,TR02,W-04,15
S-003789,C-0263,2025-12-05,HV01,W-06,45
S-003790,C-0300,2025-12-05, rf01  ,W-05,10
S-003791,C-0012,2025-12-06,HV01,W-03,120
S-003792,C-0012,2025-12-06,CN01,W-02,10
S-003793,C-0030,2025-12-06,CN01,W-03,10
S-003794,C-0037,2025-12-06,CN01,W-02,20
S-003795,C-0077,2025-12-06,PH01,W-05,5
S-003796,C-0078,2025-12-06,CH02,W-01,90
S-003797,C-0079,2025-12-06,TR02,W-06,20
S-003798,C-0083,2025-12-06,CO02,W-11,50
S-003799,C-0094,2025-12-06,PH01 ,W-06,15
S-003800,C-0110,2025-12-06,PH01,W-02,15
S-003801,C-0114,2025-12-06,CN01,W-08,15
S-003801,C-0114,2025-12-06,CN01,W-08,15
S-003802,C-0125,2025-12-06,FA02,W-14,30
S-003803,C-0152,2025-12-06,cn01,W-08,10
S-003804,C-0153,2025-12-06,HV01,W-05,60
S-003805,C-0156,2025-12-06,IN01,W-05,45
S-003806,C-0160,2025-12-06,CN01,W-05,30
S-003807,C-0170,2025-12-06,CN01 ,W-07,10
S-003808,C-0173,2025-12-06,TR02,W-04,20
S-003809,C-0178,2025-12-06,CN01,W-06,10
S-003810,C-0185,2025-12-06,TR01,W-10,45
S-003811,C-0186,2025-12-06,CN01,W-06,30
S-003812,C-0187,2025-12-06,PH01,W-06,5
S-003813,C-0187,2025-12-06,IN01,W-06,45
S-003814,C-0202,2025-12-06,CH02,W-02,60
S-003815,C-0208,2025-12-06,HV01,W-06,45
S-003816,C-0211,2025-12-06,PH01,W-01,15
S-003817,C-0215,2025-12-06,CO02,W-11,50
S-003818,C-0215,2025-12-06,TR01,W-07,45
S-003819,C-0217,2025-12-06,CH02,W-02,120
S-003820,C-0219,2025-12-06,ch02,W-01,45
S-003821,C-0223,2025-12-06,CN01,W-06,20
S-003821,C-0223,2025-12-06,CN01,W-06,20
S-003822,C-0227,2025-12-06,TR01 ,W-08,15
S-003823,C-0246,2025-12-06,CN01,W-10,20
S-003824,C-0252,2025-12-06,FA01,W-04,20
S-003825,C-0255,2025-12-06,CN01,W-03,15
S-003826,C-0283,2025-12-06,CN01,W-02,30
S-003827,C-0287,2025-12-06,CO01,W-11,90
S-003828,C-0290,2025-12-06,CN01,W-04,10
S-003829,C-0290,2025-12-06,CH02,W-02,120
S-003829,C-0290,2025-12-06,CH02,W-02,120
S-003830,C-0016,2025-12-07,CN01,W-09,15
S-003831,C-0035,2025-12-07,CN01,W-03,10
S-003832,C-0040,2025-12-07,PH01,W-02,5
S-003833,C-0048,2025-12-07,FA02,W-13,20
S-003834,C-0057,2025-12-07,CN01,W-02,30
S-003835,C-0063,2025-12-07,HV01,W-03,45
S-003836,C-0070,2025-12-07,TR02,W-01,15
S-003837,C-0075,2025-12-07,CO02,W-11,60
S-003838,C-0081,2025-12-07,CO02,W-11,60
S-003839,C-0083,2025-12-07,CH02,W-02,45
S-003840,C-0088,2025-12-07,TR01,W-06,30
S-003841,C-0095,2025-12-07,PH01,W-06,10
S-003842,C-0120,2025-12-07,HV01,W-03,45
S-003843,C-0143,2025-12-07,PH01,W-03,20
S-003844,C-0147,2025-12-07,IN01,W-02,45
S-003845,C-0147,2025-12-07,RF01,W-02,15
S-003846,C-0167,2025-12-07,CO01,W-12,50
S-003847,C-0186,2025-12-07,PH01,W-06,10
S-003848,C-0186,2025-12-07,CN01,W-06,10
S-003849,C-0192,2025-12-07,HV01,W-06,45
S-003850,C-0193,2025-12-07,TR02,W-01,15
S-003851,C-0228,2025-12-07,HV01,W-05,45
S-003852,C-0228,2025-12-07,FA03,W-14,45
S-003853,C-0263,2025-12-07,PH01,W-04,15
S-003854,C-0263,2025-12-07,CH02,W-06,120
S-003855,C-0264,2025-12-07,IN01,W-08,30
S-003856,C-0283,2025-12-07,CN01,W-02,10
S-003857,C-0290,2025-12-07,CO01,W-12,50
S-003858,C-0291,2025-12-07,CO01,W-12,60
S-003859,C-0300,2025-12-07,CO02,W-12,90
S-003860,C-0012,2025-12-08,TR02,W-02,15
S-003861,C-0013,2025-12-08,CN01,W-09,20
S-003862,C-0013,2025-12-08,HV01,W-01,60
S-003863,C-0028,2025-12-08,FA01,W-06,30
S-003864,C-0030,2025-12-08,TR02,W-03,45
S-003865,C-0057,2025-12-08,CN01,W-02,20
S-003866,C-0068,2025-12-08,FA02,W-13,30
S-003867,C-0078,2025-12-08,CN01,W-08,15
S-003868,C-0079,2025-12-08,CO01,W-12,90
S-003869,C-0091,2025-12-08,PH01,W-10,10
S-003870,C-0094,2025-12-08,CN01,W-06,15
S-003871,C-0104,2025-12-08,CN01,W-10,15
S-003872,C-0125,2025-12-08,ID01,W-05,20
S-003873,C-0126,2025-12-08,FA02,W-14,30
S-003874,C-0131,2025-12-08,PH01,W-09,5
S-003875,C-0133,2025-12-08,CH02,W-06,90
S-003876,C-0147,2025-12-08,PH01,W-02,20
S-003877,C-0152,2025-12-08,FA02,W-14,30
S-003878,C-0156,2025-12-08,ID01,W-05,30
S-003879,C-0170,2025-12-08,IN01,W-07,15
S-003880,C-0173,2025-12-08,HV01,W-02,90
S-003881,C-0177,2025-12-08,RF01,W-07,15
S-003882,C-0177,2025-12-08,CO02,W-12,60
S-003883,C-0188,2025-12-08,ID01,W-07,15
S-003884,C-0190,2025-12-08,CN01,W-09,30
S-003885,C-0196,2025-12-08,FA02,W-13,20
S-003886,C-0204,2025-12-08,TR02,W-04,30
S-003887,C-0208,2025-12-08,FA03,W-14,30
S-003888,C-0264,2025-12-08,CO02,W-11,90
S-003889,C-0275,2025-12-08,CH02,W-05,120
S-003890,C-0275,2025-12-08,TR02,W-06,30
S-003891,C-0278,2025-12-08,CN01,W-02,15
S-003892,C-0279,2025-12-08,TR02,W-03,45
S-003893,C-0284,2025-12-08,RF01 ,W-08,10
S-003894,C-0012,2025-12-09,CH02,W-05,120
S-003895,C-0013,2025-12-09,FA02 ,W-14,30
S-003896,C-0031,2025-12-09,CH02,W-04,90
S-003897,C-0040,2025-12-09,CN01 ,W-02,15
S-003898,C-0048,2025-12-09,CN01,W-02,15
S-003899,C-0061,2025-12-09,CO02,W-11,90
S-003900,C-0066,2025-12-09,IN01,W-05,30
S-003901,C-0075,2025-12-09,CH02,W-06,45
S-003902,C-0079,2025-12-09,HV01,W-04,120
S-003903,C-0083,2025-12-09,PH01,W-09,20
S-003904,C-0095,2025-12-09,PH01,W-06,15
S-003905,C-0095,2025-12-09,ID01,W-06,30
S-003906,C-0110,2025-12-09,PH01,W-02,15
S-003907,C-0129,2025-12-09,CN01,W-04,10
S-003908,C-0129,2025-12-09,PH01,W-04,20
S-003909,C-0129,2025-12-09,CO01,W-12,90
S-003910,C-0131,2025-12-09,CO01,W-12,60
S-003911,C-0131,2025-12-09,CO01,W-11,50
S-003912,C-0133,2025-12-09,CN01,W-09,30
S-003913,C-0136,2025-12-09,fa03,W-13,15
S-003914,C-0151,2025-12-09,hv01,W-06,90
S-003915,C-0153,2025-12-09,PH01,W-05,10
S-003916,C-0160,2025-12-09,FA01,W-05,15
S-003917,C-0172,2025-12-09,HV01,W-04,60
S-003918,C-0187,2025-12-09,fa02,W-13,45
S-003919,C-0192,2025-12-09,FA02,W-13,45
S-003920,C-0197,2025-12-09,CO01,W-11,60
S-003921,C-0207,2025-12-09,HV01,W-03,90
S-003922,C-0207,2025-12-09,CN01,W-10,20
S-003923,C-0212,2025-12-09,TR01 ,W-04,15
S-003924,C-0238,2025-12-09,ID01,W-03,20
S-003925,C-0241,2025-12-09,CH02,W-01,90
S-003926,C-0241,2025-12-09,TR01,W-04,30
S-003927,C-0247,2025-12-09,PH01,W-03,20
S-003928,C-0256,2025-12-09,CO01,W-11,50
S-003929,C-0276,2025-12-09,IN01,W-05,20
S-003930,C-0278,2025-12-09,CN01,W-02,20
S-003931,C-0279,2025-12-09,TR01,W-03,20
S-003932,C-0300,2025-12-09,TR02,W-05,45
S-003933,C-0012,2025-12-10,CO01,W-12,50
S-003934,C-0013,2025-12-10,HV01,W-04,60
S-003935,C-0024,2025-12-10,FA01,W-08,30
S-003936,C-0027,2025-12-10,CH02,W-04,90
S-003937,C-0030,2025-12-10,CN01,W-03,30
S-003938,C-0044,2025-12-10,CN01,W-03,20
S-003939,C-0048,2025-12-10,CN01,W-02,30
S-003940,C-0065,2025-12-10,ID01,W-02,20
S-003941,C-0070,2025-12-10,FA02,W-14,15
S-003942,C-0080,2025-12-10,CO01,W-12,50
S-003943,C-0088,2025-12-10,CH02,W-01,120
S-003944,C-0110,2025-12-10,CH02,W-02,120
S-003945,C-0129,2025-12-10,IN01,W-04,30
S-003946,C-0133,2025-12-10,CN01,W-09,20
S-003947,C-0147,2025-12-10,CN01,W-02,15
S-003948,C-0153,2025-12-10,RF01,W-05,20
S-003949,C-0179,2025-12-10,CH02,W-06,45
S-003950,C-0188,2025-12-10,CN01,W-07,20
S-003951,C-0196,2025-12-10,FA01,W-05,30
S-003952,C-0204,2025-12-10,RF01,W-04,15
S-003953,C-0205,2025-12-10,CO01,W-12,60
S-003954,C-0223,2025-12-10,CO01,W-11,60
S-003955,C-0228,2025-12-10,FA01,W-02,45
S-003956,C-0228,2025-12-10,TR01,W-02,20
S-003957,C-0249,2025-12-10,CH02,W-05,45
S-003958,C-0258,2025-12-10,RF01,W-04,20
S-003959,C-0263,2025-12-10,HV01,W-06,45
S-003960,C-0264,2025-12-10,HV01,W-06,45
S-003961,C-0278,2025-12-10,RF01,W-02,15
S-003962,C-0016,2025-12-11,FA01,W-09,20
S-003963,C-0018,2025-12-11,CN01,W-05,20
S-003964,C-0063,2025-12-11,TR01,W-06,45
S-003965,C-0068,2025-12-11,IN01,W-01,45
S-003966,C-0070,2025-12-11,PH01,W-01,15
S-003967,C-0083,2025-12-11,PH01,W-09,20
S-003968,C-0095,2025-12-11,HV01,W-03,45
S-003969,C-0095,2025-12-11,PH01,W-06,10
S-003970,C-0113,2025-12-11,CN01,W-07,30
S-003971,C-0114,2025-12-11,CO02,W-11,50
S-003972,C-0134,2025-12-11,HV01,W-04,120
S-003973,C-0147,2025-12-11,TR02,W-02,15
S-003974,C-0147,2025-12-11,RF01,W-02,10
S-003975,C-0151,2025-12-11,CH02,W-03,45
S-003976,C-0152,2025-12-11,TR01,W-08,30
S-003977,C-0153,2025-12-11,CN01,W-05,20
S-003978,C-0173,2025-12-11,CN01,W-04,20
S-003979,C-0187,2025-12-11,RF01,W-06,10
S-003980,C-0191,2025-12-11,CH02,W-05,120
S-003981,C-0196,2025-12-11,FA03,W-14,45
S-003982,C-0205,2025-12-11,FA02,W-14,15
S-003983,C-0207,2025-12-11,CN01,W-10,20
S-003984,C-0210,2025-12-11,FA02,W-13,45
S-003985,C-0219,2025-12-11,CH02,W-05,120
S-003986,C-0219,2025-12-11,TR01,W-04,30
S-003987,C-0238,2025-12-11,CN01,W-03,20
S-003988,C-0245,2025-12-11,TR02,W-03,20
S-003989,C-0258,2025-12-11,TR02,W-04,20
S-003990,C-0279,2025-12-11,PH01,W-03,10
S-003991,C-0027,2025-12-12,hv01,W-02,45
S-003992,C-0028,2025-12-12,IN01,W-06,15
S-003993,C-0031,2025-12-12,CH02,W-04,60
S-003994,C-0044,2025-12-12,FA01,W-03,15
S-003995,C-0065,2025-12-12,FA01,W-02,30
S-003996,C-0066,2025-12-12,IN01,W-05,45
S-003997,C-0081,2025-12-12,FA01,W-08,30
S-003998,C-0102,2025-12-12,HV01,W-02,120
S-003999,C-0121,2025-12-12,CO01 ,W-11,90
S-004000,C-0125,2025-12-12,TR01,W-05,20
S-004001,C-0136,2025-12-12,CN01,W-09,30
S-004002,C-0143,2025-12-12,FA03,W-14,15
S-004003,C-0147,2025-12-12,CN01,W-02,30
S-004004,C-0185,2025-12-12,PH01,W-10,20
S-004005,C-0191,2025-12-12,PH01,W-05,10
S-004006,C-0192,2025-12-12,PH01,W-10,20
S-004007,C-0204,2025-12-12,co01,W-12,90
S-004008,C-0205,2025-12-12,TR02,W-04,15
S-004009,C-0208,2025-12-12,CH02,W-01,45
S-004010,C-0210,2025-12-12,HV01,W-06,45
S-004011,C-0223,2025-12-12,CO02,W-12,60
S-004012,C-0223,2025-12-12,PH01,W-06,20
S-004013,C-0227,2025-12-12,TR01,W-08,15
S-004014,C-0228,2025-12-12,ID01,W-02,15
S-004015,C-0229,2025-12-12,CN01,W-02,20
S-004016,C-0278,2025-12-12,RF01,W-02,20
S-004017,C-0008,2025-12-13,CO01,W-12,90
S-004018,C-0014,2025-12-13,TR01,W-09,45
S-004019,C-0027,2025-12-13,CH02,W-06,45
S-004020,C-0027,2025-12-13,CN01,W-01,10
S-004021,C-0030,2025-12-13,CN01,W-03,30
S-004022,C-0048,2025-12-13,PH01,W-02,20
S-004023,C-0050,2025-12-13,TR02,W-06,30
S-004024,C-0061,2025-12-13,PH01,W-06,10
S-004025,C-0094,2025-12-13, hv01  ,W-05,120
S-004026,C-0126,2025-12-13,FA03 ,W-14,20
S-004027,C-0133,2025-12-13,FA02,W-13,30
S-004028,C-0147,2025-12-13,HV01,W-02,120
S-004029,C-0153,2025-12-13,FA02,W-13,45
S-004030,C-0176,2025-12-13,CH02,W-02,90
S-004031,C-0178,2025-12-13,CO02,W-11,50
S-004032,C-0186,2025-12-13,CN01,W-06,15
S-004033,C-0187,2025-12-13,CN01,W-06,10
S-004034,C-0191,2025-12-13,CN01,W-05,15
S-004035,C-0192,2025-12-13,HV01,W-06,60
S-004036,C-0196,2025-12-13,CN01,W-05,10
S-004037,C-0196,2025-12-13,CO01,W-11,50
S-004038,C-0205,2025-12-13,TR01,W-04,30
S-004039,C-0207,2025-12-13,CN01,W-10,10
S-004040,C-0210,2025-12-13,FA03 ,W-14,15
S-004041,C-0217,2025-12-13,CH02,W-05,120
S-004042,C-0241,2025-12-13,IN01,W-04,30
S-004043,C-0255,2025-12-13,RF01,W-03,15
S-004044,C-0263,2025-12-13,CO01,W-11,90
S-004045,C-0275,2025-12-13,CN01,W-06,20
S-004046,C-0287,2025-12-13,CO01,W-12,60
S-004047,C-0037,2025-12-14,CO01,W-12,90
S-004047,C-0037,2025-12-14,CO01,W-12,90
S-004048,C-0037,2025-12-14,FA01,W-02,30
S-004049,C-0068,2025-12-14,CN01,W-01,30
S-004050,C-0079,2025-12-14,CN01,W-06,20
S-004051,C-0079,2025-12-14,CH02,W-05,45
S-004052,C-0094,2025-12-14,CN01,W-06,20
S-004053,C-0104,2025-12-14,PH01,W-10,15
S-004054,C-0143,2025-12-14,PH01,W-03,10
S-004055,C-0147,2025-12-14,PH01,W-02,20
S-004056,C-0152,2025-12-14,ID01,W-08,45
S-004057,C-0153,2025-12-14,CN01 ,W-05,30
S-004058,C-0156,2025-12-14,RF01,W-05,30
S-004059,C-0170,2025-12-14,CO01,W-12,60
S-004060,C-0191,2025-12-14,HV01,W-02,60
S-004061,C-0191,2025-12-14,CO02,W-12,50
S-004062,C-0193,2025-12-14,TR02,W-01,20
S-004063,C-0197,2025-12-14,PH01,W-01,15
S-004064,C-0219,2025-12-14,CH02,W-04,60
S-004065,C-0256,2025-12-14,CN01,W-03,30
S-004066,C-0256,2025-12-14,HV01,W-01,45
S-004067,C-0275,2025-12-14,PH01,W-06,10
S-004068,C-0276,2025-12-14,CN01,W-05,15
S-004069,C-0278,2025-12-14,CN01,W-02,30
S-004070,C-0283,2025-12-14,HV01,W-04,120
S-004071,C-0290,2025-12-14,FA01,W-04,30
S-004072,C-0298,2025-12-14,CH02,W-04,45
S-004072,C-0298,2025-12-14,CH02,W-04,45
S-004073,C-0016,2025-12-15,PH01,W-09,10
S-004074,C-0017,2025-12-15,RF01,W-09,20
S-004075,C-0035,2025-12-15,CO01,W-12,90
S-004076,C-0035,2025-12-15,TR02,W-03,15
S-004077,C-0035,2025-12-15,tr02,W-03,45
S-004078,C-0037,2025-12-15,CO02,W-11,50
S-004079,C-0041,2025-12-15,PH01,W-05,5
S-004080,C-0046,2025-12-15,HV01,W-06,120
S-004081,C-0050,2025-12-15,RF01,W-06,10
S-004082,C-0057,2025-12-15,HV01,W-04,60
S-004083,C-0057,2025-12-15,CN01,W-02,20
S-004084,C-0066,2025-12-15,FA02,W-13,30
S-004085,C-0070,2025-12-15,TR02 ,W-01,45
S-004086,C-0074,2025-12-15,PH01,W-02,15
S-004087,C-0079,2025-12-15,CO02,W-11,60
S-004088,C-0079,2025-12-15,CO01,W-11,90
S-004089,C-0102,2025-12-15,IN01,W-05,30
S-004090,C-0110,2025-12-15,CN01,W-02,15
S-004091,C-0114,2025-12-15,FA03,W-14,45
S-004092,C-0152,2025-12-15,FA02,W-13,20
S-004093,C-0153,2025-12-15,PH01,W-05,15
S-004094,C-0160,2025-12-15,CO02,W-11,60
S-004095,C-0163,2025-12-15,CN01,W-01,15
S-004096,C-0167,2025-12-15,CN01,W-09,30
S-004097,C-0177,2025-12-15,CN01,W-07,20
S-004098,C-0187,2025-12-15,FA01,W-06,15
S-004099,C-0188,2025-12-15,PH01,W-07,10
S-004100,C-0191,2025-12-15,CN01,W-05,20
S-004101,C-0192,2025-12-15,HV01,W-01,90
S-004102,C-0193,2025-12-15,co01,W-11,60
S-004103,C-0210,2025-12-15,HV01,W-03,120
S-004104,C-0223,2025-12-15,HV01,W-06,60
S-004105,C-0227,2025-12-15,HV01,W-01,90
S-004106,C-0228,2025-12-15,FA01,W-02,45
S-004107,C-0235,2025-12-15,CN01,W-09,20
S-004108,C-0278,2025-12-15,CH02,W-04,120
S-004109,C-0279,2025-12-15,FA01,W-03,30
S-004110,C-0283,2025-12-15,TR02,W-02,30
S-004111,C-0030,2025-12-16,CH02,W-04,90
S-004112,C-0075,2025-12-16,TR01,W-02,20
S-004113,C-0079,2025-12-16,PH01,W-06,5
S-004114,C-0079,2025-12-16,PH01,W-06,20
S-004115,C-0095,2025-12-16,TR01,W-06,20
S-004116,C-0129,2025-12-16,CH02,W-01,60
S-004117,C-0153,2025-12-16,PH01,W-05,15
S-004118,C-0186,2025-12-16,RF01,W-06,20
S-004119,C-0188,2025-12-16,CN01,W-07,15
S-004120,C-0196,2025-12-16,CN01,W-05,15
S-004121,C-0215,2025-12-16,TR02,W-07,15
S-004122,C-0215,2025-12-16,CN01,W-07,30
S-004123,C-0223,2025-12-16,CN01,W-06,10
S-004124,C-0229,2025-12-16,CH02,W-01,60
S-004125,C-0241,2025-12-16,CH02,W-03,45
S-004126,C-0241,2025-12-16,CN01,W-04,15
S-004127,C-0246,2025-12-16,CO01,W-12,50
S-004128,C-0252,2025-12-16,CN01,W-04,30
S-004129,C-0255,2025-12-16,TR02,W-03,45
S-004130,C-0255,2025-12-16,CN01,W-03,10
S-004131,C-0256,2025-12-16,CN01,W-03,10
S-004132,C-0256,2025-12-16,HV01,W-05,60
S-004133,C-0256,2025-12-16,CO01,W-12,60
S-004134,C-0275,2025-12-16,FA03,W-13,45
S-004135,C-0287,2025-12-16,RF01,W-06,30
S-004136,C-0292,2025-12-16,PH01,W-07,5
S-004137,C-0014,2025-12-17,HV01,W-03,90
S-004138,C-0017,2025-12-17,IN01,W-09,30
S-004139,C-0018,2025-12-17,CN01,W-05,10
S-004140,C-0035,2025-12-17,HV01,W-02,90
S-004141,C-0036,2025-12-17,FA03,W-13,15
S-004142,C-0036,2025-12-17,CH02,W-05,120
S-004143,C-0057,2025-12-17,CN01,W-02,30
S-004144,C-0062,2025-12-17,HV01,W-06,90
S-004145,C-0065,2025-12-17,CO01,W-12,90
S-004146,C-0068,2025-12-17,ID01,W-01,30
S-004147,C-0075,2025-12-17,CN01,W-02,10
S-004148,C-0083,2025-12-17,HV01,W-01,120
S-004149,C-0102,2025-12-17,CN01,W-05,30
S-004150,C-0110,2025-12-17,CH02,W-02,45
S-004151,C-0136,2025-12-17,CH02,W-01,60
S-004152,C-0160,2025-12-17,CO01,W-12,60
S-004153,C-0172,2025-12-17,FA03,W-14,45
S-004154,C-0191,2025-12-17,ID01,W-05,15
S-004155,C-0207,2025-12-17,ID01,W-10,30
S-004156,C-0207,2025-12-17,FA03,W-14,15
S-004157,C-0212,2025-12-17,CN01,W-04,30
S-004158,C-0215,2025-12-17,TR01,W-07,15
S-004159,C-0215,2025-12-17,FA01,W-07,30
S-004160,C-0229,2025-12-17,FA01,W-02,15
S-004161,C-0229,2025-12-17,PH01,W-02,20
S-004162,C-0275,2025-12-17,ID01,W-06,45
S-004163,C-0287,2025-12-17,CO01 ,W-11,50
S-004164,C-0290,2025-12-17,FA02,W-13,15
S-004165,C-0290,2025-12-17,ph01,W-04,5
S-004166,C-0290,2025-12-17,HV01,W-06,120
S-004167,C-0291,2025-12-17,CO01,W-11,50
S-004168,C-0292,2025-12-17,CN01,W-07,10
S-004169,C-0012,2025-12-18,CN01,W-02,10
S-004170,C-0012,2025-12-18,CN01,W-02,10
S-004171,C-0028,2025-12-18,IN01 ,W-06,30
S-004172,C-0030,2025-12-18,CO01,W-11,50
S-004173,C-0036,2025-12-18,FA03,W-13,15
S-004174,C-0036,2025-12-18,,W-06,120
S-004175,C-0041,2025-12-18, ph01  ,W-05,15
S-004176,C-0056,2025-12-18,PH01,W-01,15
S-004177,C-0063,2025-12-18,TR01,W-06,15
S-004178,C-0074,2025-12-18,CO01,W-11,90
S-004179,C-0075,2025-12-18,,W-02,15
S-004180,C-0079,2025-12-18,TR01,W-06,15
S-004181,C-0114,2025-12-18,TR02,W-08,45
S-004182,C-0114,2025-12-18,TR01,W-08,45
S-004183,C-0114,2025-12-18,CH02,W-04,90
S-004184,C-0125,2025-12-18,PH01,W-05,5
S-004185,C-0131,2025-12-18,TR01,W-09,15
S-004186,C-0147,2025-12-18,PH01,W-02,20
S-004187,C-0167,2025-12-18,ch02,W-02,45
S-004188,C-0168,2025-12-18,CN01,W-04,15
S-004189,C-0185,2025-12-18,CN01,W-10,20
S-004190,C-0186,2025-12-18,CN01,W-06,30
S-004191,C-0188,2025-12-18, ph01  ,W-07,5
S-004192,C-0190,2025-12-18,CN01,W-09,30
S-004193,C-0194,2025-12-18,CH02 ,W-02,90
S-004194,C-0200,2025-12-18,FA01,W-04,30
S-004195,C-0205,2025-12-18,PH01,W-04,15
S-004196,C-0215,2025-12-18,CN01,W-07,10
S-004197,C-0228,2025-12-18,CN01,W-02,10
S-004198,C-0246,2025-12-18,CN01,W-10,30
S-004199,C-0249,2025-12-18,PH01,W-02,10
S-004200,C-0265,2025-12-18,CO01,W-12,50
S-004201,C-0291,2025-12-18,CN01,W-03,20
S-004202,C-0299,2025-12-18,FA01,W-08,45
S-004203,C-0013,2025-12-19,CN01,W-09,15
S-004204,C-0016,2025-12-19,FA01,W-09,45
S-004205,C-0036,2025-12-19,TR02,W-09,15
S-004206,C-0047,2025-12-19,FA01,W-07,20
S-004207,C-0061,2025-12-19,ID01,W-06,20
S-004208,C-0065,2025-12-19,TR01,W-02,30
S-004209,C-0068,2025-12-19,FA01,W-01,15
S-004210,C-0074,2025-12-19,CO02,W-12,50
S-004211,C-0091,2025-12-19,PH01,W-10,15
S-004212,C-0094,2025-12-19,PH01,W-06,10
S-004213,C-0101,2025-12-19,CO01,W-12,60
S-004214,C-0102,2025-12-19,CO01,W-12,60
S-004215,C-0102,2025-12-19,CO02,W-11,60
S-004216,C-0104,2025-12-19,FA01,W-10,30
S-004217,C-0109,2025-12-19,PH01,W-07,15
S-004218,C-0126,2025-12-19,TR02,W-02,45
S-004219,C-0129,2025-12-19,IN01,W-04,30
S-004220,C-0129,2025-12-19,FA01,W-04,20
S-004221,C-0133,2025-12-19,HV01,W-01,60
S-004222,C-0156,2025-12-19,CH02,W-05,90
S-004223,C-0180,2025-12-19,TR01,W-02,15
S-004224,C-0186,2025-12-19,PH01,W-06,5
S-004225,C-0186,2025-12-19,CO02,W-12,50
S-004226,C-0197,2025-12-19,CO02,W-11,50
S-004227,C-0197,2025-12-19,CO02,W-12,50
S-004228,C-0207,2025-12-19,TR01,W-10,30
S-004229,C-0210,2025-12-19,CH02 ,W-02,60
S-004230,C-0210,2025-12-19,CH02,W-06,45
S-004231,C-0238,2025-12-19,HV01,W-01,45
S-004232,C-0241,2025-12-19,IN01,W-04,15
S-004233,C-0241,2025-12-19,tr01,W-04,45
S-004234,C-0246,2025-12-19,CH02,W-04,90
S-004235,C-0249,2025-12-19,HV01,W-02,60
S-004236,C-0264,2025-12-19,FA02,W-14,20
S-004237,C-0275,2025-12-19,PH01,W-06,5
S-004238,C-0276,2025-12-19,CN01,W-05,20
S-004239,C-0279,2025-12-19,CH02,W-05,120
S-004240,C-0287,2025-12-19,FA01,W-06,20
S-004241,C-0291,2025-12-19,CN01,W-03,10
S-004242,C-0298,2025-12-19,HV01,W-05,90
S-004243,C-0024,2025-12-20,RF01,W-08,30
S-004244,C-0027,2025-12-20,CO02,W-11,60
S-004245,C-0028,2025-12-20,FA01,W-06,15
S-004246,C-0036,2025-12-20,RF01 ,W-09,10
S-004247,C-0037,2025-12-20,CO01,W-12,50
S-004248,C-0047,2025-12-20,HV01,W-02,90
S-004249,C-0104,2025-12-20,IN01,W-10,20
S-004250,C-0109,2025-12-20,IN01,W-07,45
S-004251,C-0129,2025-12-20,CN01,W-04,10
S-004252,C-0131,2025-12-20,PH01,W-09,10
S-004253,C-0131,2025-12-20,CN01,W-09,15
S-004254,C-0138,2025-12-20,CN01,W-04,15
S-004255,C-0144,2025-12-20,CN01,W-05,10
S-004256,C-0147,2025-12-20,ID01,W-02,15
S-004257,C-0153,2025-12-20,PH01,W-05,20
S-004258,C-0153,2025-12-20,FA01,W-05,15
S-004259,C-0153,2025-12-20,FA03,W-13,30
S-004260,C-0156,2025-12-20,ID01,W-05,20
S-004261,C-0186,2025-12-20,PH01,W-06,20
S-004262,C-0190,2025-12-20,HV01,W-01,45
S-004263,C-0202,2025-12-20,PH01,W-02,20
S-004264,C-0210,2025-12-20,FA02,W-14,45
S-004265,C-0219,2025-12-20,RF01,W-04,10
S-004266,C-0235,2025-12-20,TR02,W-09,45
S-004267,C-0256,2025-12-20,CN01,W-03,30
S-004268,C-0279,2025-12-20,PH01,W-03,20
S-004269,C-0291,2025-12-20,HV01,W-02,90
S-004270,C-0012,2025-12-21,PH01,W-02,5
S-004271,C-0013,2025-12-21,PH01,W-09,20
S-004272,C-0017,2025-12-21,IN01,W-09,20
S-004273,C-0018,2025-12-21,CO01,W-11,60
S-004274,C-0035,2025-12-21,CO01,W-12,50
S-004275,C-0035,2025-12-21,TR02,W-03,20
S-004276,C-0044,2025-12-21,CO02,W-11,90
S-004277,C-0048,2025-12-21, hv01  ,W-02,120
S-004278,C-0048,2025-12-21,CN01,W-02,30
S-004279,C-0048,2025-12-21,CO01,W-11,90
S-004280,C-0070,2025-12-21,IN01,W-01,30
S-004281,C-0083,2025-12-21,CO02,W-11,90
S-004282,C-0091,2025-12-21,cn01,W-10,20
S-004283,C-0101,2025-12-21,PH01,W-01,15
S-004284,C-0102,2025-12-21,co01,W-12,50
S-004285,C-0114,2025-12-21,CN01,W-08,15
S-004286,C-0125,2025-12-21,PH01,W-05,20
S-004287,C-0138,2025-12-21,CN01,W-04,20
S-004288,C-0151,2025-12-21,RF01,W-02,20
S-004289,C-0173,2025-12-21,PH01,W-04,10
S-004290,C-0180,2025-12-21,CO01,W-12,60
S-004291,C-0187,2025-12-21,CO01,W-11,60
S-004292,C-0188,2025-12-21,PH01,W-07,5
S-004293,C-0197,2025-12-21,CN01,W-01,20
S-004294,C-0204,2025-12-21,TR01,W-04,20
S-004295,C-0205,2025-12-21,FA01,W-04,45
S-004296,C-0210,2025-12-21,CN01,W-07,20
S-004297,C-0219,2025-12-21,IN01,W-04,20
S-004298,C-0238,2025-12-21,IN01,W-03,15
S-004299,C-0246,2025-12-21,CH02,W-03,45
S-004300,C-0249,2025-12-21,FA03,W-13,45
S-004301,C-0255,2025-12-21,RF01,W-03,30
S-004302,C-0264,2025-12-21,FA02,W-13,15
S-004303,C-0275,2025-12-21,CH02,W-06,120
S-004304,C-0290,2025-12-21,CO02,W-11,90
S-004305,C-0291,2025-12-21,CN01,W-03,15
S-004306,C-0300,2025-12-21,CH02,W-06,60
S-004307,C-0026,2025-12-22,IN01,W-10,30
S-004308,C-0030,2025-12-22,TR02 ,W-03,30
S-004309,C-0036,2025-12-22,TR02,W-09,45
S-004310,C-0047,2025-12-22,CN01,W-07,30
S-004311,C-0057,2025-12-22,RF01,W-02,30
S-004312,C-0075,2025-12-22,RF01,W-02,20
S-004313,C-0091,2025-12-22,HV01,W-01,120
S-004314,C-0094,2025-12-22,CH02,W-06,45
S-004315,C-0131,2025-12-22,CO01,W-11,60
S-004316,C-0134,2025-12-22, ph01  ,W-07,15
S-004317,C-0143,2025-12-22,TR02,W-03,20
S-004318,C-0152,2025-12-22,PH01,W-08,5
S-004319,C-0176,2025-12-22,ID01,W-08,20
S-004320,C-0179,2025-12-22,hv01,W-05,120
S-004321,C-0187,2025-12-22,CO02,W-11,90
S-004322,C-0188,2025-12-22,ID01,W-07,30
S-004323,C-0194,2025-12-22,CN01,W-02,30
S-004324,C-0197,2025-12-22,CO01,W-11,60
S-004325,C-0202,2025-12-22,FA02,W-14,15
S-004326,C-0208,2025-12-22,CN01,W-09,30
S-004327,C-0252,2025-12-22,PH01,W-04,5
S-004328,C-0263,2025-12-22,CO01,W-11,60
S-004329,C-0276,2025-12-22,IN01,W-05,45
S-004330,C-0284,2025-12-22,CN01,W-08,15
S-004331,C-0018,2025-12-23,TR01,W-05,15
S-004332,C-0018,2025-12-23,ID01,W-05,30
S-004333,C-0024,2025-12-23,FA01 ,W-08,20
S-004334,C-0031,2025-12-23,CH02,W-01,90
S-004335,C-0037,2025-12-23,CH02,W-05,60
S-004336,C-0065,2025-12-23,PH01,W-02,15
S-004336,C-0065,2025-12-23,PH01,W-02,15
S-004337,C-0091,2025-12-23,HV01,W-03,120
S-004338,C-0093,2025-12-23,FA02,W-13,20
S-004339,C-0102,2025-12-23,CO01,W-12,50
S-004340,C-0104,2025-12-23,FA01,W-10,30
S-004341,C-0104,2025-12-23,TR02,W-10,45
S-004342,C-0110,2025-12-23,FA03,W-13,20
S-004343,C-0136,2025-12-23,CN01,W-09,15
S-004344,C-0164,2025-12-23,CN01,W-09,15
S-004345,C-0208,2025-12-23,CN01,W-09,15
S-004346,C-0212,2025-12-23,FA02,W-14,15
S-004347,C-0214,2025-12-23,FA02,W-14,30
S-004348,C-0215,2025-12-23,CO02,W-12,60
S-004349,C-0229,2025-12-23,HV01 ,W-03,60
S-004350,C-0255,2025-12-23,TR02,W-03,45
S-004351,C-0256,2025-12-23,RF01 ,W-03,20
S-004352,C-0265,2025-12-23,CO02,W-11,90
S-004353,C-0278,2025-12-23,HV01,W-04,45
S-004354,C-0291,2025-12-23,PH01,W-03,10
S-004355,C-0291,2025-12-23,RF01,W-03,30
S-004356,C-0016,2025-12-24,TR02,W-09,15
S-004357,C-0065,2025-12-24,PH01,W-02,20
S-004358,C-0075,2025-12-24,CO01,W-12,50
S-004359,C-0088,2025-12-24,PH01,W-06,10
S-004360,C-0091,2025-12-24,CN01,W-10,30
S-004361,C-0091,2025-12-24,CH02,W-04,45
S-004362,C-0109,2025-12-24,IN01,W-07,20
S-004363,C-0121,2025-12-24,FA01,W-05,30
S-004364,C-0125,2025-12-24,FA01,W-05,30
S-004365,C-0134,2025-12-24,PH01,W-07,20
S-004366,C-0144,2025-12-24,CN01,W-05,20
S-004367,C-0147,2025-12-24,IN01,W-02,20
S-004368,C-0156,2025-12-24,PH01,W-05,20
S-004369,C-0164,2025-12-24,PH01,W-09,15
S-004370,C-0176,2025-12-24,PH01,W-08,20
S-004371,C-0180,2025-12-24, co02  ,W-12,50
S-004372,C-0188,2025-12-24,IN01,W-07,20
S-004373,C-0204,2025-12-24,FA03,W-13,15
S-004374,C-0207,2025-12-24,PH01,W-10,10
S-004375,C-0208,2025-12-24,FA01,W-09,20
S-004376,C-0219,2025-12-24,CN01,W-04,20
S-004377,C-0227,2025-12-24,CN01,W-08,15
S-004378,C-0227,2025-12-24,CN01,W-08,30
S-004379,C-0229,2025-12-24,PH01,W-02,5
S-004380,C-0229,2025-12-24,TR01,W-02,30
S-004381,C-0238,2025-12-24,TR01,W-03,30
S-004382,C-0252,2025-12-24,CH02,W-04,45
S-004383,C-0298,2025-12-24,FA02,W-13,15
S-004384,C-0012,2025-12-25,HV01,W-04,45
S-004385,C-0017,2025-12-25,CN01,W-09,15
S-004386,C-0062,2025-12-25,CN01,W-10,30
S-004387,C-0063,2025-12-25,CN01,W-06,15
S-004388,C-0070,2025-12-25,PH01,W-01,20
S-004389,C-0070,2025-12-25,PH01,W-01,20
S-004390,C-0074,2025-12-25,CO02,W-12,50
S-004391,C-0092,2025-12-25,PH01,W-05,15
S-004392,C-0110,2025-12-25,CH02,W-06,45
S-004393,C-0125,2025-12-25,HV01,W-06,120
S-004394,C-0134,2025-12-25,ID01,W-07,20
S-004395,C-0143,2025-12-25,CN01,W-03,10
S-004396,C-0162,2025-12-25,HV01,W-05,45
S-004397,C-0167,2025-12-25,CO01,W-11,90
S-004398,C-0179,2025-12-25,CH02,W-01,60
S-004399,C-0190,2025-12-25,CH02,W-01,45
S-004400,C-0193,2025-12-25,CO02,W-12,60
S-004401,C-0196,2025-12-25,PH01,W-05,5
S-004402,C-0214,2025-12-25,CH02,W-01,90
S-004403,C-0228,2025-12-25,HV01,W-05,120
S-004404,C-0229,2025-12-25,RF01,W-02,20
S-004405,C-0229,2025-12-25,CO02 ,W-12,90
S-004406,C-0229,2025-12-25,PH01,W-02,5
S-004407,C-0238,2025-12-25,CO02,W-12,50
S-004407,C-0238,2025-12-25,CO02,W-12,50
S-004408,C-0292,2025-12-25,CH02,W-02,45
S-004409,C-0018,2025-12-26,RF01,W-05,30
S-004410,C-0026,2025-12-26,FA01,W-10,20
S-004411,C-0063,2025-12-26,ID01,W-06,45
S-004412,C-0079,2025-12-26,CN01,W-06,10
S-004413,C-0088,2025-12-26,HV01,W-06,120
S-004414,C-0092,2025-12-26,CO02,W-11,90
S-004415,C-0094,2025-12-26,RF01,W-06,10
S-004416,C-0094,2025-12-26,IN01,W-06,15
S-004417,C-0095,2025-12-26,IN01,W-06,15
S-004418,C-0102,2025-12-26,CN01,W-05,10
S-004419,C-0119,2025-12-26,CN01,W-03,15
S-004420,C-0125,2025-12-26,CO01,W-11,60
S-004421,C-0133,2025-12-26,CN01,W-09,10
S-004422,C-0164,2025-12-26,PH01,W-09,10
S-004423,C-0164,2025-12-26,CO01,W-11,60
S-004424,C-0178,2025-12-26,HV01,W-04,90
S-004425,C-0191,2025-12-26,HV01,W-06,45
S-004426,C-0245,2025-12-26,PH01,W-03,15
S-004427,C-0245,2025-12-26,CN01,W-03,10
S-004427,C-0245,2025-12-26,CN01,W-03,10
S-004428,C-0252,2025-12-26,FA03,W-14,15
S-004429,C-0252,2025-12-26,CN01,W-04,20
S-004430,C-0256,2025-12-26,CO02 ,W-11,60
S-004431,C-0263,2025-12-26,HV01,W-01,60
S-004432,C-0276,2025-12-26,HV01,W-02,60
S-004433,C-0279,2025-12-26, ph01  ,W-03,15
S-004434,C-0283,2025-12-26,FA01,W-02,30
S-004435,C-0294,2025-12-26,CN01,W-03,10
S-004436,C-0294,2025-12-26,TR02,W-03,45
S-004437,C-0012,2025-12-27,ID01,W-02,15
S-004438,C-0014,2025-12-27,CN01,W-09,10
S-004439,C-0018,2025-12-27,TR02,W-05,30
S-004440,C-0028,2025-12-27,CH02,W-01,60
S-004441,C-0050,2025-12-27,TR01,W-06,20
S-004442,C-0061,2025-12-27,FA01,W-06,20
S-004443,C-0063,2025-12-27,RF01,W-06,20
S-004444,C-0074,2025-12-27,CO01,W-11,50
S-004445,C-0093,2025-12-27,RF01,W-08,15
S-004446,C-0102,2025-12-27,CN01,W-05,20
S-004447,C-0102,2025-12-27,PH01,W-05,15
S-004448,C-0133,2025-12-27,ID01,W-09,20
S-004449,C-0138,2025-12-27,CN01,W-04,15
S-004450,C-0151,2025-12-27,PH01,W-02,20
S-004451,C-0153,2025-12-27,TR02,W-05,45
S-004452,C-0156,2025-12-27,IN01,W-05,30
S-004453,C-0168,2025-12-27,CN01,W-04,20
S-004454,C-0180,2025-12-27,ID01,W-02,45
S-004455,C-0186,2025-12-27,IN01,W-06,45
S-004456,C-0190,2025-12-27,PH01,W-09,20
S-004457,C-0191,2025-12-27,FA01,W-05,30
S-004458,C-0204,2025-12-27,PH01,W-04,10
S-004459,C-0207,2025-12-27,TR02,W-10,15
S-004460,C-0208,2025-12-27,FA02,W-14,15
S-004461,C-0212,2025-12-27,PH01,W-04,20
S-004462,C-0212,2025-12-27,IN01,W-04,45
S-004463,C-0212,2025-12-27,HV01,W-02,45
S-004464,C-0219,2025-12-27,IN01,W-04,20
S-004465,C-0228,2025-12-27,PH01,W-02,15
S-004466,C-0241,2025-12-27,ID01,W-04,30
S-004467,C-0245,2025-12-27,IN01,W-03,30
S-004468,C-0245,2025-12-27,ID01,W-03,20
S-004469,C-0263,2025-12-27,CH02,W-01,45
S-004470,C-0278,2025-12-27,RF01,W-02,10
S-004471,C-0291,2025-12-27,CN01,W-03,30
S-004472,C-0298,2025-12-27,FA03,W-13,15
S-004473,C-0012,2025-12-28,CO02,W-11,60
S-004474,C-0017,2025-12-28,ID01,W-09,15
S-004475,C-0026,2025-12-28,PH01,W-10,5
S-004476,C-0026,2025-12-28,FA02 ,W-14,20
S-004477,C-0028,2025-12-28,CN01,W-06,20
S-004478,C-0030,2025-12-28,HV01,W-06,60
S-004479,C-0035,2025-12-28,PH01,W-03,5
S-004480,C-0041,2025-12-28,CN01,W-05,30
S-004481,C-0046,2025-12-28,CN01,W-06,20
S-004482,C-0048,2025-12-28,FA02,W-13,15
S-004483,C-0050,2025-12-28,IN01,W-06,15
S-004484,C-0063,2025-12-28,FA01,W-06,45
S-004485,C-0063,2025-12-28,TR01,W-06,45
S-004486,C-0065,2025-12-28,hv01,W-01,90
S-004487,C-0065,2025-12-28,HV01 ,W-01,90
S-004488,C-0088,2025-12-28,PH01,W-06,5
S-004489,C-0092,2025-12-28,tr02,W-05,30
S-004490,C-0109,2025-12-28,FA02,W-14,45
S-004491,C-0114,2025-12-28,TR01,W-08,15
S-004492,C-0131,2025-12-28,PH01,W-09,5
S-004493,C-0160,2025-12-28,TR01,W-05,45
S-004494,C-0173,2025-12-28,id01,W-04,30
S-004495,C-0180,2025-12-28,FA01,W-02,20
S-004496,C-0185,2025-12-28,TR01,W-10,45
S-004497,C-0196,2025-12-28,PH01,W-05,5
S-004498,C-0205,2025-12-28,RF01,W-04,30
S-004499,C-0207,2025-12-28,PH01,W-10,10
S-004500,C-0210,2025-12-28,PH01,W-07,20
S-004501,C-0246,2025-12-28,HV01,W-01,45
S-004502,C-0255,2025-12-28,RF01,W-03,20
S-004503,C-0012,2025-12-29,CN01,W-02,15
S-004504,C-0037,2025-12-29,TR01 ,W-02,30
S-004505,C-0057,2025-12-29,TR02,W-02,15
S-004506,C-0072,2025-12-29,PH01,W-02,15
S-004507,C-0074,2025-12-29,CO01,W-11,60
S-004508,C-0088,2025-12-29,CH02,W-05,90
S-004509,C-0091,2025-12-29,FA01,W-10,20
S-004510,C-0094,2025-12-29,TR02,W-06,15
S-004511,C-0113,2025-12-29,FA01,W-07,20
S-004512,C-0113,2025-12-29,ID01 ,W-07,45
S-004513,C-0119,2025-12-29,PH01,W-03,15
S-004514,C-0121,2025-12-29,CN01,W-05,15
S-004515,C-0125,2025-12-29,CN01,W-05,10
S-004516,C-0133,2025-12-29,RF01,W-09,30
S-004517,C-0143,2025-12-29,PH01,W-03,15
S-004518,C-0160,2025-12-29,FA02,W-14,30
S-004519,C-0164,2025-12-29,HV01,W-02,60
S-004520,C-0177,2025-12-29,FA01,W-07,15
S-004521,C-0186,2025-12-29,PH01,W-06,15
S-004522,C-0191,2025-12-29,PH01,W-05,15
S-004523,C-0208,2025-12-29,PH01,W-09,10
S-004524,C-0217,2025-12-29,HV01,W-06,45
S-004525,C-0256,2025-12-29,CN01,W-03,15
S-004526,C-0263,2025-12-29,IN01 ,W-04,30
S-004527,C-0279,2025-12-29,RF01,W-03,30
S-004528,C-0279,2025-12-29,ID01,W-03,20
S-004529,C-0284,2025-12-29,CH02,W-04,120
S-004530,C-0284,2025-12-29,PH01,W-08,10
S-004531,C-0292,2025-12-29,CO02,W-12,50
S-004532,C-0299,2025-12-29,HV01,W-01,60
S-004533,C-0017,2025-12-30,PH01,W-09,10
S-004534,C-0031,2025-12-30,,W-02,20
S-004535,C-0037,2025-12-30,PH01,W-02,15
S-004536,C-0062,2025-12-30,CH02,W-02,90
S-004537,C-0066,2025-12-30,PH01,W-05,5
S-004538,C-0092,2025-12-30,hv01,W-05,60
S-004539,C-0102,2025-12-30,CO02 ,W-12,50
S-004540,C-0110,2025-12-30,FA02,W-14,45
S-004541,C-0114,2025-12-30,PH01,W-08,20
S-004542,C-0119,2025-12-30,FA02,W-14,45
S-004543,C-0121,2025-12-30,HV01 ,W-03,45
S-004544,C-0129,2025-12-30,TR01,W-04,15
S-004545,C-0129,2025-12-30,CN01,W-04,20
S-004546,C-0160,2025-12-30,HV01,W-01,120
S-004547,C-0164,2025-12-30,TR01,W-09,15
S-004548,C-0168,2025-12-30,CO02,W-11,50
S-004549,C-0177,2025-12-30,PH01,W-07,10
S-004550,C-0205,2025-12-30,CN01,W-04,10
S-004551,C-0210,2025-12-30,HV01,W-01,60
S-004552,C-0210,2025-12-30,TR02 ,W-07,45
S-004553,C-0217,2025-12-30,PH01,W-01,15
S-004554,C-0217,2025-12-30,FA01,W-01,20
S-004555,C-0245,2025-12-30,CN01,W-03,15
S-004556,C-0294,2025-12-30,CN01,W-03,30
S-004557,C-0299,2025-12-30,PH01,W-08,15
S-004558,C-0001,2025-12-31,TR02,W-04,30
S-004559,C-0008,2025-12-31,ID01,W-09,20
S-004560,C-0016,2025-12-31,PH01,W-09,5
S-004561,C-0030,2025-12-31,CO01,W-11,50
S-004562,C-0030,2025-12-31,TR01,W-03,20
S-004563,C-0031,2025-12-31,CH02,W-02,60
S-004564,C-0044,2025-12-31,HV01,W-06,45
S-004565,C-0056,2025-12-31,PH01,W-01,5
S-004566,C-0056,2025-12-31,CO02,W-12,90
S-004567,C-0057,2025-12-31,ID01,W-02,30
S-004568,C-0070,2025-12-31,CH02,W-02,60
S-004569,C-0070,2025-12-31,CO01,W-12,50
S-004570,C-0070,2025-12-31,FA03,W-13,20
S-004571,C-0088,2025-12-31,HV01,W-02,90
S-004572,C-0091,2025-12-31,TR01,W-10,30
S-004573,C-0092,2025-12-31,CO01,W-12,50
S-004574,C-0102,2025-12-31,CO01,W-12,90
S-004575,C-0114,2025-12-31,TR01,W-08,30
S-004576,C-0131,2025-12-31,CO02,W-12,50
S-004577,C-0143,2025-12-31,FA02,W-14,15
S-004578,C-0156,2025-12-31,HV01,W-06,90
S-004579,C-0163,2025-12-31,CN01,W-01,15
S-004580,C-0167,2025-12-31,HV01,W-03,120
S-004581,C-0187,2025-12-31,RF01,W-06,20
S-004582,C-0196,2025-12-31,HV01,W-04,60
S-004583,C-0207,2025-12-31,FA02 ,W-13,20
S-004584,C-0210,2025-12-31,PH01,W-07,20
S-004585,C-0210,2025-12-31,CN01,W-07,30
S-004586,C-0219,2025-12-31,IN01 ,W-04,15
S-004587,C-0229,2025-12-31,CO02,W-12,90
S-004588,C-0229,2025-12-31,CO02,W-12,50
S-004589,C-0245,2025-12-31,HV01,W-02,90
S-004590,C-0255,2025-12-31,PH01,W-03,5
S-004591,C-0263,2025-12-31,PH01,W-04,15
S-004592,C-0263,2025-12-31,PH01,W-04,20
S-004593,C-0263,2025-12-31,CN01,W-04,15
S-004594,C-0279,2025-12-31,ID01,W-03,45
S-004595,C-0290,2025-12-31,HV01,W-02,45
S-004596,C-0300,2025-12-31,HV01,W-04,120
S-004597,C-0300,2025-12-31,CO02,W-12,60
S-004598,C-0012,2026-01-01,CN01,W-02,15
S-004599,C-0026,2026-01-01,CO01,W-12,90
S-004600,C-0035,2026-01-01,PH01,W-03,10
S-004601,C-0046,2026-01-01,CH02,W-05,90
S-004602,C-0074,2026-01-01,HV01,W-06,45
S-004603,C-0089,2026-01-01,CN01,W-06,20
S-004604,C-0110,2026-01-01,TR02,W-02,45
S-004605,C-0126,2026-01-01,HV01,W-05,90
S-004606,C-0131,2026-01-01,tr02,W-09,45
S-004607,C-0133,2026-01-01,HV01 ,W-02,60
S-004608,C-0133,2026-01-01,CO01,W-11,90
S-004609,C-0133,2026-01-01,FA03,W-13,30
S-004610,C-0133,2026-01-01,TR01,W-09,30
S-004611,C-0152,2026-01-01,CN01,W-08,20
S-004612,C-0152,2026-01-01,FA03,W-13,15
S-004613,C-0173,2026-01-01,TR01,W-04,30
S-004614,C-0173,2026-01-01,CN01,W-04,15
S-004615,C-0178,2026-01-01,FA03,W-13,20
S-004616,C-0179,2026-01-01,HV01,W-05,120
S-004617,C-0196,2026-01-01,FA02,W-13,20
S-004618,C-0197,2026-01-01,RF01,W-01,30
S-004619,C-0210,2026-01-01,PH01,W-07,10
S-004620,C-0215,2026-01-01,TR02,W-07,45
S-004621,C-0227,2026-01-01,PH01,W-08,5
S-004622,C-0229,2026-01-01,co01,W-11,90
S-004623,C-0238,2026-01-01,CN01,W-03,20
S-004624,C-0243,2026-01-01,TR02,W-03,15
S-004625,C-0256,2026-01-01,PH01,W-03,15
S-004626,C-0264,2026-01-01,RF01,W-08,10
S-004627,C-0278,2026-01-01,CN01,W-02,10
S-004628,C-0284,2026-01-01,FA01,W-08,15
S-004629,C-0294,2026-01-01,HV01 ,W-04,120
S-004630,C-0014,2026-01-02,HV01,W-03,60
S-004631,C-0026,2026-01-02,RF01,W-10,30
S-004632,C-0030,2026-01-02,CN01,W-03,20
S-004633,C-0034,2026-01-02,HV01,W-02,60
S-004634,C-0044,2026-01-02,CO01,W-11,60
S-004635,C-0047,2026-01-02,PH01,W-07,15
S-004636,C-0063,2026-01-02,PH01,W-06,15
S-004637,C-0065,2026-01-02,TR02,W-02,45
S-004638,C-0068,2026-01-02,CO01,W-12,50
S-004639,C-0068,2026-01-02,TR01,W-01,30
S-004640,C-0074,2026-01-02,CN01,W-02,30
S-004641,C-0092,2026-01-02,RF01,W-05,20
S-004642,C-0102,2026-01-02,CO01,W-12,60
S-004643,C-0104,2026-01-02,FA02,W-14,15
S-004644,C-0125,2026-01-02,PH01,W-05,5
S-004645,C-0129,2026-01-02,IN01,W-04,20
S-004646,C-0138,2026-01-02,TR02,W-04,20
S-004647,C-0162,2026-01-02, hv01  ,W-03,90
S-004648,C-0162,2026-01-02,FA03,W-14,15
S-004649,C-0164,2026-01-02,RF01,W-09,20
S-004650,C-0197,2026-01-02,CH02,W-02,45
S-004651,C-0210,2026-01-02,FA01,W-07,20
S-004652,C-0217,2026-01-02,CN01 ,W-01,30
S-004653,C-0241,2026-01-02,CO02,W-12,90
S-004654,C-0263,2026-01-02,PH01,W-04,15
S-004655,C-0265,2026-01-02,CO01,W-11,90
S-004656,C-0276,2026-01-02,CN01,W-05,20
S-004657,C-0278,2026-01-02,CN01,W-02,15
S-004658,C-0279,2026-01-02,RF01,W-03,30
S-004659,C-0283,2026-01-02,TR01,W-02,45
S-004660,C-0294,2026-01-02,ID01,W-03,30
S-004661,C-0294,2026-01-02,co02,W-12,50
S-004662,C-0012,2026-01-03,CO01,W-11,60
S-004663,C-0012,2026-01-03,CH02,W-01,90
S-004664,C-0012,2026-01-03,CN01,W-02,10
S-004665,C-0016,2026-01-03, id01  ,W-09,20
S-004666,C-0017,2026-01-03,CO01,W-12,50
S-004667,C-0030,2026-01-03,HV01,W-03,45
S-004668,C-0036,2026-01-03,FA01,W-09,15
S-004669,C-0040,2026-01-03,RF01,W-02,20
S-004670,C-0063,2026-01-03,HV01,W-05,90
S-004671,C-0066,2026-01-03,PH01,W-05,15
S-004672,C-0072,2026-01-03,TR01,W-02,45
S-004673,C-0074,2026-01-03,CO02,W-12,60
S-004674,C-0092,2026-01-03,HV01,W-01,60
S-004675,C-0093,2026-01-03,CO01,W-11,60
S-004676,C-0113,2026-01-03,RF01,W-07,10
S-004677,C-0119,2026-01-03,CN01,W-03,20
S-004678,C-0126,2026-01-03,CN01,W-02,30
S-004679,C-0133,2026-01-03,HV01,W-06,45
S-004680,C-0144,2026-01-03,CH02,W-04,120
S-004681,C-0147,2026-01-03,IN01,W-02,15
S-004682,C-0156,2026-01-03,IN01,W-05,45
S-004683,C-0160,2026-01-03,RF01,W-05,10
S-004684,C-0186,2026-01-03,CN01,W-06,30
S-004685,C-0197,2026-01-03,CO01,W-12,50
S-004686,C-0202,2026-01-03,TR01,W-02,30
S-004687,C-0212,2026-01-03,TR01,W-04,20
S-004688,C-0212,2026-01-03,IN01,W-04,20
S-004689,C-0229,2026-01-03,TR02,W-02,30
S-004690,C-0238,2026-01-03,HV01,W-03,45
S-004691,C-0241,2026-01-03,ID01,W-04,30
S-004692,C-0255,2026-01-03,TR02,W-03,30
S-004693,C-0263,2026-01-03, rf01  ,W-04,10
S-004694,C-0264,2026-01-03,PH01,W-08,20
S-004695,C-0287,2026-01-03,HV01,W-05,120
S-004696,C-0291,2026-01-03,FA01,W-03,15
S-004697,C-0299,2026-01-03,ID01,W-08,30
S-004698,C-0300,2026-01-03,CO01,W-11,60
S-004699,C-0300,2026-01-03,CN01,W-05,30
S-004700,C-0300,2026-01-03,PH01,W-05,10
S-004701,C-0017,2026-01-04,CN01,W-09,30
S-004702,C-0027,2026-01-04,FA03,W-14,15
S-004703,C-0034,2026-01-04,HV01,W-03,45
S-004704,C-0046,2026-01-04,CH02,W-03,120
S-004705,C-0046,2026-01-04,rf01,W-06,30
S-004706,C-0046,2026-01-04,CN01,W-06,30
S-004707,C-0057,2026-01-04,HV01,W-03,60
S-004708,C-0065,2026-01-04,HV01,W-04,60
S-004709,C-0095,2026-01-04,ID01,W-06,15
S-004710,C-0104,2026-01-04,FA01 ,W-10,20
S-004711,C-0114,2026-01-04,TR01,W-08,20
S-004712,C-0119,2026-01-04,RF01,W-03,20
S-004713,C-0121,2026-01-04,FA01,W-05,30
S-004714,C-0129,2026-01-04,HV01,W-06,90
S-004715,C-0131,2026-01-04,PH01,W-09,10
S-004716,C-0136,2026-01-04,FA02,W-14,20
S-004717,C-0151,2026-01-04,IN01,W-02,45
S-004718,C-0160,2026-01-04,FA02,W-14,20
S-004719,C-0168,2026-01-04,RF01,W-04,30
S-004720,C-0177,2026-01-04,TR02,W-07,15
S-004721,C-0185,2026-01-04,FA01,W-10,30
S-004722,C-0190,2026-01-04,FA02 ,W-13,15
S-004723,C-0197,2026-01-04,CH02,W-06,60
S-004724,C-0202,2026-01-04,TR02,W-02,45
S-004725,C-0210,2026-01-04,CH02,W-02,60
S-004726,C-0214,2026-01-04,RF01,W-09,20
S-004727,C-0219,2026-01-04,CH02,W-04,60
S-004728,C-0228,2026-01-04,FA03,W-14,30
S-004729,C-0238,2026-01-04,IN01,W-03,20
S-004730,C-0263,2026-01-04,TR01,W-04,30
S-004731,C-0263,2026-01-04,FA03,W-14,30
S-004732,C-0265,2026-01-04,co02,W-11,60
S-004733,C-0265,2026-01-04,,W-12,50
S-004734,C-0276,2026-01-04,FA02,W-14,30
S-004735,C-0290,2026-01-04,PH01,W-04,15
S-004736,C-0294,2026-01-04,CN01,W-03,15
S-004737,C-0299,2026-01-04,ID01,W-08,20
S-004738,C-0024,2026-01-05,PH01,W-08,20
S-004739,C-0024,2026-01-05,CN01,W-08,30
S-004740,C-0028,2026-01-05,TR02,W-06,15
S-004741,C-0030,2026-01-05,CN01,W-03,10
S-004742,C-0030,2026-01-05,RF01,W-03,30
S-004743,C-0093,2026-01-05,IN01,W-08,15
S-004744,C-0102,2026-01-05,CN01,W-05,30
S-004745,C-0104,2026-01-05,IN01,W-10,20
S-004746,C-0114,2026-01-05,CO02,W-11,90
S-004747,C-0119,2026-01-05,FA01,W-03,15
S-004748,C-0125,2026-01-05,ID01,W-05,15
S-004749,C-0125,2026-01-05,HV01,W-05,90
S-004750,C-0131,2026-01-05,CN01,W-09,10
S-004751,C-0152,2026-01-05,TR01,W-08,20
S-004752,C-0161,2026-01-05,CO02,W-12,90
S-004753,C-0164,2026-01-05,RF01,W-09,20
S-004754,C-0173,2026-01-05,CO02,W-12,50
S-004755,C-0180,2026-01-05,CN01,W-02,10
S-004756,C-0186,2026-01-05,PH01,W-06,5
S-004757,C-0190,2026-01-05,CN01,W-09,30
S-004758,C-0190,2026-01-05,CO01,W-12,50
S-004759,C-0191,2026-01-05,IN01,W-05,45
S-004760,C-0196,2026-01-05,CO01,W-11,60
S-004761,C-0196,2026-01-05,TR02,W-05,15
S-004762,C-0210,2026-01-05,CN01,W-07,10
S-004763,C-0241,2026-01-05,CN01,W-04,30
S-004764,C-0246,2026-01-05,FA03,W-14,20
S-004765,C-0246,2026-01-05,PH01,W-10,20
S-004766,C-0252,2026-01-05,PH01,W-04,5
S-004767,C-0256,2026-01-05,CO01,W-11,50
S-004768,C-0263,2026-01-05,CH02,W-01,60
S-004769,C-0263,2026-01-05,CO01 ,W-11,60
S-004770,C-0276,2026-01-05,HV01,W-04,120
S-004771,C-0279,2026-01-05,RF01,W-03,20
S-004772,C-0287,2026-01-05,CN01,W-06,30
S-004773,C-0290,2026-01-05,CO01,W-11,60
S-004774,C-0001,2026-01-06,CN01 ,W-04,20
S-004775,C-0014,2026-01-06,RF01,W-09,10
S-004776,C-0018,2026-01-06,CO01,W-11,60
S-004777,C-0035,2026-01-06,PH01,W-03,15
S-004778,C-0037,2026-01-06,CN01,W-02,10
S-004779,C-0050,2026-01-06,CH02,W-06,60
S-004780,C-0050,2026-01-06,PH01,W-06,20
S-004781,C-0057,2026-01-06,FA02,W-13,20
S-004782,C-0068,2026-01-06,IN01,W-01,30
S-004783,C-0079,2026-01-06,TR02,W-06,30
S-004784,C-0088,2026-01-06,FA02,W-14,15
S-004785,C-0088,2026-01-06,ID01,W-06,45
S-004786,C-0095,2026-01-06,CH02,W-04,120
S-004787,C-0110,2026-01-06,HV01,W-04,120
S-004788,C-0114,2026-01-06,CN01,W-08,10
S-004789,C-0119,2026-01-06,CN01,W-03,15
S-004790,C-0134,2026-01-06,FA02,W-13,30
S-004791,C-0143,2026-01-06,PH01,W-03,10
S-004792,C-0156,2026-01-06,TR02,W-05,45
S-004793,C-0161,2026-01-06,CO02,W-11,50
S-004794,C-0177,2026-01-06,CO02,W-11,60
S-004795,C-0177,2026-01-06,TR02,W-07,15
S-004796,C-0186,2026-01-06,PH01,W-06,10
S-004797,C-0191,2026-01-06,TR02,W-05,30
S-004798,C-0197,2026-01-06,CN01,W-01,30
S-004799,C-0212,2026-01-06,HV01,W-06,45
S-004800,C-0219,2026-01-06,CH02,W-06,60
S-004801,C-0228,2026-01-06,CH02,W-03,90
S-004802,C-0228,2026-01-06,CO01,W-11,60
S-004803,C-0241,2026-01-06,HV01,W-06,90
S-004804,C-0246,2026-01-06,CN01,W-10,30
S-004805,C-0249,2026-01-06,fa02,W-14,30
S-004806,C-0255,2026-01-06,PH01,W-03,10
S-004807,C-0256,2026-01-06,PH01,W-03,20
S-004808,C-0291,2026-01-06,CO01,W-12,60
S-004809,C-0291,2026-01-06,CN01,W-03,30
S-004810,C-0292,2026-01-06,FA02,W-14,15
S-004811,C-0292,2026-01-06,IN01,W-07,20
S-004812,C-0299,2026-01-06,PH01,W-08,5
S-004813,C-0008,2026-01-07,CN01,W-09,30
S-004814,C-0012,2026-01-07,PH01,W-02,20
S-004815,C-0012,2026-01-07,ID01,W-02,30
S-004816,C-0017,2026-01-07,HV01,W-05,90
S-004817,C-0018,2026-01-07,CH02,W-06,90
S-004818,C-0024,2026-01-07,FA02,W-14,20
S-004819,C-0035,2026-01-07,HV01,W-03,45
S-004820,C-0040,2026-01-07,CN01,W-02,15
S-004821,C-0047,2026-01-07,PH01,W-07,15
S-004822,C-0050,2026-01-07,CN01,W-06,20
S-004823,C-0063,2026-01-07,CN01,W-06,15
S-004824,C-0063,2026-01-07,FA02,W-13,45
S-004825,C-0063,2026-01-07,CH02,W-04,90
S-004826,C-0079,2026-01-07,CO02,W-12,60
S-004827,C-0092,2026-01-07,CO01,W-11,60
S-004828,C-0095,2026-01-07,TR01,W-06,20
S-004829,C-0104,2026-01-07,CN01,W-10,10
S-004830,C-0126,2026-01-07,TR02,W-02,30
S-004831,C-0134,2026-01-07,PH01,W-07,15
S-004832,C-0138,2026-01-07,PH01,W-04,20
S-004833,C-0153,2026-01-07,FA03,W-14,30
S-004834,C-0153,2026-01-07,IN01,W-05,15
S-004835,C-0188,2026-01-07,CH02,W-03,45
S-004836,C-0210,2026-01-07,FA02,W-13,45
S-004837,C-0214,2026-01-07,PH01,W-09,15
S-004838,C-0229,2026-01-07,PH01,W-02,20
S-004839,C-0241,2026-01-07,IN01,W-04,15
S-004840,C-0246,2026-01-07,cn01,W-10,30
S-004841,C-0247,2026-01-07,TR01,W-03,30
S-004842,C-0252,2026-01-07,cn01,W-04,10
S-004843,C-0263,2026-01-07,CH02,W-03,90
S-004844,C-0290,2026-01-07,CO01,W-11,60
S-004845,C-0291,2026-01-07,CN01,W-03,10
S-004846,C-0294,2026-01-07,CH02,W-05,60
S-004847,C-0018,2026-01-08,TR01,W-05,45
S-004848,C-0026,2026-01-08,CH02,W-06,90
S-004849,C-0030,2026-01-08,TR02,W-03,15
S-004849,C-0030,2026-01-08,TR02,W-03,15
S-004850,C-0048,2026-01-08,CO01,W-12,60
S-004851,C-0048,2026-01-08,TR01,W-02,30
S-004852,C-0050,2026-01-08,PH01,W-06,20
S-004853,C-0061,2026-01-08,CO02,W-12,50
S-004854,C-0065,2026-01-08,HV01,W-06,90
S-004855,C-0066,2026-01-08,CN01,W-05,10
S-004856,C-0072,2026-01-08,FA02,W-14,45
S-004857,C-0079,2026-01-08,rf01,W-06,30
S-004858,C-0080,2026-01-08,CN01,W-10,20
S-004859,C-0083,2026-01-08,CH02,W-06,45
S-004860,C-0095,2026-01-08,FA02,W-13,20
S-004861,C-0110,2026-01-08,FA01,W-02,30
S-004862,C-0110,2026-01-08,FA01,W-02,45
S-004863,C-0125,2026-01-08,IN01,W-05,45
S-004864,C-0131,2026-01-08,TR02,W-09,20
S-004865,C-0133,2026-01-08,FA01,W-09,30
S-004866,C-0147,2026-01-08,FA01,W-02,30
S-004867,C-0160,2026-01-08,HV01,W-04,120
S-004868,C-0162,2026-01-08,PH01,W-10,20
S-004869,C-0177,2026-01-08,CO01,W-12,50
S-004870,C-0191,2026-01-08,RF01,W-05,20
S-004871,C-0197,2026-01-08,CO01,W-11,60
S-004872,C-0200,2026-01-08,RF01,W-04,20
S-004873,C-0214,2026-01-08,CN01,W-09,10
S-004874,C-0214,2026-01-08,TR02,W-09,15
S-004875,C-0223,2026-01-08,TR02,W-06,20
S-004876,C-0223,2026-01-08,CN01,W-06,15
S-004877,C-0223,2026-01-08,PH01,W-06,5
S-004878,C-0229,2026-01-08,CN01,W-02,10
S-004879,C-0246,2026-01-08,CO01,W-11,50
S-004880,C-0265,2026-01-08,CN01,W-10,10
S-004881,C-0291,2026-01-08,IN01,W-03,30
S-004882,C-0291,2026-01-08,ph01,W-03,10
S-004883,C-0012,2026-01-09,PH01,W-02,20
S-004884,C-0014,2026-01-09,PH01,W-09,15
S-004885,C-0018,2026-01-09,CO02,W-11,90
S-004886,C-0024,2026-01-09,CN01,W-08,10
S-004887,C-0026,2026-01-09,FA03,W-13,20
S-004888,C-0030,2026-01-09,TR01,W-03,15
S-004889,C-0047,2026-01-09,CN01 ,W-07,20
S-004890,C-0048,2026-01-09,PH01,W-02,5
S-004891,C-0057,2026-01-09,HV01,W-04,45
S-004892,C-0062,2026-01-09,RF01,W-10,20
S-004893,C-0092,2026-01-09,CN01,W-05,15
S-004894,C-0109,2026-01-09,PH01,W-07,10
S-004895,C-0134,2026-01-09,PH01,W-07,10
S-004896,C-0134,2026-01-09,HV01,W-03,45
S-004897,C-0136,2026-01-09,RF01,W-09,30
S-004898,C-0152,2026-01-09,RF01,W-08,10
S-004899,C-0161,2026-01-09,CN01,W-08,20
S-004900,C-0177,2026-01-09,CO01,W-11,50
S-004901,C-0186,2026-01-09,PH01,W-06,20
S-004902,C-0214,2026-01-09,ID01,W-09,30
S-004903,C-0214,2026-01-09,HV01,W-06,45
S-004904,C-0219,2026-01-09,CO01,W-12,50
S-004905,C-0223,2026-01-09,CO01,W-11,60
S-004906,C-0235,2026-01-09,PH01,W-09,10
S-004907,C-0238,2026-01-09,PH01,W-03,5
S-004908,C-0245,2026-01-09,PH01,W-03,20
S-004909,C-0249,2026-01-09,CO01,W-11,50
S-004910,C-0265,2026-01-09,HV01,W-06,120
S-004911,C-0294,2026-01-09,PH01,W-03,5
S-004912,C-0299,2026-01-09,CN01,W-08,10
S-004913,C-0014,2026-01-10,CH02,W-01,60
S-004914,C-0018,2026-01-10,PH01,W-05,20
S-004915,C-0026,2026-01-10,RF01,W-10,20
S-004916,C-0046,2026-01-10,TR02 ,W-06,45
S-004917,C-0047,2026-01-10,CN01,W-07,30
S-004918,C-0065,2026-01-10,CN01,W-02,20
S-004919,C-0070,2026-01-10,FA02,W-14,30
S-004920,C-0079,2026-01-10,CN01,W-06,15
S-004921,C-0091,2026-01-10,CN01,W-10,15
S-004922,C-0119,2026-01-10,FA03,W-14,30
S-004923,C-0131,2026-01-10,IN01,W-09,45
S-004924,C-0152,2026-01-10,PH01,W-08,5
S-004925,C-0160,2026-01-10,PH01,W-05,10
S-004926,C-0160,2026-01-10,HV01,W-04,45
S-004927,C-0161,2026-01-10,HV01,W-05,60
S-004928,C-0164,2026-01-10,CN01,W-09,20
S-004929,C-0167,2026-01-10,CN01,W-09,10
S-004930,C-0173,2026-01-10,PH01,W-04,10
S-004931,C-0187,2026-01-10,CO01,W-12,60
S-004932,C-0188,2026-01-10,CO02,W-11,50
S-004933,C-0204,2026-01-10,FA03,W-14,30
S-004934,C-0223,2026-01-10,TR02,W-06,45
S-004935,C-0228,2026-01-10,PH01,W-02,10
S-004936,C-0241,2026-01-10,CH02,W-02,45
S-004937,C-0245,2026-01-10,CH02,W-04,90
S-004938,C-0253,2026-01-10,PH01,W-06,5
S-004939,C-0256,2026-01-10,CO01,W-12,60
S-004940,C-0263,2026-01-10,HV01,W-02,60
S-004941,C-0265,2026-01-10,CO01,W-12,90
S-004942,C-0273,2026-01-10,HV01,W-02,120
S-004943,C-0279,2026-01-10,CH02,W-04,45
S-004944,C-0283,2026-01-10,PH01,W-02,10
S-004945,C-0290,2026-01-10,TR02,W-04,15
S-004946,C-0300,2026-01-10,PH01,W-05,15
S-004947,C-0026,2026-01-11,HV01,W-01,90
S-004948,C-0031,2026-01-11,TR02,W-02,30
S-004949,C-0035,2026-01-11,HV01,W-06,60
S-004950,C-0040,2026-01-11,TR02,W-02,15
S-004951,C-0041,2026-01-11,,W-05,20
S-004952,C-0046,2026-01-11,FA01,W-06,30
S-004953,C-0047,2026-01-11,TR02,W-07,45
S-004954,C-0048,2026-01-11,RF01,W-02,15
S-004955,C-0048,2026-01-11,PH01,W-02,15
S-004956,C-0075,2026-01-11,cn01,W-02,15
S-004957,C-0093,2026-01-11,RF01,W-08,15
S-004958,C-0093,2026-01-11,PH01,W-08,5
S-004959,C-0095,2026-01-11,TR01,W-06,30
S-004960,C-0131,2026-01-11,hv01,W-05,90
S-004961,C-0134,2026-01-11,TR02,W-07,30
S-004962,C-0138,2026-01-11,CH02,W-03,60
S-004963,C-0168,2026-01-11,PH01,W-04,5
S-004964,C-0173,2026-01-11,CN01,W-04,10
S-004965,C-0177,2026-01-11,CO01,W-12,90
S-004966,C-0196,2026-01-11,CH02,W-02,45
S-004967,C-0205,2026-01-11,CN01,W-04,30
S-004968,C-0207,2026-01-11,FA02,W-14,45
S-004969,C-0210,2026-01-11,TR02,W-07,30
S-004970,C-0217,2026-01-11,CN01,W-01,10
S-004971,C-0223,2026-01-11,CO01,W-12,90
S-004972,C-0249,2026-01-11,PH01,W-02,20
S-004973,C-0278,2026-01-11,CH02 ,W-03,60
S-004974,C-0291,2026-01-11,CN01,W-03,15
S-004975,C-0291,2026-01-11,PH01,W-03,10
S-004976,C-0291,2026-01-11,CO01,W-11,60
S-004977,C-0294,2026-01-11,TR02,W-03,15
S-004978,C-0299,2026-01-11,CH02,W-05,60
S-004979,C-0014,2026-01-12,PH01,W-09,10
S-004980,C-0024,2026-01-12,TR02,W-08,20
S-004981,C-0024,2026-01-12,PH01,W-08,15
S-004982,C-0030,2026-01-12,CO02,W-12,90
S-004983,C-0063,2026-01-12,IN01,W-06,20
S-004984,C-0070,2026-01-12,TR01,W-01,45
S-004985,C-0078,2026-01-12,CN01 ,W-08,10
S-004986,C-0094,2026-01-12,CH02,W-02,45
S-004987,C-0110,2026-01-12,CN01,W-02,15
S-004988,C-0119,2026-01-12,CO02,W-12,90
S-004989,C-0121,2026-01-12,co01,W-12,60
S-004990,C-0131,2026-01-12,CN01,W-09,30
S-004991,C-0133,2026-01-12,FA01 ,W-09,45
S-004992,C-0151,2026-01-12,PH01,W-02,5
S-004993,C-0153,2026-01-12,PH01 ,W-05,5
S-004994,C-0168,2026-01-12,CH02,W-04,90
S-004995,C-0173,2026-01-12,PH01 ,W-04,15
S-004996,C-0188,2026-01-12,HV01,W-04,120
S-004997,C-0188,2026-01-12,CH02,W-01,60
S-004998,C-0188,2026-01-12,IN01,W-07,45
S-004999,C-0191,2026-01-12,FA02,W-14,45
S-005000,C-0193,2026-01-12,CN01,W-01,30
S-005001,C-0207,2026-01-12,cn01,W-10,30
S-005002,C-0215,2026-01-12,ID01,W-07,45
S-005003,C-0215,2026-01-12,TR02,W-07,15
S-005004,C-0228,2026-01-12,PH01,W-02,10
S-005005,C-0241,2026-01-12,in01,W-04,45
S-005006,C-0246,2026-01-12,CO01,W-12,50
S-005007,C-0255,2026-01-12,CN01,W-03,10
S-005008,C-0255,2026-01-12,PH01,W-03,15
S-005009,C-0300,2026-01-12,TR02,W-05,15
S-005010,C-0026,2026-01-13,PH01,W-10,10
S-005011,C-0034,2026-01-13,ID01,W-03,15
S-005012,C-0036,2026-01-13,HV01,W-02,90
S-005013,C-0047,2026-01-13,ID01 ,W-07,20
S-005014,C-0058,2026-01-13,CN01,W-09,10
S-005015,C-0070,2026-01-13,FA02,W-13,45
S-005016,C-0092,2026-01-13,PH01,W-05,15
S-005017,C-0104,2026-01-13,IN01,W-10,30
S-005017,C-0104,2026-01-13,IN01,W-10,30
S-005018,C-0104,2026-01-13,TR02,W-10,45
S-005019,C-0114,2026-01-13,CN01,W-08,10
S-005020,C-0119,2026-01-13,CN01,W-03,10
S-005021,C-0136,2026-01-13,RF01,W-09,10
S-005022,C-0138,2026-01-13,RF01,W-04,30
S-005023,C-0162,2026-01-13,PH01,W-10,15
S-005024,C-0164,2026-01-13,FA01 ,W-09,45
S-005025,C-0177,2026-01-13,FA01,W-07,30
S-005026,C-0177,2026-01-13,FA03 ,W-14,15
S-005027,C-0177,2026-01-13,IN01,W-07,45
S-005028,C-0188,2026-01-13,TR02,W-07,45
S-005029,C-0194,2026-01-13,CN01,W-02,15
S-005030,C-0196,2026-01-13,FA01,W-05,20
S-005031,C-0196,2026-01-13,CN01,W-05,20
S-005032,C-0200,2026-01-13,IN01,W-04,15
S-005033,C-0207,2026-01-13,FA02,W-14,15
S-005034,C-0217,2026-01-13,CN01,W-01,30
S-005035,C-0243,2026-01-13,HV01,W-06,45
S-005036,C-0255,2026-01-13,CN01,W-03,20
S-005037,C-0276,2026-01-13,FA01,W-05,20
S-005038,C-0289,2026-01-13,CH02,W-05,45
S-005039,C-0290,2026-01-13,CO01,W-11,50
S-005040,C-0012,2026-01-14,HV01,W-04,60
S-005041,C-0017,2026-01-14,ID01,W-09,20
S-005042,C-0018,2026-01-14,ID01,W-05,45
S-005043,C-0030,2026-01-14,PH01,W-03,20
S-005044,C-0050,2026-01-14,ID01,W-06,45
S-005045,C-0065,2026-01-14,HV01,W-03,45
S-005046,C-0082,2026-01-14,RF01,W-09,20
S-005047,C-0102,2026-01-14,CO01,W-12,90
S-005048,C-0104,2026-01-14,HV01,W-04,120
S-005049,C-0115,2026-01-14,CN01,W-04,20
S-005050,C-0126,2026-01-14,fa02,W-14,45
S-005051,C-0147,2026-01-14,FA03,W-13,45
S-005052,C-0173,2026-01-14,PH01,W-04,5
S-005053,C-0177,2026-01-14,CO01,W-11,50
S-005054,C-0178,2026-01-14,CH02,W-06,90
S-005055,C-0179,2026-01-14,FA01,W-05,20
S-005056,C-0179,2026-01-14,CN01,W-05,30
S-005057,C-0207,2026-01-14,FA02,W-14,20
S-005058,C-0208,2026-01-14,HV01,W-06,90
S-005059,C-0227,2026-01-14,RF01,W-08,30
S-005060,C-0246,2026-01-14,PH01,W-10,10
S-005061,C-0265,2026-01-14,TR02,W-10,45
S-005062,C-0284,2026-01-14,TR02,W-08,20
S-005063,C-0016,2026-01-15,CH02,W-01,90
S-005064,C-0026,2026-01-15,ID01,W-10,45
S-005065,C-0026,2026-01-15,TR01,W-10,45
S-005066,C-0057,2026-01-15,CN01,W-02,15
S-005067,C-0062,2026-01-15,CO02,W-12,50
S-005068,C-0063,2026-01-15,CH02,W-05,45
S-005069,C-0072,2026-01-15,HV01,W-02,45
S-005070,C-0075,2026-01-15,HV01,W-04,120
S-005071,C-0088,2026-01-15,ID01,W-06,30
S-005071,C-0088,2026-01-15,ID01,W-06,30
S-005072,C-0089,2026-01-15,RF01,W-06,30
S-005073,C-0095,2026-01-15,PH01,W-06,5
S-005074,C-0110,2026-01-15,PH01,W-02,10
S-005075,C-0120,2026-01-15,HV01,W-04,45
S-005076,C-0126,2026-01-15,CO02,W-12,50
S-005077,C-0126,2026-01-15,HV01,W-05,45
S-005078,C-0133,2026-01-15,ID01,W-09,15
S-005079,C-0153,2026-01-15,FA01,W-05,45
S-005080,C-0160,2026-01-15,FA03,W-13,15
S-005081,C-0174,2026-01-15,FA01,W-02,15
S-005082,C-0179,2026-01-15,ph01,W-05,20
S-005083,C-0197,2026-01-15,CO01,W-11,60
S-005084,C-0204,2026-01-15,CO01,W-12,90
S-005085,C-0210,2026-01-15,CN01,W-07,20
S-005086,C-0235,2026-01-15,PH01,W-09,10
S-005087,C-0276,2026-01-15, tr01  ,W-05,15
S-005088,C-0279,2026-01-15,PH01,W-03,10
S-005089,C-0283,2026-01-15,FA01,W-02,45
S-005090,C-0284,2026-01-15,PH01,W-08,20
S-005091,C-0291,2026-01-15,PH01,W-03,15
S-005092,C-0014,2026-01-16,TR02,W-09,30
S-005093,C-0027,2026-01-16, co02  ,W-12,50
S-005094,C-0037,2026-01-16,CN01,W-02,20
S-005095,C-0040,2026-01-16,ID01,W-02,30
S-005096,C-0040,2026-01-16,FA01,W-02,20
S-005097,C-0048,2026-01-16,CO01,W-11,90
S-005098,C-0048,2026-01-16,PH01,W-02,5
S-005099,C-0058,2026-01-16,IN01,W-09,20
S-005100,C-0061,2026-01-16,CN01,W-06,10
S-005101,C-0065,2026-01-16,RF01,W-02,30
S-005102,C-0065,2026-01-16,TR01,W-02,45
S-005103,C-0075,2026-01-16,RF01,W-02,10
S-005104,C-0075,2026-01-16,PH01,W-02,5
S-005105,C-0104,2026-01-16,CH02,W-02,45
S-005106,C-0109,2026-01-16,PH01,W-07,5
S-005107,C-0126,2026-01-16,ph01,W-02,20
S-005108,C-0129,2026-01-16,CH02,W-01,60
S-005109,C-0131,2026-01-16,CN01,W-09,30
S-005110,C-0133,2026-01-16,TR02,W-09,30
S-005111,C-0138,2026-01-16,IN01,W-04,30
S-005112,C-0147,2026-01-16,IN01,W-02,45
S-005113,C-0167,2026-01-16,CO02,W-11,50
S-005114,C-0168,2026-01-16,TR01,W-04,15
S-005115,C-0186,2026-01-16,TR01,W-06,20
S-005116,C-0187,2026-01-16,CO01,W-12,60
S-005117,C-0188,2026-01-16,FA01,W-07,20
S-005118,C-0197,2026-01-16,TR02,W-01,45
S-005119,C-0207,2026-01-16,CO01,W-12,60
S-005120,C-0253,2026-01-16,CN01,W-06,30
S-005121,C-0263,2026-01-16,TR02 ,W-04,30
S-005122,C-0287,2026-01-16,FA02,W-13,20
S-005123,C-0289,2026-01-16,RF01,W-10,15
S-005124,C-0292,2026-01-16,RF01,W-07,15
S-005125,C-0016,2026-01-17,PH01,W-09,10
S-005126,C-0026,2026-01-17,RF01 ,W-10,15
S-005127,C-0027,2026-01-17,ID01,W-01,15
S-005128,C-0030,2026-01-17,ph01,W-03,15
S-005129,C-0044,2026-01-17,HV01 ,W-02,45
S-005130,C-0048,2026-01-17,TR02,W-02,15
S-005131,C-0057,2026-01-17,FA03,W-14,30
S-005132,C-0057,2026-01-17,PH01,W-02,15
S-005133,C-0070,2026-01-17,PH01,W-01,20
S-005134,C-0075,2026-01-17,CN01,W-02,15
S-005135,C-0079,2026-01-17,PH01,W-06,15
S-005136,C-0088,2026-01-17,CN01,W-06,15
S-005137,C-0095,2026-01-17,RF01,W-06,10
S-005138,C-0095,2026-01-17,HV01,W-03,60
S-005139,C-0110,2026-01-17,PH01,W-02,5
S-005139,C-0110,2026-01-17,PH01,W-02,5
S-005140,C-0114,2026-01-17,CN01,W-08,10
S-005141,C-0131,2026-01-17,PH01,W-09,15
S-005142,C-0133,2026-01-17,CO02,W-11,90
S-005143,C-0153,2026-01-17,FA03,W-14,15
S-005144,C-0153,2026-01-17,CN01,W-05,15
S-005144,C-0153,2026-01-17,CN01,W-05,15
S-005145,C-0160,2026-01-17,TR02,W-05,30
S-005146,C-0160,2026-01-17, tr02  ,W-05,30
S-005147,C-0167,2026-01-17,FA02,W-14,30
S-005148,C-0172,2026-01-17,HV01,W-05,60
S-005149,C-0194,2026-01-17,TR02,W-02,45
S-005150,C-0215,2026-01-17,CN01,W-07,20
S-005151,C-0243,2026-01-17,FA03,W-13,45
S-005152,C-0247,2026-01-17,RF01,W-03,10
S-005153,C-0253,2026-01-17,TR01,W-06,20
S-005154,C-0256,2026-01-17,RF01,W-03,20
S-005155,C-0256,2026-01-17,TR02,W-03,20
S-005156,C-0278,2026-01-17,CH02,W-05,90
S-005156,C-0278,2026-01-17,CH02,W-05,90
S-005157,C-0290,2026-01-17,CN01,W-04,10
S-005158,C-0290,2026-01-17,PH01,W-04,20
S-005159,C-0291,2026-01-17,CH02,W-06,60
S-005160,C-0299,2026-01-17,FA03,W-13,45
S-005161,C-0013,2026-01-18,CH02,W-05,90
S-005162,C-0026,2026-01-18,PH01,W-10,15
S-005163,C-0048,2026-01-18,FA02,W-13,30
S-005164,C-0057,2026-01-18,PH01,W-02,5
S-005165,C-0065,2026-01-18,PH01,W-02,20
S-005166,C-0066,2026-01-18,CN01,W-05,20
S-005167,C-0074,2026-01-18,CO01,W-12,50
S-005167,C-0074,2026-01-18,CO01,W-12,50
S-005168,C-0110,2026-01-18,FA02,W-14,45
S-005169,C-0119,2026-01-18,FA01,W-03,15
S-005170,C-0134,2026-01-18,RF01,W-07,15
S-005171,C-0147,2026-01-18,RF01,W-02,30
S-005172,C-0156,2026-01-18,TR01,W-05,15
S-005173,C-0172,2026-01-18,CN01,W-06,10
S-005174,C-0177,2026-01-18,HV01,W-03,60
S-005175,C-0180,2026-01-18,CN01,W-02,20
S-005176,C-0197,2026-01-18,CN01,W-01,20
S-005177,C-0197,2026-01-18,ID01,W-01,30
S-005178,C-0205,2026-01-18,PH01,W-04,5
S-005179,C-0207,2026-01-18,CO01,W-11,90
S-005180,C-0214,2026-01-18,FA02,W-14,30
S-005181,C-0219,2026-01-18,CH02,W-05,90
S-005182,C-0223,2026-01-18,CO01,W-11,60
S-005183,C-0227,2026-01-18,CO02,W-11,50
S-005184,C-0245,2026-01-18,TR01,W-03,45
S-005185,C-0246,2026-01-18,CN01,W-10,15
S-005186,C-0246,2026-01-18,ph01,W-10,10
S-005187,C-0255,2026-01-18,RF01,W-03,20
S-005188,C-0265,2026-01-18,CN01,W-10,30
S-005189,C-0291,2026-01-18,PH01,W-03,20
S-005190,C-0298,2026-01-18,PH01 ,W-07,5
S-005191,C-0299,2026-01-18,FA03,W-13,30
S-005192,C-0010,2026-01-19,HV01,W-06,90
S-005193,C-0012,2026-01-19,ID01,W-02,15
S-005194,C-0016,2026-01-19,CN01,W-09,10
S-005195,C-0027,2026-01-19,CN01,W-01,15
S-005196,C-0034,2026-01-19,FA03,W-14,30
S-005197,C-0036,2026-01-19,CO01,W-11,60
S-005198,C-0037,2026-01-19,CO01,W-11,60
S-005199,C-0065,2026-01-19,CN01,W-02,15
S-005200,C-0070,2026-01-19,cn01,W-01,10
S-005201,C-0083,2026-01-19,CO02,W-12,60
S-005202,C-0094,2026-01-19,PH01,W-06,20
S-005203,C-0104,2026-01-19,RF01,W-10,10
S-005204,C-0104,2026-01-19,CH02,W-06,60
S-005205,C-0119,2026-01-19,HV01,W-06,120
S-005206,C-0133,2026-01-19,ID01,W-09,45
S-005207,C-0134,2026-01-19,CN01,W-07,20
S-005208,C-0138,2026-01-19,CN01,W-04,20
S-005209,C-0153,2026-01-19,HV01,W-02,90
S-005210,C-0153,2026-01-19,FA01,W-05,45
S-005211,C-0160,2026-01-19,ID01,W-05,30
S-005212,C-0160,2026-01-19,RF01,W-05,30
S-005213,C-0164,2026-01-19,TR02,W-09,20
S-005214,C-0168,2026-01-19,CH02,W-03,90
S-005215,C-0177,2026-01-19,CN01,W-07,30
S-005216,C-0187,2026-01-19,CO01,W-11,90
S-005217,C-0197,2026-01-19,CN01,W-01,15
S-005218,C-0197,2026-01-19,FA01,W-01,15
S-005219,C-0197,2026-01-19,CO01,W-12,60
S-005220,C-0200,2026-01-19,CH02,W-01,60
S-005221,C-0200,2026-01-19,PH01,W-04,10
S-005222,C-0235,2026-01-19,CO02,W-11,90
S-005223,C-0241,2026-01-19,CN01,W-04,15
S-005224,C-0247,2026-01-19,FA01,W-03,45
S-005225,C-0292,2026-01-19,HV01,W-01,45
S-005226,C-0300,2026-01-19,CO02,W-12,60
S-005227,C-0008,2026-01-20,FA03,W-13,30
S-005228,C-0024,2026-01-20,FA01,W-08,15
S-005229,C-0026,2026-01-20,FA02,W-14,45
S-005230,C-0030,2026-01-20,PH01,W-03,20
S-005231,C-0031,2026-01-20,CH02,W-01,45
S-005232,C-0035,2026-01-20,TR02,W-03,20
S-005233,C-0048,2026-01-20,CN01,W-02,30
S-005234,C-0062,2026-01-20,CO01,W-12,60
S-005235,C-0063,2026-01-20,PH01,W-06,15
S-005236,C-0066,2026-01-20, ph01  ,W-05,10
S-005237,C-0092,2026-01-20,CN01,W-05,10
S-005238,C-0095,2026-01-20,FA01,W-06,15
S-005239,C-0119,2026-01-20,CH02,W-02,120
S-005240,C-0124,2026-01-20,ID01,W-03,20
S-005241,C-0164,2026-01-20,PH01 ,W-09,20
S-005242,C-0164,2026-01-20,TR02 ,W-09,45
S-005243,C-0173,2026-01-20,PH01,W-04,5
S-005244,C-0174,2026-01-20,CN01,W-02,30
S-005245,C-0188,2026-01-20,RF01,W-07,30
S-005246,C-0196,2026-01-20,fa02,W-14,20
S-005247,C-0204,2026-01-20,PH01,W-04,5
S-005248,C-0208,2026-01-20,HV01,W-01,120
S-005249,C-0214,2026-01-20,PH01,W-09,5
S-005250,C-0273,2026-01-20,CN01,W-01,10
S-005251,C-0291,2026-01-20,TR02,W-03,45
S-005252,C-0291,2026-01-20,CO01,W-12,60
S-005253,C-0294,2026-01-20,CN01,W-03,15
S-005254,C-0013,2026-01-21,PH01,W-09,10
S-005255,C-0031,2026-01-21,PH01,W-02,15
S-005256,C-0034,2026-01-21,TR01,W-03,30
S-005257,C-0044,2026-01-21,HV01,W-06,120
S-005258,C-0063,2026-01-21,CN01,W-06,10
S-005259,C-0080,2026-01-21,FA01,W-10,20
S-005260,C-0102,2026-01-21,RF01,W-05,10
S-005261,C-0119,2026-01-21,TR02,W-03,45
S-005262,C-0120,2026-01-21,PH01,W-10,5
S-005263,C-0124,2026-01-21,TR02,W-03,30
S-005264,C-0129,2026-01-21,ID01,W-04,20
S-005265,C-0131,2026-01-21,PH01,W-09,15
S-005266,C-0138,2026-01-21,CH02,W-01,90
S-005267,C-0151,2026-01-21,CH02,W-03,120
S-005268,C-0162,2026-01-21,TR02,W-10,45
S-005269,C-0173,2026-01-21,FA01,W-04,45
S-005270,C-0176,2026-01-21,ID01,W-08,20
S-005271,C-0176,2026-01-21,PH01 ,W-08,10
S-005272,C-0177,2026-01-21,CN01,W-07,15
S-005273,C-0186,2026-01-21,TR01,W-06,30
S-005274,C-0193,2026-01-21,PH01,W-01,5
S-005275,C-0194,2026-01-21,IN01,W-02,20
S-005276,C-0223,2026-01-21,CN01,W-06,15
S-005277,C-0245,2026-01-21,FA02,W-14,30
S-005278,C-0246,2026-01-21,FA01,W-10,20
S-005279,C-0246,2026-01-21,CH02,W-04,120
S-005280,C-0292,2026-01-21,CH02,W-04,45
S-005281,C-0299,2026-01-21,IN01 ,W-08,45
S-005282,C-0001,2026-01-22,PH01,W-04,15
S-005283,C-0008,2026-01-22, hv01  ,W-02,60
S-005284,C-0008,2026-01-22,,W-03,60
S-005285,C-0012,2026-01-22,ch02,W-03,45
S-005286,C-0034,2026-01-22,PH01,W-03,10
S-005287,C-0074,2026-01-22,CH02,W-03,120
S-005288,C-0078,2026-01-22,CO01,W-11,50
S-005289,C-0079,2026-01-22,CO01,W-12,50
S-005290,C-0083,2026-01-22,PH01,W-09,20
S-005291,C-0094,2026-01-22,PH01,W-06,15
S-005292,C-0095,2026-01-22,PH01,W-06,5
S-005293,C-0115,2026-01-22,CH02,W-01,60
S-005294,C-0124,2026-01-22,IN01,W-03,20
S-005295,C-0129,2026-01-22,PH01,W-04,5
S-005296,C-0146,2026-01-22,CO02,W-12,60
S-005297,C-0151,2026-01-22,FA01,W-02,30
S-005298,C-0161,2026-01-22,IN01,W-08,15
S-005299,C-0186,2026-01-22,CO01,W-12,60
S-005300,C-0188,2026-01-22,CO02,W-11,90
S-005301,C-0200,2026-01-22,PH01,W-04,20
S-005302,C-0204,2026-01-22,HV01,W-06,45
S-005303,C-0210,2026-01-22,CN01,W-07,10
S-005304,C-0228,2026-01-22,CN01,W-02,20
S-005305,C-0229,2026-01-22,CN01,W-02,15
S-005306,C-0241,2026-01-22,CN01,W-04,15
S-005307,C-0246,2026-01-22,CO02,W-12,50
S-005308,C-0247,2026-01-22,TR01,W-03,45
S-005309,C-0264,2026-01-22,FA01,W-08,45
S-005310,C-0279,2026-01-22,IN01,W-03,45
S-005311,C-0283,2026-01-22,CN01,W-02,15
S-005312,C-0289,2026-01-22,CN01,W-10,10
S-005313,C-0014,2026-01-23,CN01,W-09,30
S-005314,C-0026,2026-01-23,HV01,W-06,90
S-005315,C-0026,2026-01-23,CN01,W-10,10
S-005316,C-0036,2026-01-23,CN01,W-09,20
S-005317,C-0046,2026-01-23,FA02,W-13,45
S-005318,C-0057,2026-01-23,FA03,W-13,20
S-005319,C-0057,2026-01-23,HV01,W-04,60
S-005320,C-0062,2026-01-23,TR02,W-10,15
S-005321,C-0065,2026-01-23,FA03,W-14,45
S-005322,C-0092,2026-01-23,PH01,W-05,10
S-005323,C-0093,2026-01-23,CH02,W-01,90
S-005324,C-0097,2026-01-23,CN01,W-09,20
S-005325,C-0097,2026-01-23,TR02,W-09,30
S-005326,C-0102,2026-01-23,CN01,W-05,20
S-005327,C-0119,2026-01-23,FA02,W-13,30
S-005328,C-0125,2026-01-23,FA02,W-13,45
S-005329,C-0136,2026-01-23,HV01,W-06,90
S-005330,C-0147,2026-01-23,PH01,W-02,20
S-005330,C-0147,2026-01-23,PH01,W-02,20
S-005331,C-0156,2026-01-23,TR01,W-05,45
S-005332,C-0156,2026-01-23,FA02,W-13,15
S-005333,C-0161,2026-01-23,HV01,W-04,45
S-005334,C-0164,2026-01-23,CH02,W-06,60
S-005335,C-0169,2026-01-23,CN01,W-07,10
S-005336,C-0179,2026-01-23,CO02,W-11,90
S-005337,C-0210,2026-01-23,FA01,W-07,30
S-005338,C-0210,2026-01-23,HV01,W-01,60
S-005339,C-0235,2026-01-23,HV01,W-02,45
S-005340,C-0246,2026-01-23,CN01,W-10,30
S-005341,C-0247,2026-01-23,TR02,W-03,45
S-005342,C-0264,2026-01-23,ID01,W-08,45
S-005343,C-0273,2026-01-23,TR02,W-01,30
S-005344,C-0273,2026-01-23,CO02,W-12,60
S-005345,C-0283,2026-01-23,FA01,W-02,15
S-005346,C-0290,2026-01-23,FA02,W-14,15
S-005347,C-0012,2026-01-24,hv01,W-06,90
S-005348,C-0014,2026-01-24,PH01,W-09,20
S-005349,C-0017,2026-01-24,TR02,W-09,45
S-005350,C-0030,2026-01-24,CO01,W-12,60
S-005351,C-0046,2026-01-24,RF01,W-06,10
S-005352,C-0046,2026-01-24,PH01,W-06,10
S-005353,C-0047,2026-01-24,HV01,W-03,90
S-005354,C-0093,2026-01-24,PH01,W-08,10
S-005355,C-0097,2026-01-24,CN01,W-09,30
S-005356,C-0119,2026-01-24,HV01,W-01,60
S-005356,C-0119,2026-01-24,HV01,W-01,60
S-005357,C-0133,2026-01-24,HV01,W-01,60
S-005358,C-0138,2026-01-24,HV01,W-05,45
S-005359,C-0138,2026-01-24,FA01,W-04,20
S-005360,C-0143,2026-01-24,CN01,W-03,30
S-005361,C-0146,2026-01-24,HV01,W-04,120
S-005362,C-0156,2026-01-24,ch02,W-04,60
S-005363,C-0160,2026-01-24,CN01,W-05,15
S-005364,C-0197,2026-01-24,CO01,W-12,50
S-005365,C-0215,2026-01-24,PH01,W-07,15
S-005366,C-0215,2026-01-24,CN01,W-07,20
S-005367,C-0217,2026-01-24,CN01,W-01,30
S-005368,C-0228,2026-01-24,CN01,W-02,10
S-005369,C-0238,2026-01-24,TR02,W-03,15
S-005370,C-0246,2026-01-24,CN01,W-10,20
S-005371,C-0247,2026-01-24,FA03,W-13,30
S-005372,C-0255,2026-01-24,IN01,W-03,45
S-005373,C-0283,2026-01-24,HV01,W-06,60
S-005374,C-0010,2026-01-25,PH01,W-01,5
S-005375,C-0027,2026-01-25,RF01,W-01,20
S-005376,C-0034,2026-01-25,RF01,W-03,15
S-005377,C-0035,2026-01-25,CO02,W-12,60
S-005378,C-0036,2026-01-25,CN01,W-09,20
S-005379,C-0057,2026-01-25,FA01,W-02,15
S-005380,C-0078,2026-01-25,PH01,W-08,5
S-005381,C-0079,2026-01-25,CN01,W-06,10
S-005382,C-0115,2026-01-25,IN01,W-04,20
S-005383,C-0126,2026-01-25,TR02,W-02,45
S-005384,C-0129,2026-01-25,TR02,W-04,45
S-005385,C-0133,2026-01-25,IN01,W-09,20
S-005386,C-0162,2026-01-25,FA03,W-13,30
S-005387,C-0174,2026-01-25,TR02,W-02,30
S-005388,C-0174,2026-01-25,CN01 ,W-02,20
S-005389,C-0186,2026-01-25,CN01,W-06,10
S-005390,C-0186,2026-01-25,TR02,W-06,45
S-005391,C-0191,2026-01-25,RF01,W-05,10
S-005392,C-0193,2026-01-25,CN01,W-01,20
S-005393,C-0205,2026-01-25,CO01,W-11,60
S-005393,C-0205,2026-01-25,CO01,W-11,60
S-005394,C-0208,2026-01-25,HV01,W-02,60
S-005395,C-0223,2026-01-25,id01,W-06,30
S-005396,C-0228,2026-01-25,CN01 ,W-02,10
S-005397,C-0229,2026-01-25,CO02,W-12,50
S-005398,C-0256,2026-01-25,HV01,W-02,45
S-005399,C-0265,2026-01-25,CN01,W-10,20
S-005400,C-0265,2026-01-25,TR02,W-10,30
S-005401,C-0283,2026-01-25,CN01,W-02,30
S-005402,C-0287,2026-01-25,CO01,W-11,90
S-005403,C-0001,2026-01-26,PH01,W-04,15
S-005404,C-0008,2026-01-26,CO01,W-11,60
S-005405,C-0012,2026-01-26,IN01,W-02,30
S-005406,C-0054,2026-01-26,CN01,W-07,10
S-005407,C-0057,2026-01-26,CH02,W-03,90
S-005408,C-0074,2026-01-26,CH02,W-04,90
S-005409,C-0074,2026-01-26,CO01,W-12,60
S-005410,C-0086,2026-01-26,TR02,W-10,15
S-005411,C-0088,2026-01-26,FA01,W-06,45
S-005412,C-0091,2026-01-26,FA01,W-10,15
S-005413,C-0104,2026-01-26,FA03,W-13,20
S-005414,C-0110,2026-01-26,HV01,W-06,90
S-005415,C-0113,2026-01-26,TR02,W-07,45
S-005416,C-0119,2026-01-26,FA01,W-03,20
S-005417,C-0119,2026-01-26,PH01,W-03,5
S-005418,C-0124,2026-01-26,HV01,W-02,90
S-005419,C-0126,2026-01-26,HV01,W-05,60
S-005420,C-0138,2026-01-26,CO01,W-11,60
S-005421,C-0151,2026-01-26,CN01,W-02,30
S-005422,C-0151,2026-01-26,CH02,W-01,45
S-005423,C-0153,2026-01-26,PH01,W-05,10
S-005424,C-0174,2026-01-26,CH02,W-06,120
S-005425,C-0188,2026-01-26,RF01,W-07,20
S-005426,C-0194,2026-01-26,FA03,W-14,45
S-005427,C-0200,2026-01-26,PH01,W-04,5
S-005428,C-0205,2026-01-26,PH01,W-04,20
S-005429,C-0207,2026-01-26,CN01,W-10,15
S-005430,C-0208,2026-01-26,FA02,W-14,20
S-005431,C-0210,2026-01-26, hv01  ,W-05,90
S-005432,C-0215,2026-01-26,HV01,W-05,120
S-005433,C-0215,2026-01-26,TR01,W-07,15
S-005434,C-0255,2026-01-26,PH01,W-03,5
S-005435,C-0256,2026-01-26,HV01 ,W-05,60
S-005436,C-0256,2026-01-26,PH01,W-03,15
S-005437,C-0263,2026-01-26,RF01 ,W-04,30
S-005438,C-0263,2026-01-26,CN01 ,W-04,15
S-005439,C-0292,2026-01-26,RF01 ,W-07,20
S-005440,C-0018,2026-01-27,PH01,W-05,15
S-005441,C-0054,2026-01-27,PH01,W-07,5
S-005442,C-0063,2026-01-27,PH01,W-06,15
S-005443,C-0074,2026-01-27,CH02,W-05,60
S-005444,C-0094,2026-01-27,CH02,W-02,120
S-005445,C-0114,2026-01-27,PH01,W-08,10
S-005446,C-0129,2026-01-27,TR01,W-04,45
S-005447,C-0130,2026-01-27,CH02 ,W-01,90
S-005448,C-0131,2026-01-27,HV01 ,W-06,90
S-005449,C-0133,2026-01-27,FA02,W-14,30
S-005450,C-0136,2026-01-27,CH02,W-06,45
S-005451,C-0143,2026-01-27,HV01,W-06,120
S-005452,C-0144,2026-01-27,CN01,W-05,30
S-005453,C-0167,2026-01-27,CO01,W-11,60
S-005454,C-0178,2026-01-27,PH01,W-06,5
S-005455,C-0188,2026-01-27,CN01,W-07,30
S-005456,C-0191,2026-01-27,CN01,W-05,15
S-005457,C-0204,2026-01-27,FA03,W-14,15
S-005458,C-0207,2026-01-27,ID01,W-10,20
S-005459,C-0229,2026-01-27,PH01,W-02,15
S-005460,C-0245,2026-01-27,CH02,W-05,120
S-005461,C-0246,2026-01-27,RF01,W-10,15
S-005462,C-0246,2026-01-27,CO02,W-12,50
S-005463,C-0256,2026-01-27,CO01,W-12,50
S-005464,C-0264,2026-01-27,PH01,W-08,10
S-005465,C-0284,2026-01-27,CN01,W-08,20
S-005466,C-0289,2026-01-27,CN01,W-10,20
S-005466,C-0289,2026-01-27,CN01,W-10,20
S-005467,C-0008,2026-01-28,PH01,W-09,5
S-005468,C-0044,2026-01-28,CN01,W-03,15
S-005469,C-0054,2026-01-28,FA01,W-07,30
S-005470,C-0057,2026-01-28,CN01,W-02,20
S-005471,C-0057,2026-01-28,CH02,W-04,45
S-005472,C-0065,2026-01-28,CH02,W-03,45
S-005473,C-0065,2026-01-28,CO02,W-11,60
S-005474,C-0074,2026-01-28,CO01,W-12,50
S-005475,C-0078,2026-01-28,PH01,W-08,10
S-005476,C-0083,2026-01-28,TR02,W-09,45
S-005477,C-0092,2026-01-28,FA02,W-14,15
S-005478,C-0114,2026-01-28, cn01  ,W-08,10
S-005479,C-0130,2026-01-28,FA01,W-04,30
S-005480,C-0130,2026-01-28,PH01,W-04,15
S-005481,C-0134,2026-01-28,TR02,W-07,30
S-005482,C-0146,2026-01-28,IN01,W-08,45
S-005483,C-0147,2026-01-28,FA02,W-14,20
S-005484,C-0153,2026-01-28,TR01,W-05,30
S-005485,C-0153,2026-01-28,ID01,W-05,20
S-005486,C-0186,2026-01-28,TR01,W-06,45
S-005487,C-0194,2026-01-28,CN01,W-02,20
S-005488,C-0197,2026-01-28,CO02,W-11,50
S-005489,C-0207,2026-01-28,CN01,W-10,20
S-005490,C-0212,2026-01-28,CN01,W-04,10
S-005491,C-0246,2026-01-28,PH01,W-10,15
S-005492,C-0261,2026-01-28,HV01,W-05,60
S-005493,C-0263,2026-01-28,CO01,W-12,50
S-005494,C-0289,2026-01-28,CN01,W-10,10
S-005495,C-0290,2026-01-28,HV01,W-06,45
S-005496,C-0292,2026-01-28,IN01,W-07,30
S-005496,C-0292,2026-01-28,IN01,W-07,30
S-005497,C-0294,2026-01-28,PH01,W-03,10
S-005498,C-0300,2026-01-28,CO02,W-12,60
S-005499,C-0300,2026-01-28,HV01,W-02,90
S-005500,C-0037,2026-01-29,ID01,W-02,30
S-005501,C-0046,2026-01-29,FA02,W-13,30
S-005502,C-0054,2026-01-29,ID01,W-07,30
S-005503,C-0066,2026-01-29,FA01,W-05,20
S-005504,C-0079,2026-01-29,CO02,W-12,60
S-005505,C-0082,2026-01-29,TR01,W-09,45
S-005506,C-0114,2026-01-29,CO02,W-12,90
S-005507,C-0115,2026-01-29,TR02,W-04,45
S-005508,C-0124,2026-01-29,CO02,W-12,50
S-005509,C-0156,2026-01-29,PH01,W-05,20
S-005510,C-0160,2026-01-29,FA03,W-14,45
S-005511,C-0163,2026-01-29,CN01,W-01,10
S-005512,C-0207,2026-01-29,CN01,W-10,10
S-005513,C-0229,2026-01-29,TR01,W-02,15
S-005514,C-0246,2026-01-29,CO01,W-11,90
S-005515,C-0261,2026-01-29,CH02,W-05,120
S-005516,C-0261,2026-01-29,HV01,W-01,45
S-005517,C-0263,2026-01-29,CN01,W-04,30
S-005518,C-0265,2026-01-29,PH01,W-10,15
S-005519,C-0276,2026-01-29,PH01,W-05,15
S-005520,C-0292,2026-01-29,ch02,W-04,120
S-005521,C-0016,2026-01-30,ID01,W-09,20
S-005522,C-0026,2026-01-30,PH01,W-10,10
S-005523,C-0026,2026-01-30,CN01,W-10,30
S-005524,C-0028,2026-01-30,CH02,W-05,120
S-005525,C-0034,2026-01-30,CH02,W-04,45
S-005526,C-0063,2026-01-30,CN01,W-06,15
S-005527,C-0070,2026-01-30,FA02,W-14,20
S-005528,C-0088,2026-01-30,IN01,W-06,15
S-005529,C-0092,2026-01-30,CO02,W-11,90
S-005530,C-0094,2026-01-30,CN01,W-06,20
S-005531,C-0095,2026-01-30,PH01,W-06,5
S-005532,C-0101,2026-01-30,,W-01,30
S-005533,C-0115,2026-01-30,CH02,W-05,90
S-005534,C-0130,2026-01-30,CH02,W-06,60
S-005535,C-0130,2026-01-30,CH02,W-04,60
S-005536,C-0138,2026-01-30,CN01,W-04,20
S-005537,C-0163,2026-01-30,RF01,W-01,10
S-005538,C-0164,2026-01-30,FA01,W-09,20
S-005539,C-0174,2026-01-30,CN01,W-02,20
S-005540,C-0180,2026-01-30,RF01 ,W-02,15
S-005541,C-0186,2026-01-30,CN01,W-06,20
S-005542,C-0196,2026-01-30,FA02,W-13,20
S-005543,C-0219,2026-01-30,CN01,W-04,10
S-005544,C-0238,2026-01-30,CN01,W-03,15
S-005545,C-0238,2026-01-30,TR01,W-03,30
S-005546,C-0247,2026-01-30,ch02,W-01,60
S-005547,C-0256,2026-01-30,PH01,W-03,15
S-005548,C-0279,2026-01-30,id01,W-03,20
S-005549,C-0292,2026-01-30,ID01,W-07,45
S-005550,C-0294,2026-01-30,CN01,W-03,15
S-005551,C-0299,2026-01-30,CH02,W-05,60
S-005552,C-0062,2026-01-31,RF01,W-10,10
S-005553,C-0063,2026-01-31,FA03,W-14,20
S-005554,C-0079,2026-01-31,TR01,W-06,20
S-005555,C-0088,2026-01-31,PH01,W-06,10
S-005556,C-0095,2026-01-31,CN01,W-06,15
S-005557,C-0102,2026-01-31,RF01,W-05,20
S-005558,C-0113,2026-01-31,IN01,W-07,30
S-005559,C-0119,2026-01-31,PH01,W-03,20
S-005560,C-0138,2026-01-31,ID01,W-04,30
S-005561,C-0147,2026-01-31,FA03,W-13,45
S-005562,C-0156,2026-01-31,CN01,W-05,30
S-005563,C-0169,2026-01-31,PH01,W-07,5
S-005564,C-0179,2026-01-31,CN01,W-05,30
S-005565,C-0188,2026-01-31,PH01,W-07,20
S-005566,C-0191,2026-01-31,FA01,W-05,15
S-005567,C-0197,2026-01-31,HV01,W-02,60
S-005568,C-0197,2026-01-31,PH01,W-01,15
S-005569,C-0208,2026-01-31,CN01,W-09,30
S-005570,C-0208,2026-01-31,CH02,W-05,45
S-005571,C-0214,2026-01-31,CN01,W-09,20
S-005572,C-0219,2026-01-31,IN01,W-04,20
S-005573,C-0252,2026-01-31,IN01,W-04,45
S-005574,C-0264,2026-01-31,CO01,W-11,50
S-005575,C-0264,2026-01-31,IN01,W-08,15
S-005576,C-0290,2026-01-31,CO01,W-12,90
S-005577,C-0291,2026-01-31,CH02,W-02,60
S-005578,C-0291,2026-01-31,PH01,W-03,20
S-005579,C-0299,2026-01-31,CO01,W-12,90
S-005580,C-0001,2026-02-01,HV01,W-04,60
S-005581,C-0010,2026-02-01,HV01,W-05,45
S-005582,C-0027,2026-02-01,CN01,W-01,20
S-005583,C-0048,2026-02-01,HV01,W-06,90
S-005584,C-0050,2026-02-01,CN01,W-06,20
S-005585,C-0061,2026-02-01,CH02,W-04,90
S-005586,C-0070,2026-02-01,RF01,W-01,15
S-005587,C-0072,2026-02-01,HV01,W-04,45
S-005588,C-0074,2026-02-01,FA01,W-02,20
S-005589,C-0078,2026-02-01,CN01,W-08,10
S-005590,C-0086,2026-02-01,HV01,W-03,45
S-005591,C-0097,2026-02-01,ID01,W-09,30
S-005592,C-0113,2026-02-01,CN01,W-07,10
S-005592,C-0113,2026-02-01,CN01,W-07,10
S-005593,C-0115,2026-02-01,TR01,W-04,45
S-005594,C-0115,2026-02-01,RF01,W-04,15
S-005595,C-0119,2026-02-01,CN01,W-03,10
S-005596,C-0174,2026-02-01,HV01,W-05,60
S-005597,C-0188,2026-02-01,CH02,W-05,120
S-005598,C-0194,2026-02-01,,W-14,30
S-005599,C-0200,2026-02-01,CH02 ,W-04,45
S-005600,C-0210,2026-02-01,HV01,W-01,45
S-005601,C-0210,2026-02-01,PH01,W-07,5
S-005602,C-0229,2026-02-01,PH01,W-02,20
S-005603,C-0261,2026-02-01,PH01,W-06,20
S-005604,C-0261,2026-02-01,TR01,W-06,15
S-005605,C-0263,2026-02-01,TR01,W-04,45
S-005606,C-0264,2026-02-01,TR02,W-08,20
S-005607,C-0287,2026-02-01,IN01,W-06,30
S-005608,C-0292,2026-02-01,CN01,W-07,20
S-005609,C-0298,2026-02-01,FA01,W-07,15
S-005610,C-0012,2026-02-02,CN01 ,W-02,15
S-005611,C-0028,2026-02-02,CN01,W-06,30
S-005612,C-0063,2026-02-02,CN01,W-06,15
S-005613,C-0065,2026-02-02,CH02,W-01,90
S-005614,C-0074,2026-02-02,HV01,W-02,120
S-005615,C-0079,2026-02-02,hv01,W-05,45
S-005616,C-0080,2026-02-02,HV01,W-06,45
S-005617,C-0088,2026-02-02,CN01,W-06,20
S-005618,C-0088,2026-02-02,HV01,W-01,45
S-005619,C-0093,2026-02-02,CH02,W-04,120
S-005620,C-0099,2026-02-02,CH02,W-05,45
S-005621,C-0115,2026-02-02,FA03,W-13,15
S-005622,C-0121,2026-02-02,PH01,W-05,15
S-005623,C-0124,2026-02-02,HV01,W-02,45
S-005624,C-0138,2026-02-02,HV01,W-01,60
S-005625,C-0156,2026-02-02,CO01,W-11,90
S-005626,C-0156,2026-02-02,RF01,W-05,30
S-005627,C-0163,2026-02-02,FA02,W-13,30
S-005628,C-0164,2026-02-02,TR01,W-09,45
S-005629,C-0174,2026-02-02,ID01,W-02,30
S-005630,C-0197,2026-02-02,RF01,W-01,15
S-005631,C-0204,2026-02-02,HV01,W-05,45
S-005632,C-0207,2026-02-02,PH01,W-10,15
S-005633,C-0217,2026-02-02,CN01,W-01,10
S-005634,C-0219,2026-02-02,PH01,W-04,15
S-005635,C-0261,2026-02-02,IN01,W-06,30
S-005636,C-0263,2026-02-02,FA01,W-04,45
S-005637,C-0278,2026-02-02,rf01,W-02,15
S-005638,C-0284,2026-02-02,CO02,W-11,60
S-005639,C-0037,2026-02-03,CN01,W-02,15
S-005640,C-0048,2026-02-03,PH01,W-02,5
S-005641,C-0062,2026-02-03,PH01,W-10,10
S-005642,C-0063,2026-02-03,PH01,W-06,20
S-005643,C-0065,2026-02-03,TR01,W-02,30
S-005644,C-0065,2026-02-03, tr02  ,W-02,15
S-005645,C-0070,2026-02-03,HV01 ,W-05,60
S-005646,C-0078,2026-02-03,ph01,W-08,10
S-005647,C-0082,2026-02-03,CH02,W-04,120
S-005648,C-0086,2026-02-03,HV01,W-03,90
S-005649,C-0086,2026-02-03,FA01 ,W-10,45
S-005650,C-0089,2026-02-03,RF01,W-06,20
S-005651,C-0104,2026-02-03,HV01,W-01,90
S-005652,C-0110,2026-02-03,ID01,W-02,30
S-005653,C-0114,2026-02-03,HV01,W-06,90
S-005654,C-0120,2026-02-03,CO01,W-12,50
S-005655,C-0133,2026-02-03,CH02,W-06,60
S-005656,C-0151,2026-02-03,HV01,W-06,120
S-005657,C-0152,2026-02-03,FA02,W-13,45
S-005658,C-0168,2026-02-03,CO02,W-12,90
S-005659,C-0173,2026-02-03,CO02,W-11,60
S-005660,C-0174,2026-02-03,TR01,W-02,45
S-005661,C-0174,2026-02-03,CN01,W-02,15
S-005662,C-0179,2026-02-03,ID01,W-05,45
S-005663,C-0186,2026-02-03,TR01,W-06,20
S-005664,C-0186,2026-02-03,CO01,W-12,60
S-005665,C-0207,2026-02-03,HV01,W-04,120
S-005666,C-0214,2026-02-03,FA02,W-13,45
S-005667,C-0217,2026-02-03,TR02,W-01,15
S-005668,C-0238,2026-02-03,TR02,W-03,20
S-005669,C-0246,2026-02-03,HV01,W-01,90
S-005670,C-0247,2026-02-03,ID01,W-03,30
S-005671,C-0256,2026-02-03,,W-03,5
S-005672,C-0261,2026-02-03,CN01,W-06,10
S-005673,C-0264,2026-02-03,CH02,W-04,45
S-005674,C-0283,2026-02-03,FA02,W-14,30
S-005675,C-0289,2026-02-03,CH02,W-04,120
S-005676,C-0291,2026-02-03,IN01,W-03,20
S-005677,C-0294,2026-02-03,IN01,W-03,45
S-005678,C-0298,2026-02-03,PH01,W-07,15
S-005679,C-0028,2026-02-04,FA02,W-14,15
S-005680,C-0048,2026-02-04,HV01,W-02,120
S-005681,C-0048,2026-02-04,IN01,W-02,15
S-005682,C-0057,2026-02-04,FA01,W-02,15
S-005683,C-0058,2026-02-04,rf01,W-09,20
S-005684,C-0066,2026-02-04,FA02,W-13,20
S-005685,C-0074,2026-02-04,PH01 ,W-02,20
S-005686,C-0079,2026-02-04,CH02,W-03,120
S-005687,C-0086,2026-02-04,CN01,W-10,15
S-005688,C-0094,2026-02-04,PH01,W-06,5
S-005689,C-0097,2026-02-04,CH02,W-05,45
S-005690,C-0099,2026-02-04,PH01,W-02,10
S-005691,C-0114,2026-02-04,ID01,W-08,30
S-005692,C-0119,2026-02-04,HV01,W-04,90
S-005693,C-0138,2026-02-04,CN01,W-04,15
S-005694,C-0153,2026-02-04,RF01,W-05,20
S-005695,C-0156,2026-02-04,FA01,W-05,45
S-005696,C-0164,2026-02-04,CN01,W-09,10
S-005697,C-0164,2026-02-04,FA01,W-09,20
S-005698,C-0172,2026-02-04,,W-02,90
S-005699,C-0176,2026-02-04,TR01,W-08,45
S-005700,C-0191,2026-02-04,CN01,W-05,20
S-005701,C-0238,2026-02-04,CN01,W-03,30
S-005702,C-0241,2026-02-04,RF01,W-04,10
S-005703,C-0241,2026-02-04,HV01,W-05,90
S-005704,C-0246,2026-02-04,CO01,W-12,60
S-005705,C-0278,2026-02-04,IN01,W-02,30
S-005706,C-0291,2026-02-04,CO01,W-11,60
S-005707,C-0291,2026-02-04,CN01,W-03,15
S-005708,C-0294,2026-02-04,FA03,W-13,15
S-005709,C-0299,2026-02-04,fa01,W-08,15
S-005710,C-0016,2026-02-05,FA02,W-13,15
S-005711,C-0017,2026-02-05,ch02,W-04,120
S-005712,C-0018,2026-02-05,CO01,W-11,60
S-005713,C-0026,2026-02-05,PH01 ,W-10,10
S-005714,C-0034,2026-02-05,TR01,W-03,15
S-005715,C-0058,2026-02-05,IN01,W-09,30
S-005716,C-0091,2026-02-05,CH02,W-04,45
S-005717,C-0109,2026-02-05,HV01,W-06,90
S-005718,C-0110,2026-02-05,CN01,W-02,10
S-005719,C-0115,2026-02-05,CN01,W-04,30
S-005720,C-0120,2026-02-05,CH02,W-06,90
S-005721,C-0130,2026-02-05,CH02,W-06,120
S-005722,C-0147,2026-02-05,HV01,W-06,60
S-005723,C-0152,2026-02-05,FA03,W-13,30
S-005724,C-0153,2026-02-05,TR02,W-05,30
S-005725,C-0156,2026-02-05,PH01,W-05,10
S-005726,C-0164,2026-02-05,FA01,W-09,15
S-005727,C-0187,2026-02-05,HV01,W-04,90
S-005728,C-0196,2026-02-05,ID01,W-05,20
S-005729,C-0196,2026-02-05,CN01,W-05,20
S-005730,C-0197,2026-02-05,HV01,W-03,60
S-005731,C-0245,2026-02-05,FA03,W-13,30
S-005732,C-0261,2026-02-05,TR02,W-06,45
S-005733,C-0261,2026-02-05,IN01,W-06,30
S-005734,C-0264,2026-02-05,IN01,W-08,20
S-005735,C-0278,2026-02-05,HV01,W-04,45
S-005736,C-0279,2026-02-05, in01  ,W-03,45
S-005737,C-0283,2026-02-05,PH01,W-02,20
S-005738,C-0291,2026-02-05,HV01,W-01,45
S-005739,C-0012,2026-02-06,PH01,W-02,10
S-005740,C-0013,2026-02-06,TR02,W-09,15
S-005741,C-0024,2026-02-06,CN01,W-08,10
S-005742,C-0079,2026-02-06,TR02,W-06,15
S-005743,C-0080,2026-02-06,CN01,W-10,10
S-005744,C-0086,2026-02-06,FA01,W-10,45
S-005745,C-0094,2026-02-06,CO01,W-12,60
S-005746,C-0099,2026-02-06,PH01,W-02,5
S-005747,C-0101,2026-02-06,CN01,W-01,20
S-005748,C-0124,2026-02-06,HV01,W-02,90
S-005749,C-0126,2026-02-06,FA02,W-13,45
S-005750,C-0131,2026-02-06,PH01,W-09,15
S-005751,C-0133,2026-02-06,CO02,W-12,60
S-005752,C-0138,2026-02-06,IN01,W-04,30
S-005753,C-0138,2026-02-06,HV01,W-05,45
S-005754,C-0144,2026-02-06,FA03,W-13,45
S-005755,C-0151,2026-02-06,FA01,W-02,20
S-005756,C-0151,2026-02-06,CN01 ,W-02,30
S-005757,C-0156,2026-02-06,FA03,W-13,20
S-005758,C-0156,2026-02-06,PH01,W-05,5
S-005759,C-0161,2026-02-06,CO02,W-12,90
S-005760,C-0164,2026-02-06,CO02,W-12,60
S-005761,C-0167,2026-02-06,HV01,W-04,60
S-005762,C-0167,2026-02-06,CN01,W-09,30
S-005763,C-0179,2026-02-06,TR01,W-05,45
S-005764,C-0180,2026-02-06,CO02,W-11,90
S-005765,C-0193,2026-02-06,TR02,W-01,20
S-005766,C-0200,2026-02-06,CO02,W-12,90
S-005767,C-0208,2026-02-06,FA02,W-13,30
S-005768,C-0217,2026-02-06,CH02,W-06,60
S-005769,C-0219,2026-02-06,CN01,W-04,10
S-005770,C-0228,2026-02-06,HV01,W-05,120
S-005771,C-0235,2026-02-06,CN01,W-09,30
S-005772,C-0235,2026-02-06,PH01,W-09,10
S-005773,C-0241,2026-02-06,CN01,W-04,15
S-005774,C-0246,2026-02-06,PH01,W-10,10
S-005775,C-0246,2026-02-06,CH02,W-01,90
S-005776,C-0249,2026-02-06,FA03,W-13,30
S-005777,C-0256,2026-02-06,PH01,W-03,10
S-005778,C-0261,2026-02-06,ID01,W-06,15
S-005779,C-0265,2026-02-06,TR01,W-10,20
S-005780,C-0265,2026-02-06,CN01,W-10,15
S-005781,C-0298,2026-02-06,FA02,W-13,20
S-005782,C-0300,2026-02-06,co01,W-11,50
S-005783,C-0027,2026-02-07,FA02,W-14,20
S-005784,C-0034,2026-02-07,CN01,W-03,30
S-005785,C-0035,2026-02-07,RF01,W-03,20
S-005786,C-0040,2026-02-07,CH02,W-01,45
S-005787,C-0041,2026-02-07,CN01,W-05,30
S-005788,C-0063,2026-02-07,TR02,W-06,30
S-005789,C-0070,2026-02-07,RF01,W-01,15
S-005790,C-0075,2026-02-07,PH01,W-02,20
S-005791,C-0083,2026-02-07,CO02,W-11,90
S-005792,C-0093,2026-02-07,ID01,W-08,30
S-005793,C-0095,2026-02-07,IN01,W-06,15
S-005794,C-0115,2026-02-07,HV01,W-01,60
S-005795,C-0115,2026-02-07,IN01,W-04,45
S-005796,C-0130,2026-02-07,PH01 ,W-04,15
S-005797,C-0130,2026-02-07,tr02,W-04,45
S-005798,C-0131,2026-02-07,ID01,W-09,15
S-005799,C-0133,2026-02-07,CN01,W-09,15
S-005800,C-0133,2026-02-07,CN01,W-09,15
S-005801,C-0160,2026-02-07,CN01,W-05,15
S-005802,C-0161,2026-02-07,HV01,W-03,90
S-005803,C-0164,2026-02-07,PH01,W-09,5
S-005804,C-0173,2026-02-07,PH01,W-04,5
S-005805,C-0176,2026-02-07,CO01,W-11,60
S-005806,C-0186,2026-02-07,IN01,W-06,30
S-005807,C-0207,2026-02-07,TR02,W-10,20
S-005808,C-0214,2026-02-07,CN01,W-09,20
S-005809,C-0217,2026-02-07,PH01,W-01,20
S-005810,C-0224,2026-02-07,CN01,W-08,30
S-005811,C-0228,2026-02-07,co01,W-12,50
S-005812,C-0245,2026-02-07,TR01,W-03,15
S-005813,C-0261,2026-02-07,CN01,W-06,20
S-005814,C-0273,2026-02-07,CN01,W-01,15
S-005815,C-0278,2026-02-07,RF01,W-02,10
S-005816,C-0291,2026-02-07,CO01,W-12,60
S-005817,C-0291,2026-02-07,CN01,W-03,20
S-005818,C-0292,2026-02-07,IN01,W-07,20
S-005819,C-0294,2026-02-07,PH01,W-03,5
S-005820,C-0298,2026-02-07,FA03,W-14,15
S-005821,C-0299,2026-02-07,IN01,W-08,15
S-005822,C-0299,2026-02-07,RF01,W-08,10
S-005823,C-0299,2026-02-07,ID01,W-08,30
S-005824,C-0012,2026-02-08,IN01,W-02,30
S-005825,C-0024,2026-02-08,FA02,W-13,20
S-005826,C-0026,2026-02-08,IN01,W-10,45
S-005827,C-0027,2026-02-08,FA02,W-14,30
S-005828,C-0034,2026-02-08,RF01,W-03,10
S-005829,C-0048,2026-02-08,FA03,W-14,45
S-005830,C-0048,2026-02-08,HV01,W-02,120
S-005831,C-0063,2026-02-08,TR01,W-06,20
S-005832,C-0063,2026-02-08,CH02,W-01,60
S-005833,C-0080,2026-02-08,RF01,W-10,20
S-005834,C-0083,2026-02-08,CO01 ,W-12,90
S-005835,C-0088,2026-02-08,HV01,W-06,90
S-005836,C-0092,2026-02-08,CN01,W-05,10
S-005837,C-0101,2026-02-08,TR02,W-01,15
S-005838,C-0110,2026-02-08,FA02,W-14,15
S-005839,C-0114,2026-02-08,CH02,W-01,60
S-005840,C-0114,2026-02-08,HV01,W-02,90
S-005841,C-0131,2026-02-08,IN01,W-09,15
S-005842,C-0133,2026-02-08,CH02,W-02,60
S-005843,C-0133,2026-02-08,TR01,W-09,45
S-005844,C-0134,2026-02-08,IN01,W-07,30
S-005845,C-0147,2026-02-08,ID01,W-02,30
S-005846,C-0151,2026-02-08,RF01,W-02,30
S-005847,C-0152,2026-02-08,fa02,W-14,20
S-005848,C-0160,2026-02-08,FA02,W-13,45
S-005848,C-0160,2026-02-08,FA02,W-13,45
S-005849,C-0171,2026-02-08,CN01,W-07,10
S-005850,C-0180,2026-02-08,CN01,W-02,15
S-005851,C-0188,2026-02-08,PH01,W-07,5
S-005852,C-0197,2026-02-08,CO01,W-11,50
S-005853,C-0204,2026-02-08,ID01,W-04,45
S-005854,C-0204,2026-02-08,FA02,W-14,20
S-005855,C-0207,2026-02-08,FA03,W-13,30
S-005856,C-0215,2026-02-08,CH02,W-02,60
S-005857,C-0228,2026-02-08,TR01,W-02,45
S-005858,C-0229,2026-02-08,CN01,W-02,15
S-005859,C-0229,2026-02-08,HV01,W-04,60
S-005860,C-0238,2026-02-08,RF01,W-03,15
S-005861,C-0247,2026-02-08,RF01,W-03,30
S-005862,C-0279,2026-02-08,PH01,W-03,20
S-005863,C-0283,2026-02-08,CN01,W-02,15
S-005864,C-0299,2026-02-08,ID01,W-08,15
S-005865,C-0008,2026-02-09,CN01,W-09,10
S-005866,C-0012,2026-02-09,PH01,W-02,20
S-005867,C-0014,2026-02-09,CN01,W-09,20
S-005868,C-0035,2026-02-09,CN01,W-03,20
S-005869,C-0036,2026-02-09,CN01,W-09,10
S-005870,C-0037,2026-02-09,CH02,W-03,90
S-005871,C-0047,2026-02-09,CN01,W-07,30
S-005872,C-0062,2026-02-09, in01  ,W-10,30
S-005873,C-0062,2026-02-09,ID01 ,W-10,45
S-005874,C-0063,2026-02-09,HV01,W-03,120
S-005875,C-0088,2026-02-09,RF01,W-06,10
S-005876,C-0092,2026-02-09,FA01,W-05,15
S-005877,C-0101,2026-02-09,FA01,W-01,30
S-005878,C-0101,2026-02-09,CO02,W-12,90
S-005879,C-0115,2026-02-09,FA01,W-04,30
S-005880,C-0119,2026-02-09,CN01,W-03,20
S-005881,C-0133,2026-02-09,CN01,W-09,15
S-005882,C-0134,2026-02-09,tr02,W-07,15
S-005883,C-0138,2026-02-09,HV01,W-02,45
S-005884,C-0154,2026-02-09,CN01,W-08,20
S-005885,C-0156,2026-02-09,IN01,W-05,30
S-005886,C-0161,2026-02-09,CH02,W-06,60
S-005887,C-0167,2026-02-09,CN01,W-09,30
S-005888,C-0171,2026-02-09,FA02,W-13,20
S-005889,C-0174,2026-02-09,PH01 ,W-02,10
S-005890,C-0188,2026-02-09,FA02,W-13,30
S-005891,C-0188,2026-02-09,PH01,W-07,15
S-005892,C-0191,2026-02-09,CN01,W-05,20
S-005893,C-0204,2026-02-09,CN01,W-04,20
S-005894,C-0205,2026-02-09,PH01,W-04,15
S-005895,C-0210,2026-02-09,PH01,W-07,5
S-005896,C-0229,2026-02-09,CN01,W-02,20
S-005897,C-0238,2026-02-09,TR02,W-03,45
S-005898,C-0247,2026-02-09,PH01,W-03,10
S-005899,C-0249,2026-02-09,HV01,W-06,60
S-005900,C-0252,2026-02-09,CN01,W-04,10
S-005901,C-0256,2026-02-09,CO01,W-12,60
S-005902,C-0256,2026-02-09,PH01,W-03,15
S-005903,C-0261,2026-02-09,FA01,W-06,20
S-005904,C-0278,2026-02-09,PH01,W-02,20
S-005905,C-0278,2026-02-09,CH02,W-05,45
S-005906,C-0279,2026-02-09,FA01,W-03,30
S-005907,C-0283,2026-02-09,CN01,W-02,20
S-005908,C-0286,2026-02-09,CO01,W-12,90
S-005909,C-0289,2026-02-09,RF01,W-10,20
S-005910,C-0290,2026-02-09,PH01 ,W-04,15
S-005911,C-0294,2026-02-09,CN01,W-03,20
S-005912,C-0299,2026-02-09,TR01,W-08,20
S-005913,C-0018,2026-02-10,ph01,W-05,20
S-005914,C-0028,2026-02-10,CN01 ,W-06,15
S-005915,C-0035,2026-02-10,CN01,W-03,20
S-005916,C-0048,2026-02-10,CN01,W-02,20
S-005917,C-0048,2026-02-10,TR02 ,W-02,45
S-005918,C-0057,2026-02-10,PH01,W-02,15
S-005919,C-0063,2026-02-10,CH02,W-02,90
S-005920,C-0066,2026-02-10,IN01,W-05,15
S-005921,C-0094,2026-02-10,CO01,W-11,60
S-005922,C-0097,2026-02-10,TR02,W-09,30
S-005923,C-0104,2026-02-10,CN01,W-10,30
S-005924,C-0109,2026-02-10,CN01,W-07,10
S-005925,C-0110,2026-02-10,RF01,W-02,30
S-005926,C-0115,2026-02-10,IN01,W-04,20
S-005926,C-0115,2026-02-10,IN01,W-04,20
S-005927,C-0134,2026-02-10,FA03,W-14,30
S-005928,C-0146,2026-02-10,CN01,W-08,10
S-005929,C-0147,2026-02-10,CO01,W-12,50
S-005930,C-0164,2026-02-10,CH02,W-03,120
S-005931,C-0168,2026-02-10,CN01 ,W-04,20
S-005932,C-0187,2026-02-10,CO02,W-11,60
S-005933,C-0197,2026-02-10,CN01,W-01,10
S-005934,C-0207,2026-02-10,PH01,W-10,5
S-005935,C-0208,2026-02-10,IN01,W-09,15
S-005936,C-0214,2026-02-10,CN01,W-09,20
S-005937,C-0219,2026-02-10,CO01,W-12,50
S-005938,C-0219,2026-02-10,FA02,W-13,15
S-005939,C-0223,2026-02-10,CO01,W-11,50
S-005940,C-0229,2026-02-10,RF01,W-02,20
S-005941,C-0241,2026-02-10,rf01,W-04,20
S-005942,C-0286,2026-02-10,RF01 ,W-05,30
S-005943,C-0291,2026-02-10,CN01,W-03,30
S-005944,C-0291,2026-02-10,TR02,W-03,30
S-005945,C-0001,2026-02-11,ID01,W-04,15
S-005946,C-0016,2026-02-11,CN01,W-09,30
S-005947,C-0017,2026-02-11,RF01,W-09,30
S-005948,C-0028,2026-02-11,HV01,W-03,90
S-005949,C-0030,2026-02-11,CN01,W-03,30
S-005950,C-0036,2026-02-11,CN01,W-09,10
S-005951,C-0037,2026-02-11,CO02,W-12,60
S-005952,C-0037,2026-02-11,HV01,W-03,45
S-005953,C-0040,2026-02-11,hv01,W-06,45
S-005954,C-0048,2026-02-11,CN01,W-02,10
S-005955,C-0057,2026-02-11,FA03,W-13,15
S-005956,C-0065,2026-02-11,CN01,W-02,30
S-005957,C-0082,2026-02-11,CO01,W-12,50
S-005958,C-0092,2026-02-11,PH01,W-05,15
S-005959,C-0097,2026-02-11,FA01,W-09,20
S-005960,C-0097,2026-02-11,RF01,W-09,10
S-005961,C-0114,2026-02-11,CO01,W-11,90
S-005962,C-0114,2026-02-11,CO02,W-12,60
S-005963,C-0129,2026-02-11,TR01,W-04,20
S-005964,C-0130,2026-02-11,RF01,W-04,30
S-005965,C-0143,2026-02-11,CH02,W-04,120
S-005966,C-0174,2026-02-11,PH01,W-02,10
S-005967,C-0188,2026-02-11,TR01 ,W-07,15
S-005968,C-0197,2026-02-11,IN01,W-01,15
S-005969,C-0219,2026-02-11,CO02,W-11,50
S-005970,C-0223,2026-02-11,CO01,W-12,50
S-005971,C-0228,2026-02-11,CN01,W-02,15
S-005972,C-0238,2026-02-11,FA01,W-03,45
S-005973,C-0238,2026-02-11,CN01,W-03,30
S-005974,C-0252,2026-02-11,PH01,W-04,5
S-005975,C-0278,2026-02-11,RF01,W-02,10
S-005976,C-0278,2026-02-11,FA01,W-02,30
S-005977,C-0278,2026-02-11,RF01,W-02,10
S-005977,C-0278,2026-02-11,RF01,W-02,10
S-005978,C-0279,2026-02-11,TR02,W-03,20
S-005979,C-0286,2026-02-11,FA01,W-05,45
S-005980,C-0294,2026-02-11,CO01,W-11,90
S-005981,C-0300,2026-02-11,FA01,W-05,20
S-005982,C-0001,2026-02-12,CN01,W-04,20
S-005983,C-0016,2026-02-12,FA02,W-13,20
S-005984,C-0016,2026-02-12,CN01 ,W-09,10
S-005985,C-0030,2026-02-12,PH01,W-03,5
S-005986,C-0050,2026-02-12,rf01,W-06,10
S-005987,C-0057,2026-02-12,FA03,W-13,20
S-005988,C-0063,2026-02-12,ID01 ,W-06,20
S-005989,C-0065,2026-02-12,HV01,W-06,90
S-005990,C-0094,2026-02-12,CO02,W-12,90
S-005991,C-0110,2026-02-12,CH02,W-05,60
S-005992,C-0114,2026-02-12,PH01,W-08,15
S-005993,C-0115,2026-02-12,FA01,W-04,15
S-005994,C-0126,2026-02-12,CN01,W-02,20
S-005995,C-0129,2026-02-12,HV01,W-03,120
S-005996,C-0130,2026-02-12,HV01,W-06,45
S-005997,C-0131,2026-02-12,TR02,W-09,20
S-005998,C-0161,2026-02-12,HV01 ,W-05,90
S-005999,C-0164,2026-02-12,PH01,W-09,5
S-006000,C-0168,2026-02-12,PH01,W-04,5
S-006001,C-0193,2026-02-12,FA02,W-13,45
S-006002,C-0200,2026-02-12,PH01,W-04,5
S-006003,C-0208,2026-02-12,CN01,W-09,10
S-006004,C-0224,2026-02-12,CO02,W-11,90
S-006005,C-0241,2026-02-12,IN01,W-04,20
S-006006,C-0245,2026-02-12,CN01,W-03,20
S-006007,C-0252,2026-02-12,PH01,W-04,20
S-006008,C-0256,2026-02-12,CN01 ,W-03,15
S-006009,C-0264,2026-02-12,CN01,W-08,10
S-006010,C-0265,2026-02-12,FA01,W-10,45
S-006011,C-0278,2026-02-12,IN01,W-02,20
S-006012,C-0012,2026-02-13,CN01,W-02,20
S-006013,C-0035,2026-02-13,FA03,W-14,15
S-006014,C-0050,2026-02-13,CH02,W-06,90
S-006015,C-0063,2026-02-13,FA01,W-06,30
S-006016,C-0070,2026-02-13,CH02,W-05,120
S-006017,C-0079,2026-02-13,CN01,W-06,15
S-006018,C-0099,2026-02-13,CH02,W-04,60
S-006019,C-0114,2026-02-13,TR01,W-08,20
S-006020,C-0121,2026-02-13,CN01,W-05,15
S-006021,C-0133,2026-02-13,CH02,W-02,120
S-006022,C-0153,2026-02-13,HV01,W-03,45
S-006023,C-0154,2026-02-13,FA02,W-13,30
S-006024,C-0163,2026-02-13,PH01,W-01,15
S-006025,C-0167,2026-02-13,CO01,W-12,50
S-006026,C-0172,2026-02-13,HV01,W-03,120
S-006027,C-0193,2026-02-13,HV01,W-02,90
S-006028,C-0194,2026-02-13,PH01,W-02,20
S-006029,C-0196,2026-02-13,FA02,W-13,30
S-006030,C-0200,2026-02-13,PH01,W-04,20
S-006031,C-0215,2026-02-13,PH01,W-07,20
S-006032,C-0217,2026-02-13,CN01,W-01,30
S-006033,C-0217,2026-02-13,CO01,W-12,90
S-006033,C-0217,2026-02-13,CO01,W-12,90
S-006034,C-0223,2026-02-13,CO01 ,W-11,50
S-006035,C-0224,2026-02-13,PH01,W-08,10
S-006036,C-0224,2026-02-13,CO02,W-12,50
S-006037,C-0224,2026-02-13,TR01,W-08,20
S-006038,C-0229,2026-02-13,PH01,W-02,5
S-006039,C-0241,2026-02-13,CH02,W-05,45
S-006040,C-0241,2026-02-13,IN01,W-04,20
S-006041,C-0300,2026-02-13,PH01,W-05,5
S-006042,C-0012,2026-02-14,PH01 ,W-02,5
S-006043,C-0012,2026-02-14,CH02,W-01,45
S-006044,C-0014,2026-02-14,PH01,W-09,20
S-006045,C-0016,2026-02-14,PH01,W-09,15
S-006046,C-0034,2026-02-14,FA02,W-14,45
S-006047,C-0036,2026-02-14,CO01,W-12,60
S-006048,C-0040,2026-02-14,CN01,W-02,30
S-006049,C-0044,2026-02-14,RF01,W-03,10
S-006050,C-0047,2026-02-14,CH02,W-03,120
S-006051,C-0056,2026-02-14,CH02,W-04,120
S-006052,C-0057,2026-02-14,CN01,W-02,20
S-006053,C-0061,2026-02-14,HV01 ,W-01,45
S-006054,C-0065,2026-02-14,FA02,W-14,15
S-006055,C-0065,2026-02-14,PH01,W-02,20
S-006056,C-0070,2026-02-14,CN01,W-01,30
S-006057,C-0079,2026-02-14,CH02,W-05,90
S-006058,C-0102,2026-02-14,CO02,W-12,90
S-006059,C-0114,2026-02-14,CO01,W-12,50
S-006060,C-0120,2026-02-14,CO01,W-12,50
S-006061,C-0121,2026-02-14,HV01,W-01,45
S-006062,C-0124,2026-02-14,TR02,W-03,20
S-006063,C-0130,2026-02-14,PH01,W-04,5
S-006064,C-0152,2026-02-14,PH01,W-08,5
S-006065,C-0156,2026-02-14,IN01,W-05,45
S-006066,C-0160,2026-02-14,PH01,W-05,15
S-006067,C-0171,2026-02-14,fa02,W-14,45
S-006068,C-0173,2026-02-14,PH01,W-04,15
S-006069,C-0174,2026-02-14,HV01,W-03,90
S-006070,C-0176,2026-02-14,CO01,W-11,90
S-006071,C-0183,2026-02-14,CN01,W-05,30
S-006072,C-0191,2026-02-14,CO01,W-11,90
S-006073,C-0191,2026-02-14,RF01,W-05,30
S-006074,C-0196,2026-02-14,PH01,W-05,10
S-006075,C-0207,2026-02-14,HV01,W-05,120
S-006076,C-0229,2026-02-14,HV01 ,W-02,60
S-006077,C-0246,2026-02-14,CH02,W-02,60
S-006078,C-0246,2026-02-14,CO01,W-11,50
S-006079,C-0255,2026-02-14,TR02,W-03,15
S-006080,C-0256,2026-02-14,CN01,W-03,15
S-006081,C-0265,2026-02-14,PH01,W-10,5
S-006082,C-0276,2026-02-14,HV01,W-03,60
S-006083,C-0287,2026-02-14,CN01,W-06,15
S-006084,C-0287,2026-02-14,TR01 ,W-06,45
S-006085,C-0294,2026-02-14,RF01,W-03,15
S-006086,C-0028,2026-02-15,CN01,W-06,30
S-006087,C-0036,2026-02-15,FA01,W-09,30
S-006088,C-0040,2026-02-15,CH02,W-06,60
S-006089,C-0083,2026-02-15,CH02,W-05,120
S-006090,C-0086,2026-02-15,CH02,W-03,60
S-006091,C-0091,2026-02-15,ID01,W-10,45
S-006092,C-0099,2026-02-15,CO01,W-11,60
S-006093,C-0109,2026-02-15,ID01,W-07,20
S-006094,C-0114,2026-02-15,RF01,W-08,15
S-006095,C-0121,2026-02-15,CN01,W-05,30
S-006096,C-0130,2026-02-15,RF01,W-04,10
S-006097,C-0130,2026-02-15,PH01,W-04,20
S-006098,C-0131,2026-02-15,FA01,W-09,45
S-006099,C-0138,2026-02-15,PH01,W-04,15
S-006100,C-0143,2026-02-15,FA02,W-13,45
S-006101,C-0146,2026-02-15,RF01,W-08,20
S-006102,C-0146,2026-02-15,CO02,W-12,60
S-006103,C-0151,2026-02-15,CN01,W-02,15
S-006104,C-0153,2026-02-15,PH01,W-05,10
S-006105,C-0153,2026-02-15,IN01,W-05,45
S-006106,C-0154,2026-02-15,FA03,W-14,30
S-006107,C-0156,2026-02-15,HV01,W-02,90
S-006108,C-0156,2026-02-15,IN01,W-05,15
S-006109,C-0157,2026-02-15,HV01,W-05,45
S-006110,C-0161,2026-02-15,CN01,W-08,20
S-006111,C-0164,2026-02-15,PH01,W-09,15
S-006112,C-0174,2026-02-15,CN01,W-02,10
S-006113,C-0188,2026-02-15,in01,W-07,30
S-006114,C-0205,2026-02-15,CH02,W-06,45
S-006115,C-0207,2026-02-15,tr02,W-10,20
S-006116,C-0214,2026-02-15,PH01,W-09,15
S-006117,C-0223,2026-02-15,PH01,W-06,10
S-006118,C-0224,2026-02-15,CO01,W-11,90
S-006119,C-0224,2026-02-15,FA01,W-08,20
S-006120,C-0227,2026-02-15,IN01,W-08,15
S-006121,C-0228,2026-02-15,PH01,W-02,5
S-006122,C-0246,2026-02-15,CH02,W-04,60
S-006123,C-0261,2026-02-15,FA01,W-06,20
S-006124,C-0276,2026-02-15,CN01,W-05,30
S-006125,C-0283,2026-02-15,FA02,W-14,30
S-006126,C-0300,2026-02-15,RF01,W-05,20
S-006127,C-0012,2026-02-16,CN01,W-02,15
S-006128,C-0018,2026-02-16,PH01,W-05,15
S-006129,C-0046,2026-02-16,cn01,W-06,30
S-006130,C-0065,2026-02-16,FA02,W-13,15
S-006131,C-0074,2026-02-16,CO01,W-12,60
S-006132,C-0083,2026-02-16,HV01,W-04,90
S-006133,C-0091,2026-02-16,TR01,W-10,15
S-006134,C-0091,2026-02-16,RF01,W-10,10
S-006135,C-0102,2026-02-16,CO02,W-11,50
S-006136,C-0119,2026-02-16,HV01,W-04,60
S-006137,C-0124,2026-02-16,PH01,W-03,5
S-006138,C-0130,2026-02-16,PH01,W-04,15
S-006139,C-0147,2026-02-16,IN01,W-02,30
S-006140,C-0147,2026-02-16,CH02,W-04,90
S-006141,C-0157,2026-02-16,CH02,W-03,90
S-006142,C-0160,2026-02-16,FA02,W-14,15
S-006143,C-0161,2026-02-16,PH01 ,W-08,5
S-006144,C-0173,2026-02-16,RF01,W-04,30
S-006145,C-0191,2026-02-16,CO01 ,W-12,50
S-006146,C-0196,2026-02-16,CN01,W-05,10
S-006147,C-0208,2026-02-16,FA03,W-14,30
S-006148,C-0219,2026-02-16,HV01,W-02,90
S-006149,C-0223,2026-02-16,CN01,W-06,15
S-006150,C-0223,2026-02-16,PH01,W-06,5
S-006151,C-0238,2026-02-16,CN01,W-03,15
S-006152,C-0247,2026-02-16,RF01,W-03,30
S-006153,C-0264,2026-02-16,IN01,W-08,45
S-006154,C-0276,2026-02-16,TR02 ,W-05,45
S-006155,C-0278,2026-02-16,CO02,W-12,90
S-006156,C-0278,2026-02-16,FA02,W-14,20
S-006157,C-0279,2026-02-16,PH01,W-03,15
S-006158,C-0283,2026-02-16,FA03,W-14,15
S-006159,C-0286,2026-02-16,CN01,W-05,15
S-006160,C-0292,2026-02-16,CN01,W-07,20
S-006161,C-0294,2026-02-16,CN01,W-03,10
S-006162,C-0294,2026-02-16,TR02,W-03,30
S-006163,C-0299,2026-02-16,CH02,W-05,90
S-006164,C-0300,2026-02-16,PH01,W-05,10
S-006165,C-0001,2026-02-17,FA01,W-04,45
S-006166,C-0001,2026-02-17,CO02,W-12,50
S-006167,C-0003,2026-02-17,RF01,W-02,15
S-006168,C-0012,2026-02-17,FA03,W-13,45
S-006169,C-0030,2026-02-17,CN01,W-03,20
S-006170,C-0035,2026-02-17,CH02,W-05,45
S-006171,C-0057,2026-02-17,CH02,W-04,60
S-006172,C-0058,2026-02-17,CH02,W-04,120
S-006173,C-0058,2026-02-17,TR01,W-09,20
S-006174,C-0083,2026-02-17,TR02,W-09,45
S-006175,C-0086,2026-02-17,CH02,W-03,45
S-006176,C-0104,2026-02-17,CH02,W-04,90
S-006177,C-0104,2026-02-17,IN01,W-10,15
S-006178,C-0113,2026-02-17,HV01,W-04,90
S-006179,C-0115,2026-02-17,FA03,W-13,20
S-006180,C-0115,2026-02-17,FA02,W-13,30
S-006181,C-0115,2026-02-17,CN01 ,W-04,15
S-006182,C-0144,2026-02-17,HV01,W-06,120
S-006183,C-0151,2026-02-17,FA03,W-14,20
S-006184,C-0153,2026-02-17,FA03,W-13,30
S-006185,C-0153,2026-02-17,PH01,W-05,20
S-006186,C-0160,2026-02-17,PH01,W-05,15
S-006187,C-0161,2026-02-17,IN01,W-08,20
S-006188,C-0161,2026-02-17,ID01,W-08,15
S-006189,C-0167,2026-02-17,CO01,W-11,90
S-006190,C-0171,2026-02-17,CN01,W-07,10
S-006191,C-0173,2026-02-17,CN01,W-04,20
S-006192,C-0174,2026-02-17,IN01 ,W-02,20
S-006193,C-0207,2026-02-17,CH02,W-04,60
S-006194,C-0223,2026-02-17,CN01,W-06,10
S-006195,C-0227,2026-02-17,fa01,W-08,30
S-006196,C-0229,2026-02-17,CO02,W-11,50
S-006197,C-0248,2026-02-17,HV01,W-05,120
S-006198,C-0264,2026-02-17,FA02,W-14,15
S-006199,C-0283,2026-02-17,FA03,W-13,30
S-006200,C-0283,2026-02-17,FA02,W-13,45
S-006201,C-0286,2026-02-17,IN01,W-05,20
S-006202,C-0292,2026-02-17,IN01,W-07,30
S-006203,C-0300,2026-02-17,CO01,W-11,60
S-006204,C-0003,2026-02-18,HV01,W-03,45
S-006205,C-0010,2026-02-18,CN01,W-01,15
S-006206,C-0012,2026-02-18,TR02,W-02,20
S-006207,C-0013,2026-02-18,TR01,W-09,45
S-006208,C-0026,2026-02-18,CO02,W-12,60
S-006209,C-0026,2026-02-18,in01,W-10,20
S-006210,C-0046,2026-02-18,CO01,W-11,60
S-006211,C-0047,2026-02-18,PH01,W-07,15
S-006212,C-0057,2026-02-18,FA02,W-14,15
S-006213,C-0072,2026-02-18,CN01,W-02,10
S-006214,C-0088,2026-02-18,FA01,W-06,20
S-006215,C-0092,2026-02-18,CO01,W-11,90
S-006216,C-0113,2026-02-18,PH01,W-07,15
S-006217,C-0121,2026-02-18,CN01 ,W-05,20
S-006218,C-0126,2026-02-18,FA01,W-02,45
S-006219,C-0129,2026-02-18,TR02 ,W-04,45
S-006220,C-0133,2026-02-18,CN01,W-09,15
S-006221,C-0133,2026-02-18,FA03,W-13,45
S-006222,C-0147,2026-02-18,CN01,W-02,30
S-006223,C-0156,2026-02-18,CN01,W-05,10
S-006224,C-0160,2026-02-18,CO01,W-12,50
S-006225,C-0168,2026-02-18,PH01,W-04,20
S-006226,C-0171,2026-02-18,IN01,W-07,15
S-006227,C-0186,2026-02-18,CN01 ,W-06,15
S-006228,C-0188,2026-02-18,TR02,W-07,15
S-006229,C-0193,2026-02-18,ID01,W-01,45
S-006230,C-0193,2026-02-18,co01,W-12,50
S-006231,C-0194,2026-02-18,TR02 ,W-02,30
S-006232,C-0196,2026-02-18,FA01,W-05,15
S-006233,C-0197,2026-02-18,HV01,W-03,120
S-006234,C-0197,2026-02-18,CN01,W-01,30
S-006235,C-0205,2026-02-18,PH01,W-04,15
S-006236,C-0207,2026-02-18,CH02,W-04,120
S-006237,C-0214,2026-02-18,HV01,W-03,60
S-006238,C-0215,2026-02-18,HV01,W-01,120
S-006239,C-0217,2026-02-18,CN01,W-01,15
S-006240,C-0223,2026-02-18,tr01,W-06,15
S-006241,C-0224,2026-02-18,RF01,W-08,15
S-006242,C-0224,2026-02-18,FA02,W-14,20
S-006243,C-0241,2026-02-18,CH02,W-03,60
S-006244,C-0246,2026-02-18,cn01,W-10,15
S-006245,C-0248,2026-02-18,CN01,W-04,10
S-006246,C-0255,2026-02-18,CO01,W-12,60
S-006247,C-0265,2026-02-18,FA01,W-10,20
S-006248,C-0278,2026-02-18,FA01,W-02,20
S-006249,C-0284,2026-02-18,RF01,W-08,20
S-006250,C-0289,2026-02-18,HV01,W-06,60
S-006251,C-0292,2026-02-18,PH01,W-07,5
S-006252,C-0014,2026-02-19,PH01,W-09,10
S-006253,C-0030,2026-02-19,CO01,W-11,60
S-006254,C-0035,2026-02-19,ph01,W-03,20
S-006255,C-0063,2026-02-19,PH01,W-06,20
S-006256,C-0065,2026-02-19,CN01,W-02,10
S-006257,C-0066,2026-02-19,CN01,W-05,20
S-006258,C-0074,2026-02-19,HV01,W-02,60
S-006259,C-0083,2026-02-19,PH01,W-09,10
S-006260,C-0086,2026-02-19,PH01,W-10,15
S-006261,C-0089,2026-02-19,RF01,W-06,15
S-006262,C-0104,2026-02-19,CN01,W-10,10
S-006263,C-0146,2026-02-19,IN01,W-08,15
S-006264,C-0173,2026-02-19,CO01,W-12,60
S-006265,C-0188,2026-02-19,PH01,W-07,5
S-006266,C-0205,2026-02-19,CN01,W-04,10
S-006267,C-0219,2026-02-19,FA01,W-04,45
S-006268,C-0241,2026-02-19,CN01,W-04,15
S-006269,C-0246,2026-02-19,TR02,W-10,20
S-006270,C-0252,2026-02-19,CN01,W-04,30
S-006271,C-0264,2026-02-19,CN01,W-08,15
S-006272,C-0286,2026-02-19,FA02,W-14,45
S-006273,C-0289,2026-02-19,HV01,W-05,45
S-006274,C-0014,2026-02-20,CN01,W-09,20
S-006275,C-0016,2026-02-20,FA02,W-13,15
S-006276,C-0034,2026-02-20,RF01,W-03,30
S-006277,C-0036,2026-02-20,PH01,W-09,10
S-006278,C-0037,2026-02-20,CN01,W-02,10
S-006279,C-0044,2026-02-20,CO01,W-11,60
S-006280,C-0046,2026-02-20,tr02,W-06,45
S-006281,C-0054,2026-02-20,FA02,W-13,30
S-006282,C-0063,2026-02-20,FA02,W-13,20
S-006283,C-0065,2026-02-20,HV01,W-06,120
S-006284,C-0072,2026-02-20,FA01,W-02,20
S-006285,C-0074,2026-02-20,FA01,W-02,20
S-006286,C-0088,2026-02-20,PH01,W-06,15
S-006287,C-0091,2026-02-20,PH01,W-10,15
S-006288,C-0097,2026-02-20,CH02,W-04,45
S-006289,C-0109,2026-02-20,HV01,W-03,90
S-006290,C-0109,2026-02-20,RF01,W-07,15
S-006291,C-0130,2026-02-20,CN01,W-04,30
S-006292,C-0146,2026-02-20,HV01,W-01,120
S-006293,C-0152,2026-02-20,CN01,W-08,30
S-006294,C-0152,2026-02-20,HV01,W-01,60
S-006295,C-0153,2026-02-20,TR02,W-05,45
S-006296,C-0161,2026-02-20,ID01,W-08,20
S-006297,C-0164,2026-02-20,CN01,W-09,10
S-006298,C-0168,2026-02-20,CN01,W-04,20
S-006299,C-0173,2026-02-20,CO02,W-11,60
S-006300,C-0179,2026-02-20,FA02,W-14,15
S-006301,C-0187,2026-02-20,CO01,W-11,60
S-006302,C-0205,2026-02-20,CH02,W-03,60
S-006303,C-0217,2026-02-20,IN01,W-01,45
S-006304,C-0224,2026-02-20,HV01,W-02,60
S-006305,C-0228,2026-02-20,CH02,W-04,120
S-006306,C-0228,2026-02-20,CN01,W-02,20
S-006307,C-0228,2026-02-20,FA03,W-13,20
S-006308,C-0245,2026-02-20,IN01,W-03,15
S-006309,C-0248,2026-02-20,PH01,W-04,5
S-006310,C-0256,2026-02-20,CO02,W-11,90
S-006311,C-0279,2026-02-20,CH02,W-06,90
S-006312,C-0279,2026-02-20,CN01,W-03,20
S-006313,C-0287,2026-02-20,CO01,W-12,50
S-006314,C-0003,2026-02-21,CO02,W-12,50
S-006315,C-0034,2026-02-21,PH01,W-03,10
S-006316,C-0041,2026-02-21,ID01,W-05,30
S-006317,C-0044,2026-02-21,CO01,W-12,50
S-006318,C-0050,2026-02-21,IN01,W-06,30
S-006319,C-0054,2026-02-21,ID01,W-07,30
S-006320,C-0057,2026-02-21,FA03,W-13,15
S-006321,C-0065,2026-02-21,CN01 ,W-02,30
S-006322,C-0078,2026-02-21,CO02,W-11,90
S-006323,C-0094,2026-02-21,RF01,W-06,20
S-006324,C-0109,2026-02-21,CN01,W-07,20
S-006325,C-0115,2026-02-21,IN01,W-04,45
S-006326,C-0120,2026-02-21,CH02,W-02,120
S-006327,C-0133,2026-02-21,PH01,W-09,15
S-006328,C-0146,2026-02-21, in01  ,W-08,15
S-006329,C-0147,2026-02-21,IN01,W-02,30
S-006330,C-0147,2026-02-21,HV01,W-02,45
S-006331,C-0173,2026-02-21,CH02,W-06,90
S-006332,C-0188,2026-02-21,TR01,W-07,20
S-006333,C-0193,2026-02-21,HV01,W-04,60
S-006334,C-0200,2026-02-21,RF01,W-04,20
S-006335,C-0200,2026-02-21,FA01 ,W-04,20
S-006336,C-0204,2026-02-21,CH02,W-03,60
S-006337,C-0208,2026-02-21,HV01,W-03,120
S-006338,C-0212,2026-02-21,IN01,W-04,20
S-006339,C-0252,2026-02-21,CO02,W-11,50
S-006340,C-0255,2026-02-21,CN01 ,W-03,30
S-006341,C-0261,2026-02-21,PH01,W-06,15
S-006342,C-0261,2026-02-21,IN01,W-06,30
S-006343,C-0284,2026-02-21,PH01,W-08,15
S-006344,C-0286,2026-02-21,PH01,W-05,15
S-006345,C-0294,2026-02-21,CO01,W-12,50
S-006346,C-0298,2026-02-21,PH01,W-07,20
S-006347,C-0300,2026-02-21,HV01,W-02,45
S-006348,C-0017,2026-02-22,CO02,W-12,90
S-006349,C-0018,2026-02-22,CO02,W-12,50
S-006350,C-0034,2026-02-22,ph01,W-03,5
S-006351,C-0040,2026-02-22,TR02,W-02,20
S-006352,C-0047,2026-02-22,CO02,W-12,50
S-006353,C-0048,2026-02-22,HV01,W-04,90
S-006354,C-0048,2026-02-22,FA01,W-02,20
S-006355,C-0058,2026-02-22,CN01,W-09,10
S-006356,C-0082,2026-02-22,cn01,W-09,20
S-006357,C-0091,2026-02-22,IN01,W-10,45
S-006358,C-0102,2026-02-22,CH02,W-04,60
S-006359,C-0104,2026-02-22,PH01,W-10,5
S-006360,C-0110,2026-02-22,CN01,W-02,20
S-006361,C-0119,2026-02-22,PH01,W-03,5
S-006362,C-0119,2026-02-22,CN01,W-03,30
S-006363,C-0121,2026-02-22,CN01,W-05,30
S-006364,C-0129,2026-02-22,PH01 ,W-04,10
S-006365,C-0131,2026-02-22,FA01,W-09,45
S-006366,C-0133,2026-02-22,CH02,W-05,45
S-006367,C-0138,2026-02-22,PH01,W-04,5
S-006368,C-0146,2026-02-22,IN01,W-08,30
S-006369,C-0160,2026-02-22,PH01,W-05,5
S-006370,C-0160,2026-02-22,CN01,W-05,10
S-006371,C-0164,2026-02-22,PH01,W-09,20
S-006372,C-0205,2026-02-22,CN01,W-04,30
S-006373,C-0208,2026-02-22,FA03,W-14,15
S-006374,C-0214,2026-02-22,CN01,W-09,20
S-006375,C-0219,2026-02-22,ID01,W-04,30
S-006376,C-0224,2026-02-22,co01,W-11,90
S-006377,C-0241,2026-02-22,FA01,W-04,20
S-006378,C-0246,2026-02-22,CO02,W-11,60
S-006379,C-0246,2026-02-22,CH02 ,W-01,120
S-006380,C-0283,2026-02-22,RF01,W-02,30
S-006381,C-0295,2026-02-22,PH01,W-04,15
S-006382,C-0018,2026-02-23,PH01,W-05,15
S-006383,C-0028,2026-02-23,PH01,W-06,10
S-006384,C-0035,2026-02-23,IN01,W-03,45
S-006385,C-0035,2026-02-23,CH02,W-06,90
S-006386,C-0040,2026-02-23,RF01,W-02,20
S-006387,C-0041,2026-02-23,CO02,W-11,60
S-006388,C-0044,2026-02-23,CH02,W-02,120
S-006389,C-0047,2026-02-23,RF01,W-07,15
S-006390,C-0047,2026-02-23, hv01  ,W-02,60
S-006391,C-0048,2026-02-23,PH01,W-02,10
S-006392,C-0057,2026-02-23,TR01,W-02,15
S-006393,C-0061,2026-02-23,PH01,W-06,5
S-006394,C-0066,2026-02-23,CN01,W-05,15
S-006395,C-0082,2026-02-23,HV01,W-06,45
S-006396,C-0120,2026-02-23,ID01,W-10,45
S-006397,C-0120,2026-02-23,CN01,W-10,30
S-006398,C-0133,2026-02-23,IN01,W-09,30
S-006399,C-0152,2026-02-23,HV01,W-02,60
S-006400,C-0152,2026-02-23,TR02,W-08,45
S-006401,C-0161,2026-02-23,CN01,W-08,15
S-006402,C-0161,2026-02-23,IN01,W-08,30
S-006403,C-0181,2026-02-23,CO01,W-11,90
S-006404,C-0193,2026-02-23,CO01,W-12,90
S-006405,C-0196,2026-02-23,CO02,W-12,90
S-006406,C-0215,2026-02-23,IN01 ,W-07,30
S-006407,C-0219,2026-02-23,CN01,W-04,30
S-006408,C-0223,2026-02-23,PH01,W-06,20
S-006409,C-0229,2026-02-23,CO02,W-11,90
S-006410,C-0255,2026-02-23,CO02,W-12,90
S-006411,C-0261,2026-02-23,CN01,W-06,15
S-006412,C-0276,2026-02-23,PH01,W-05,20
S-006413,C-0279,2026-02-23,CO01,W-12,50
S-006414,C-0283,2026-02-23,IN01,W-02,30
S-006415,C-0284,2026-02-23,CN01,W-08,20
S-006416,C-0286,2026-02-23,IN01,W-05,20
S-006417,C-0012,2026-02-24,HV01,W-01,45
S-006418,C-0018,2026-02-24,cn01,W-05,30
S-006419,C-0026,2026-02-24,CN01,W-10,10
S-006420,C-0030,2026-02-24,PH01,W-03,10
S-006421,C-0030,2026-02-24,CN01,W-03,10
S-006422,C-0040,2026-02-24,PH01,W-02,5
S-006423,C-0048,2026-02-24,CN01,W-02,20
S-006424,C-0057,2026-02-24,CH02,W-05,120
S-006425,C-0083,2026-02-24,PH01,W-09,5
S-006426,C-0086,2026-02-24,TR01,W-10,30
S-006427,C-0102,2026-02-24,PH01,W-05,15
S-006428,C-0114,2026-02-24,CN01,W-08,30
S-006429,C-0114,2026-02-24,PH01,W-08,15
S-006430,C-0130,2026-02-24,CO02,W-11,50
S-006431,C-0131,2026-02-24,CO01,W-11,60
S-006432,C-0153,2026-02-24,CN01,W-05,15
S-006433,C-0156,2026-02-24,PH01 ,W-05,10
S-006434,C-0161,2026-02-24,CO01,W-11,90
S-006435,C-0167,2026-02-24,CO01,W-11,50
S-006436,C-0169,2026-02-24,RF01,W-07,30
S-006437,C-0171,2026-02-24,CN01,W-07,15
S-006438,C-0172,2026-02-24,CN01,W-06,30
S-006439,C-0178,2026-02-24,FA01,W-06,30
S-006440,C-0191,2026-02-24,PH01,W-05,5
S-006441,C-0193,2026-02-24,CO01,W-11,90
S-006442,C-0207,2026-02-24,TR02,W-10,20
S-006443,C-0223,2026-02-24,PH01,W-06,15
S-006444,C-0228,2026-02-24,FA02,W-14,30
S-006445,C-0237,2026-02-24,CN01,W-10,30
S-006446,C-0246,2026-02-24,PH01,W-10,5
S-006447,C-0273,2026-02-24,CH02,W-06,60
S-006448,C-0276,2026-02-24,RF01,W-05,15
S-006449,C-0286,2026-02-24,CN01,W-05,10
S-006450,C-0289,2026-02-24,RF01,W-10,10
S-006451,C-0018,2026-02-25,PH01,W-05,5
S-006452,C-0034,2026-02-25,FA02,W-13,20
S-006453,C-0056,2026-02-25,CO02,W-11,90
S-006454,C-0080,2026-02-25,CH02,W-01,60
S-006455,C-0083,2026-02-25,CO02,W-11,60
S-006456,C-0091,2026-02-25,TR02,W-10,45
S-006457,C-0095,2026-02-25,PH01,W-06,5
S-006458,C-0095,2026-02-25,PH01,W-06,10
S-006459,C-0097,2026-02-25,IN01,W-09,30
S-006460,C-0102,2026-02-25,CO01,W-11,50
S-006461,C-0115,2026-02-25,CN01,W-04,20
S-006462,C-0146,2026-02-25,fa01,W-08,30
S-006463,C-0146,2026-02-25,HV01,W-04,120
S-006464,C-0188,2026-02-25, rf01  ,W-07,30
S-006465,C-0194,2026-02-25,TR01,W-02,30
S-006466,C-0197,2026-02-25,TR02,W-01,45
S-006467,C-0204,2026-02-25,CN01,W-04,10
S-006468,C-0237,2026-02-25,FA03,W-14,15
S-006469,C-0261,2026-02-25,FA02,W-14,45
S-006470,C-0264,2026-02-25,PH01,W-08,10
S-006471,C-0276,2026-02-25,PH01,W-05,15
S-006472,C-0279,2026-02-25,CH02,W-04,45
S-006473,C-0286,2026-02-25,PH01,W-05,15
S-006474,C-0286,2026-02-25,CN01,W-05,10
S-006475,C-0292,2026-02-25,IN01,W-07,45
S-006476,C-0300,2026-02-25,CO02,W-11,50
S-006477,C-0008,2026-02-26,HV01,W-05,45
S-006478,C-0014,2026-02-26,FA01,W-09,15
S-006479,C-0028,2026-02-26, tr02  ,W-06,15
S-006480,C-0028,2026-02-26,PH01,W-06,20
S-006481,C-0044,2026-02-26,CN01,W-03,30
S-006482,C-0056,2026-02-26,CO01,W-11,90
S-006483,C-0056,2026-02-26,FA01,W-01,30
S-006484,C-0066,2026-02-26,CN01,W-05,15
S-006485,C-0082,2026-02-26,HV01,W-02,45
S-006486,C-0083,2026-02-26,CN01,W-09,20
S-006487,C-0086,2026-02-26,CN01,W-10,30
S-006488,C-0088,2026-02-26,tr01,W-06,45
S-006489,C-0092,2026-02-26,PH01,W-05,15
S-006490,C-0102,2026-02-26,CN01,W-05,30
S-006491,C-0114,2026-02-26,CN01,W-08,15
S-006492,C-0130,2026-02-26,TR01,W-04,20
S-006493,C-0147,2026-02-26,IN01,W-02,30
S-006494,C-0147,2026-02-26,CH02,W-06,60
S-006495,C-0156,2026-02-26,RF01,W-05,15
S-006496,C-0161,2026-02-26,CN01,W-08,20
S-006497,C-0186,2026-02-26,CO01,W-11,50
S-006498,C-0191,2026-02-26,TR01,W-05,20
S-006499,C-0197,2026-02-26,PH01,W-01,5
S-006500,C-0204,2026-02-26,CN01,W-04,15
S-006501,C-0212,2026-02-26,PH01,W-04,5
S-006502,C-0212,2026-02-26,PH01,W-04,20
S-006503,C-0215,2026-02-26,ch02,W-03,90
S-006504,C-0220,2026-02-26,PH01,W-02,15
S-006505,C-0223,2026-02-26,CO01,W-11,50
S-006506,C-0248,2026-02-26,CO02,W-12,50
S-006507,C-0255,2026-02-26,CO02,W-12,50
S-006508,C-0278,2026-02-26,ID01,W-02,20
S-006509,C-0286,2026-02-26,HV01,W-04,45
S-006510,C-0295,2026-02-26,CN01,W-04,20
S-006511,C-0299,2026-02-26,FA01,W-08,45
S-006512,C-0299,2026-02-26,PH01,W-08,5
S-006513,C-0016,2026-02-27,PH01,W-09,5
S-006514,C-0028,2026-02-27,FA03,W-14,15
S-006515,C-0040,2026-02-27,HV01,W-01,60
S-006516,C-0041,2026-02-27,CO01,W-12,90
S-006517,C-0046,2026-02-27,PH01,W-06,5
S-006518,C-0048,2026-02-27,ID01,W-02,20
S-006519,C-0058,2026-02-27,TR01,W-09,20
S-006520,C-0082,2026-02-27,ID01,W-09,30
S-006521,C-0086,2026-02-27,PH01,W-10,10
S-006522,C-0099,2026-02-27,CN01,W-02,30
S-006523,C-0110,2026-02-27,FA03,W-13,45
S-006524,C-0114,2026-02-27,TR02,W-08,15
S-006525,C-0114,2026-02-27,CO01 ,W-12,90
S-006526,C-0115,2026-02-27,FA02,W-14,15
S-006527,C-0115,2026-02-27,PH01,W-04,15
S-006528,C-0161,2026-02-27,CN01,W-08,10
S-006529,C-0176,2026-02-27,CO01,W-11,90
S-006530,C-0181,2026-02-27,CN01,W-10,15
S-006531,C-0191,2026-02-27,CH02,W-01,45
S-006532,C-0200,2026-02-27,IN01,W-04,30
S-006533,C-0248,2026-02-27,CO02,W-12,50
S-006534,C-0256,2026-02-27,,W-12,90
S-006535,C-0261,2026-02-27,ID01,W-06,15
S-006536,C-0276,2026-02-27,IN01,W-05,20
S-006537,C-0283,2026-02-27,ID01,W-02,45
S-006538,C-0300,2026-02-27,CO02,W-12,90
S-006539,C-0300,2026-02-27,CO01,W-12,90
S-006540,C-0016,2026-02-28,CN01,W-09,15
S-006541,C-0034,2026-02-28,CH02,W-06,90
S-006542,C-0041,2026-02-28,PH01,W-05,10
S-006543,C-0047,2026-02-28,FA02,W-13,15
S-006544,C-0063,2026-02-28,PH01,W-06,10
S-006545,C-0066,2026-02-28,IN01,W-05,30
S-006546,C-0072,2026-02-28,HV01,W-04,90
S-006547,C-0095,2026-02-28,FA01,W-06,20
S-006548,C-0097,2026-02-28,HV01,W-01,120
S-006549,C-0097,2026-02-28,HV01,W-02,45
S-006550,C-0102,2026-02-28,CN01,W-05,10
S-006551,C-0113,2026-02-28,HV01,W-04,45
S-006552,C-0114,2026-02-28,CN01,W-08,20
S-006553,C-0115,2026-02-28,ch02,W-04,45
S-006554,C-0120,2026-02-28,TR02,W-10,20
S-006555,C-0126,2026-02-28,CN01,W-02,15
S-006556,C-0129,2026-02-28,IN01,W-04,20
S-006557,C-0131,2026-02-28,PH01,W-09,15
S-006558,C-0133,2026-02-28,TR02,W-09,15
S-006559,C-0134,2026-02-28,PH01,W-07,5
S-006560,C-0171,2026-02-28,HV01,W-05,90
S-006561,C-0171,2026-02-28,TR01,W-07,45
S-006562,C-0174,2026-02-28,HV01,W-01,120
S-006563,C-0180,2026-02-28,CO01,W-11,60
S-006564,C-0181,2026-02-28,CO02,W-11,60
S-006565,C-0181,2026-02-28,IN01,W-10,20
S-006566,C-0186,2026-02-28,ph01,W-06,5
S-006567,C-0188,2026-02-28,ID01,W-07,15
S-006568,C-0193,2026-02-28,CH02,W-06,90
S-006569,C-0193,2026-02-28,CO02,W-12,50
S-006570,C-0193,2026-02-28,CO01,W-12,90
S-006571,C-0204,2026-02-28,RF01 ,W-04,15
S-006572,C-0204,2026-02-28,PH01,W-04,5
S-006573,C-0216,2026-02-28,PH01,W-09,15
S-006574,C-0220,2026-02-28,CO02,W-12,90
S-006575,C-0224,2026-02-28,PH01,W-08,5
S-006576,C-0228,2026-02-28,IN01,W-02,15
S-006577,C-0265,2026-02-28,PH01,W-10,5
S-006578,C-0273,2026-02-28,CO02,W-11,90
S-006579,C-0287,2026-02-28,CN01,W-06,10
S-006580,C-0295,2026-02-28,FA02,W-13,30
S-006581,C-0002,2026-03-01,CH02,W-05,45
S-006582,C-0012,2026-03-01,CN01,W-02,10
S-006583,C-0014,2026-03-01,CH02,W-06,45
S-006584,C-0016,2026-03-01,PH01,W-09,5
S-006585,C-0017,2026-03-01,CO01,W-12,60
S-006586,C-0017,2026-03-01,CN01,W-09,10
S-006587,C-0037,2026-03-01,PH01,W-02,15
S-006588,C-0046,2026-03-01,PH01,W-06,20
S-006589,C-0048,2026-03-01,HV01,W-04,45
S-006590,C-0057,2026-03-01,FA03,W-14,30
S-006591,C-0058,2026-03-01,FA01,W-09,15
S-006592,C-0079,2026-03-01,TR02,W-06,45
S-006593,C-0083,2026-03-01,CN01,W-09,30
S-006594,C-0088,2026-03-01,PH01,W-06,10
S-006595,C-0097,2026-03-01,FA02,W-14,30
S-006596,C-0109,2026-03-01, hv01  ,W-01,120
S-006597,C-0114,2026-03-01,PH01,W-08,20
S-006598,C-0120,2026-03-01,HV01,W-03,60
S-006599,C-0126,2026-03-01,CO01,W-11,50
S-006600,C-0153,2026-03-01,FA01,W-05,45
S-006601,C-0160,2026-03-01,TR02,W-05,45
S-006602,C-0173,2026-03-01,CN01,W-04,10
S-006603,C-0188,2026-03-01,HV01,W-05,90
S-006604,C-0191,2026-03-01,FA01,W-05,45
S-006605,C-0220,2026-03-01,HV01,W-02,120
S-006606,C-0228,2026-03-01,FA01,W-02,20
S-006607,C-0238,2026-03-01,FA02,W-13,15
S-006608,C-0283,2026-03-01,CO01,W-12,60
S-006609,C-0286,2026-03-01,CN01,W-05,15
S-006610,C-0286,2026-03-01,CN01,W-05,30
S-006611,C-0294,2026-03-01,PH01,W-03,5
S-006612,C-0300,2026-03-01,PH01,W-05,5
S-006613,C-0026,2026-03-02,RF01,W-10,30
S-006614,C-0034,2026-03-02,TR01,W-03,45
S-006615,C-0035,2026-03-02,PH01,W-03,20
S-006616,C-0040,2026-03-02,HV01,W-06,60
S-006617,C-0041,2026-03-02,PH01,W-05,20
S-006618,C-0054,2026-03-02,FA03 ,W-14,45
S-006619,C-0057,2026-03-02,FA02,W-14,15
S-006620,C-0063,2026-03-02,TR02,W-06,45
S-006621,C-0066,2026-03-02,TR02,W-05,20
S-006622,C-0083,2026-03-02,HV01,W-04,45
S-006623,C-0092,2026-03-02,PH01,W-05,20
S-006624,C-0095,2026-03-02,FA01,W-06,30
S-006625,C-0097,2026-03-02,PH01,W-09,10
S-006626,C-0097,2026-03-02,ID01,W-09,30
S-006627,C-0126,2026-03-02,PH01,W-02,5
S-006628,C-0131,2026-03-02,FA01,W-09,30
S-006629,C-0152,2026-03-02,PH01,W-08,5
S-006630,C-0173,2026-03-02,HV01,W-04,60
S-006631,C-0187,2026-03-02,CO01,W-12,90
S-006632,C-0191,2026-03-02,CO01,W-12,60
S-006633,C-0194,2026-03-02,CN01,W-02,20
S-006634,C-0194,2026-03-02,CN01,W-02,20
S-006635,C-0197,2026-03-02,CH02,W-01,120
S-006636,C-0205,2026-03-02,CH02,W-04,90
S-006637,C-0207,2026-03-02,FA01,W-10,30
S-006638,C-0208,2026-03-02,TR01 ,W-09,30
S-006639,C-0223,2026-03-02,PH01,W-06,15
S-006640,C-0229,2026-03-02,CN01,W-02,10
S-006641,C-0235,2026-03-02,RF01,W-09,20
S-006642,C-0237,2026-03-02,RF01,W-10,15
S-006643,C-0246,2026-03-02,HV01,W-03,45
S-006644,C-0247,2026-03-02,TR02,W-03,20
S-006645,C-0249,2026-03-02,CH02,W-01,90
S-006646,C-0252,2026-03-02,FA01,W-04,15
S-006647,C-0256,2026-03-02,TR02,W-03,30
S-006648,C-0300,2026-03-02,CO01,W-11,60
S-006649,C-0300,2026-03-02,CN01,W-05,30
S-006650,C-0008,2026-03-03,CH02,W-03,60
S-006651,C-0021,2026-03-03,HV01,W-01,120
S-006652,C-0026,2026-03-03,TR01,W-10,30
S-006653,C-0041,2026-03-03,id01,W-05,45
S-006654,C-0054,2026-03-03,,W-07,15
S-006655,C-0058,2026-03-03,IN01,W-09,15
S-006656,C-0058,2026-03-03,PH01,W-09,5
S-006657,C-0063,2026-03-03,CH02,W-03,120
S-006658,C-0066,2026-03-03,PH01,W-05,20
S-006659,C-0074,2026-03-03,CO01,W-12,50
S-006660,C-0078,2026-03-03,CO02,W-12,50
S-006661,C-0099,2026-03-03,CN01,W-02,20
S-006662,C-0099,2026-03-03,CN01,W-02,15
S-006663,C-0101,2026-03-03,PH01,W-01,5
S-006664,C-0102,2026-03-03,CN01,W-05,20
S-006665,C-0115,2026-03-03,TR02,W-04,20
S-006666,C-0126,2026-03-03,HV01,W-01,45
S-006667,C-0129,2026-03-03,PH01,W-04,5
S-006668,C-0134,2026-03-03,CO01,W-11,60
S-006669,C-0163,2026-03-03,PH01,W-01,5
S-006670,C-0164,2026-03-03,HV01,W-06,90
S-006671,C-0164,2026-03-03,TR01,W-09,20
S-006672,C-0168,2026-03-03,HV01,W-05,90
S-006673,C-0187,2026-03-03,CO01,W-11,90
S-006674,C-0193,2026-03-03,IN01,W-01,20
S-006675,C-0194,2026-03-03,CN01,W-02,10
S-006676,C-0197,2026-03-03,CN01,W-01,15
S-006677,C-0216,2026-03-03,PH01,W-09,10
S-006678,C-0229,2026-03-03,PH01,W-02,20
S-006679,C-0229,2026-03-03,CO01,W-12,50
S-006680,C-0238,2026-03-03,CH02,W-05,60
S-006681,C-0252,2026-03-03,CO01,W-11,90
S-006682,C-0252,2026-03-03,HV01,W-01,120
S-006683,C-0265,2026-03-03,CO01,W-11,60
S-006684,C-0278,2026-03-03,CH02,W-06,90
S-006685,C-0002,2026-03-04,FA02,W-13,20
S-006686,C-0012,2026-03-04,rf01,W-02,30
S-006687,C-0017,2026-03-04,CH02,W-03,45
S-006688,C-0034,2026-03-04,RF01,W-03,20
S-006689,C-0046,2026-03-04,PH01,W-06,5
S-006690,C-0050,2026-03-04,FA03,W-13,30
S-006691,C-0054,2026-03-04,PH01,W-07,5
S-006692,C-0065,2026-03-04,PH01,W-02,10
S-006693,C-0086,2026-03-04,cn01,W-10,20
S-006694,C-0086,2026-03-04,PH01,W-10,5
S-006695,C-0095,2026-03-04,TR01,W-06,20
S-006696,C-0097,2026-03-04,PH01,W-09,15
S-006697,C-0099,2026-03-04,IN01,W-02,30
S-006698,C-0102,2026-03-04,PH01,W-05,10
S-006699,C-0109,2026-03-04,CH02,W-03,45
S-006700,C-0110,2026-03-04,HV01,W-04,45
S-006701,C-0115,2026-03-04,HV01,W-05,120
S-006702,C-0119,2026-03-04,TR02,W-03,20
S-006703,C-0129,2026-03-04,CH02,W-03,45
S-006704,C-0130,2026-03-04,HV01,W-03,60
S-006705,C-0146,2026-03-04,IN01,W-08,30
S-006706,C-0163,2026-03-04,TR02,W-01,45
S-006707,C-0171,2026-03-04,CN01,W-07,10
S-006708,C-0171,2026-03-04,CN01,W-07,30
S-006709,C-0173,2026-03-04,CN01,W-04,20
S-006710,C-0187,2026-03-04,FA01,W-06,20
S-006711,C-0188,2026-03-04,rf01,W-07,30
S-006712,C-0188,2026-03-04,TR02,W-07,15
S-006713,C-0200,2026-03-04,CH02,W-02,120
S-006714,C-0204,2026-03-04,FA01,W-04,15
S-006715,C-0214,2026-03-04,PH01,W-09,15
S-006716,C-0215,2026-03-04,HV01,W-06,90
S-006717,C-0220,2026-03-04,TR02,W-02,20
S-006718,C-0224,2026-03-04,IN01,W-08,45
S-006719,C-0228,2026-03-04,CN01,W-02,30
S-006720,C-0228,2026-03-04,CN01,W-02,15
S-006721,C-0241,2026-03-04,HV01,W-03,45
S-006722,C-0245,2026-03-04,CO01,W-11,50
S-006723,C-0294,2026-03-04,CN01,W-03,20
S-006724,C-0294,2026-03-04,ID01,W-03,20
S-006725,C-0008,2026-03-05,CO01,W-11,60
S-006726,C-0013,2026-03-05,RF01,W-09,30
S-006727,C-0016,2026-03-05,HV01,W-01,60
S-006728,C-0018,2026-03-05,ph01,W-05,10
S-006729,C-0021,2026-03-05,IN01,W-07,20
S-006730,C-0037,2026-03-05,PH01,W-02,10
S-006731,C-0046,2026-03-05,TR02,W-06,20
S-006732,C-0063,2026-03-05,FA02,W-13,45
S-006733,C-0074,2026-03-05,CN01,W-02,20
S-006734,C-0074,2026-03-05,FA02,W-13,30
S-006735,C-0078,2026-03-05,HV01,W-04,45
S-006736,C-0083,2026-03-05,ph01,W-09,5
S-006737,C-0101,2026-03-05,FA01,W-01,15
S-006738,C-0126,2026-03-05,RF01,W-02,10
S-006739,C-0129,2026-03-05,CN01,W-04,15
S-006740,C-0153,2026-03-05,IN01,W-05,20
S-006741,C-0153,2026-03-05,FA03,W-13,45
S-006742,C-0161,2026-03-05,IN01,W-08,45
S-006743,C-0164,2026-03-05,PH01,W-09,5
S-006744,C-0196,2026-03-05,HV01,W-04,60
S-006745,C-0197,2026-03-05,CO02,W-11,50
S-006746,C-0214,2026-03-05,RF01,W-09,10
S-006747,C-0224,2026-03-05,CN01,W-08,20
S-006748,C-0241,2026-03-05,HV01,W-05,120
S-006749,C-0246,2026-03-05,CN01,W-10,10
S-006750,C-0247,2026-03-05,PH01,W-03,15
S-006751,C-0265,2026-03-05,CO01,W-12,60
S-006752,C-0276,2026-03-05,HV01,W-06,60
S-006753,C-0279,2026-03-05,IN01,W-03,20
S-006754,C-0284,2026-03-05,RF01,W-08,20
S-006755,C-0295,2026-03-05,TR01,W-04,20
S-006756,C-0295,2026-03-05,PH01,W-04,5
S-006757,C-0014,2026-03-06,CN01,W-09,10
S-006758,C-0016,2026-03-06,FA03,W-13,45
S-006759,C-0026,2026-03-06,IN01,W-10,20
S-006760,C-0034,2026-03-06,CN01,W-03,20
S-006761,C-0057,2026-03-06,tr02,W-02,15
S-006762,C-0058,2026-03-06,RF01,W-09,10
S-006763,C-0066,2026-03-06,TR02,W-05,20
S-006764,C-0074,2026-03-06,FA01,W-02,15
S-006765,C-0095,2026-03-06,CN01,W-06,20
S-006766,C-0114,2026-03-06,CO02,W-12,90
S-006767,C-0130,2026-03-06,FA01,W-04,20
S-006768,C-0131,2026-03-06,TR02,W-09,45
S-006769,C-0151,2026-03-06,PH01,W-02,5
S-006770,C-0161,2026-03-06,TR02,W-08,30
S-006771,C-0162,2026-03-06,PH01,W-10,15
S-006772,C-0164,2026-03-06,CN01,W-09,30
S-006773,C-0167,2026-03-06,PH01,W-09,15
S-006774,C-0174,2026-03-06,CO01,W-11,50
S-006775,C-0174,2026-03-06,IN01,W-02,30
S-006776,C-0188,2026-03-06,PH01,W-07,5
S-006777,C-0188,2026-03-06,ID01,W-07,20
S-006778,C-0196,2026-03-06,CH02,W-01,120
S-006779,C-0196,2026-03-06,HV01,W-02,45
S-006780,C-0205,2026-03-06,HV01,W-02,120
S-006781,C-0207,2026-03-06,CH02,W-06,90
S-006782,C-0208,2026-03-06,CN01,W-09,15
S-006783,C-0228,2026-03-06,CN01,W-02,30
S-006784,C-0229,2026-03-06,tr01,W-02,45
S-006785,C-0229,2026-03-06,CO02,W-11,60
S-006786,C-0235,2026-03-06,CN01,W-09,30
S-006787,C-0246,2026-03-06,IN01,W-10,45
S-006788,C-0247,2026-03-06,CH02,W-05,90
S-006789,C-0247,2026-03-06,PH01,W-03,5
S-006790,C-0248,2026-03-06,TR01,W-04,15
S-006791,C-0256,2026-03-06,PH01,W-03,15
S-006792,C-0256,2026-03-06,CN01,W-03,10
S-006793,C-0265,2026-03-06,CO01,W-12,60
S-006794,C-0278,2026-03-06,PH01,W-02,5
S-006795,C-0278,2026-03-06,PH01,W-02,10
S-006796,C-0036,2026-03-07,CO01,W-11,50
S-006797,C-0037,2026-03-07,HV01,W-01,120
S-006798,C-0071,2026-03-07,CH02,W-03,90
S-006799,C-0086,2026-03-07,PH01,W-10,15
S-006800,C-0088,2026-03-07,CN01,W-06,20
S-006801,C-0091,2026-03-07,CN01,W-10,10
S-006802,C-0092,2026-03-07,HV01,W-04,90
S-006803,C-0099,2026-03-07,RF01,W-02,30
S-006804,C-0099,2026-03-07,CN01,W-02,15
S-006805,C-0104,2026-03-07,CH02,W-05,120
S-006806,C-0110,2026-03-07,CN01 ,W-02,30
S-006807,C-0115,2026-03-07,CN01,W-04,30
S-006808,C-0129,2026-03-07,RF01,W-04,10
S-006809,C-0130,2026-03-07,CO02,W-11,90
S-006810,C-0133,2026-03-07,TR02,W-09,45
S-006811,C-0134,2026-03-07,PH01,W-07,5
S-006812,C-0134,2026-03-07,CN01,W-07,20
S-006813,C-0164,2026-03-07,TR01,W-09,20
S-006814,C-0171,2026-03-07,HV01,W-04,60
S-006815,C-0171,2026-03-07,CN01,W-07,30
S-006816,C-0187,2026-03-07,CN01,W-06,15
S-006817,C-0204,2026-03-07,HV01,W-05,60
S-006818,C-0207,2026-03-07,ID01,W-10,20
S-006819,C-0220,2026-03-07,CO02,W-12,90
S-006820,C-0224,2026-03-07,RF01,W-08,15
S-006821,C-0241,2026-03-07,RF01,W-04,30
S-006822,C-0246,2026-03-07,CH02,W-04,90
S-006823,C-0247,2026-03-07,CO02,W-11,60
S-006824,C-0247,2026-03-07,FA02,W-13,30
S-006825,C-0252,2026-03-07,CN01,W-04,30
S-006826,C-0265,2026-03-07,TR02,W-10,20
S-006827,C-0276,2026-03-07,CH02,W-01,45
S-006828,C-0276,2026-03-07,RF01 ,W-05,10
S-006829,C-0278,2026-03-07,PH01,W-02,10
S-006830,C-0278,2026-03-07,CO02,W-11,90
S-006831,C-0286,2026-03-07,CO01,W-11,50
S-006832,C-0014,2026-03-08,CO02,W-11,50
S-006833,C-0037,2026-03-08,PH01,W-02,15
S-006834,C-0044,2026-03-08,CN01,W-03,15
S-006835,C-0044,2026-03-08,FA03,W-14,30
S-006836,C-0056,2026-03-08,CO01,W-12,90
S-006837,C-0074,2026-03-08,CN01,W-02,30
S-006838,C-0078,2026-03-08,PH01,W-08,5
S-006839,C-0102,2026-03-08,HV01,W-01,60
S-006840,C-0129,2026-03-08,TR01,W-04,20
S-006841,C-0130,2026-03-08,CN01,W-04,10
S-006842,C-0138,2026-03-08,CN01,W-04,20
S-006843,C-0138,2026-03-08,CN01,W-04,20
S-006844,C-0156,2026-03-08,IN01,W-05,30
S-006845,C-0164,2026-03-08,FA01,W-09,45
S-006846,C-0171,2026-03-08,HV01,W-03,120
S-006847,C-0173,2026-03-08,PH01,W-04,15
S-006848,C-0194,2026-03-08,ID01,W-02,20
S-006849,C-0196,2026-03-08,CN01,W-05,30
S-006850,C-0205,2026-03-08,CO01,W-12,60
S-006851,C-0220,2026-03-08,TR02,W-02,30
S-006852,C-0228,2026-03-08,PH01,W-02,20
S-006853,C-0228,2026-03-08,HV01,W-01,120
S-006854,C-0237,2026-03-08,CH02,W-05,90
S-006855,C-0238,2026-03-08,IN01,W-03,15
S-006856,C-0238,2026-03-08,TR02,W-03,15
S-006857,C-0265,2026-03-08,CO01,W-12,90
S-006858,C-0265,2026-03-08,PH01 ,W-10,5
S-006859,C-0294,2026-03-08,CO01,W-11,60
S-006860,C-0017,2026-03-09,FA03,W-13,30
S-006861,C-0034,2026-03-09,FA02,W-13,15
S-006862,C-0037,2026-03-09,CO01,W-12,60
S-006863,C-0046,2026-03-09,PH01,W-06,20
S-006864,C-0063,2026-03-09,PH01,W-06,5
S-006865,C-0070,2026-03-09,PH01,W-01,5
S-006865,C-0070,2026-03-09,PH01,W-01,5
S-006866,C-0074,2026-03-09,CN01,W-02,15
S-006867,C-0078,2026-03-09,TR02,W-08,45
S-006868,C-0083,2026-03-09,CO02,W-11,90
S-006869,C-0092,2026-03-09,PH01,W-05,20
S-006870,C-0099,2026-03-09,IN01,W-02,30
S-006871,C-0104,2026-03-09,CO01,W-12,90
S-006872,C-0115,2026-03-09,in01,W-04,45
S-006873,C-0119,2026-03-09,FA03,W-13,30
S-006874,C-0131,2026-03-09,CN01,W-09,30
S-006875,C-0131,2026-03-09,CO01,W-11,60
S-006876,C-0131,2026-03-09,TR02,W-09,30
S-006877,C-0131,2026-03-09,TR02,W-09,15
S-006878,C-0144,2026-03-09,FA01,W-05,15
S-006879,C-0147,2026-03-09,TR01,W-02,15
S-006880,C-0151,2026-03-09,ID01,W-02,45
S-006881,C-0152,2026-03-09,PH01,W-08,20
S-006882,C-0160,2026-03-09,CN01,W-05,20
S-006883,C-0161,2026-03-09,CN01,W-08,10
S-006884,C-0188,2026-03-09,TR01,W-07,45
S-006885,C-0197,2026-03-09,CO01,W-12,60
S-006886,C-0204,2026-03-09,PH01,W-04,10
S-006887,C-0207,2026-03-09,IN01,W-10,45
S-006888,C-0208,2026-03-09,FA01,W-09,15
S-006889,C-0212,2026-03-09,CN01,W-04,10
S-006890,C-0220,2026-03-09,RF01,W-02,30
S-006891,C-0238,2026-03-09,PH01,W-03,10
S-006892,C-0246,2026-03-09,CN01,W-10,10
S-006893,C-0249,2026-03-09,FA02,W-14,20
S-006894,C-0292,2026-03-09,RF01,W-07,10
S-006895,C-0010,2026-03-10,CO02,W-12,60
S-006896,C-0014,2026-03-10,FA03,W-14,15
S-006897,C-0014,2026-03-10,CH02,W-01,120
S-006898,C-0014,2026-03-10,HV01,W-05,60
S-006899,C-0014,2026-03-10,PH01,W-09,5
S-006900,C-0036,2026-03-10,RF01,W-09,20
S-006901,C-0037,2026-03-10,CH02,W-03,45
S-006902,C-0044,2026-03-10,RF01,W-03,30
S-006903,C-0056,2026-03-10,tr01,W-01,20
S-006904,C-0058,2026-03-10,CN01,W-09,30
S-006905,C-0063,2026-03-10,ID01,W-06,15
S-006906,C-0069,2026-03-10,TR02,W-09,20
S-006907,C-0069,2026-03-10,RF01,W-09,30
S-006908,C-0083,2026-03-10,HV01,W-06,120
S-006909,C-0086,2026-03-10,HV01,W-04,90
S-006909,C-0086,2026-03-10,HV01,W-04,90
S-006910,C-0094,2026-03-10,CO02,W-12,90
S-006911,C-0114,2026-03-10,CH02,W-01,120
S-006912,C-0120,2026-03-10,CN01,W-10,30
S-006913,C-0124,2026-03-10,HV01,W-03,45
S-006914,C-0130,2026-03-10,CH02,W-04,45
S-006915,C-0131,2026-03-10,CN01,W-09,10
S-006916,C-0131,2026-03-10,CO02,W-11,50
S-006917,C-0131,2026-03-10,FA01,W-09,45
S-006917,C-0131,2026-03-10,FA01,W-09,45
S-006918,C-0152,2026-03-10,RF01,W-08,30
S-006919,C-0163,2026-03-10,HV01,W-05,120
S-006920,C-0163,2026-03-10, fa02  ,W-14,45
S-006921,C-0174,2026-03-10,FA01,W-02,45
S-006922,C-0181,2026-03-10,CN01,W-10,30
S-006923,C-0186,2026-03-10,HV01,W-05,120
S-006924,C-0187,2026-03-10,CO01,W-12,50
S-006925,C-0193,2026-03-10,CN01,W-01,30
S-006926,C-0208,2026-03-10,PH01,W-09,15
S-006927,C-0214,2026-03-10,CN01,W-09,30
S-006928,C-0220,2026-03-10,PH01,W-02,15
S-006929,C-0220,2026-03-10,CN01,W-02,10
S-006930,C-0223,2026-03-10,RF01,W-06,15
S-006931,C-0223,2026-03-10,TR02,W-06,45
S-006932,C-0223,2026-03-10,CO01,W-12,60
S-006933,C-0237,2026-03-10,TR02,W-10,45
S-006934,C-0246,2026-03-10,TR01,W-10,45
S-006935,C-0247,2026-03-10,IN01,W-03,30
S-006936,C-0248,2026-03-10,CN01,W-04,10
S-006937,C-0261,2026-03-10,fa01,W-06,15
S-006938,C-0264,2026-03-10,CN01,W-08,30
S-006939,C-0279,2026-03-10,FA01,W-03,20
S-006940,C-0284,2026-03-10,CH02,W-01,60
S-006941,C-0289,2026-03-10,TR02,W-10,30
S-006942,C-0300,2026-03-10,ID01,W-05,30
S-006943,C-0001,2026-03-11,PH01,W-04,15
S-006944,C-0012,2026-03-11,CO01,W-11,50
S-006945,C-0021,2026-03-11,CH02,W-04,90
S-006946,C-0026,2026-03-11,CH02,W-02,90
S-006947,C-0036,2026-03-11,HV01,W-06,45
S-006948,C-0044,2026-03-11,CO01,W-11,50
S-006949,C-0047,2026-03-11,CN01,W-07,20
S-006950,C-0061,2026-03-11,TR01 ,W-06,15
S-006951,C-0070,2026-03-11,PH01,W-01,20
S-006952,C-0074,2026-03-11,CO01,W-11,60
S-006953,C-0079,2026-03-11,FA01,W-06,45
S-006954,C-0102,2026-03-11,cn01,W-05,30
S-006955,C-0104,2026-03-11,HV01,W-03,60
S-006956,C-0147,2026-03-11,FA02,W-14,45
S-006957,C-0164,2026-03-11,CN01,W-09,15
S-006958,C-0168,2026-03-11,TR01,W-04,15
S-006959,C-0187,2026-03-11,TR02,W-06,30
S-006960,C-0194,2026-03-11,CH02,W-04,90
S-006961,C-0207,2026-03-11,CN01,W-10,10
S-006962,C-0219,2026-03-11,in01,W-04,45
S-006963,C-0223,2026-03-11,CH02,W-05,45
S-006964,C-0227,2026-03-11,FA01,W-08,30
S-006965,C-0229,2026-03-11,PH01,W-02,10
S-006966,C-0237,2026-03-11,CN01,W-10,15
S-006967,C-0256,2026-03-11,HV01,W-01,45
S-006968,C-0261,2026-03-11,,W-06,30
S-006969,C-0264,2026-03-11,CN01,W-08,10
S-006970,C-0279,2026-03-11,PH01,W-03,10
S-006971,C-0295,2026-03-11,CO02,W-12,50
S-006972,C-0001,2026-03-12,CN01 ,W-04,10
S-006973,C-0012,2026-03-12,CN01,W-02,15
S-006974,C-0012,2026-03-12,CO01,W-12,90
S-006975,C-0016,2026-03-12,CN01,W-09,15
S-006976,C-0034,2026-03-12,CH02,W-02,45
S-006977,C-0042,2026-03-12,cn01,W-07,20
S-006978,C-0044,2026-03-12,CO01,W-12,60
S-006979,C-0048,2026-03-12,CN01,W-02,10
S-006980,C-0057,2026-03-12,PH01,W-02,5
S-006981,C-0062,2026-03-12,IN01,W-10,45
S-006982,C-0070,2026-03-12,FA02,W-14,30
S-006983,C-0080,2026-03-12,CH02,W-06,45
S-006984,C-0083,2026-03-12,PH01,W-09,10
S-006985,C-0086,2026-03-12,FA01,W-10,30
S-006986,C-0126,2026-03-12,PH01,W-02,20
S-006987,C-0129,2026-03-12,CO02,W-12,50
S-006988,C-0130,2026-03-12,CO02,W-11,50
S-006989,C-0168,2026-03-12,PH01,W-04,20
S-006990,C-0171,2026-03-12,TR02,W-07,15
S-006991,C-0183,2026-03-12,CH02,W-02,60
S-006992,C-0183,2026-03-12,CN01,W-05,30
S-006993,C-0187,2026-03-12,CN01,W-06,10
S-006994,C-0188,2026-03-12,CO02,W-12,90
S-006995,C-0193,2026-03-12,RF01,W-01,20
S-006996,C-0193,2026-03-12,HV01,W-06,90
S-006997,C-0215,2026-03-12,PH01,W-07,10
S-006998,C-0219,2026-03-12,CN01,W-04,10
S-006999,C-0220,2026-03-12,TR02,W-02,20
S-007000,C-0228,2026-03-12,TR02,W-02,45
S-007001,C-0248,2026-03-12,FA03,W-13,20
S-007002,C-0256,2026-03-12,PH01,W-03,20
S-007003,C-0264,2026-03-12,CH02,W-04,45
S-007004,C-0264,2026-03-12,id01,W-08,15
S-007005,C-0265,2026-03-12,CN01 ,W-10,30
S-007005,C-0265,2026-03-12,CN01 ,W-10,30
S-007006,C-0295,2026-03-12,CH02,W-06,120
S-007007,C-0295,2026-03-12,CN01,W-04,30
S-007008,C-0024,2026-03-13,RF01,W-08,10
S-007009,C-0026,2026-03-13,TR02 ,W-10,45
S-007010,C-0042,2026-03-13,co01,W-12,50
S-007011,C-0054,2026-03-13,CN01,W-07,10
S-007012,C-0057,2026-03-13,TR01,W-02,15
S-007013,C-0062,2026-03-13,IN01,W-10,30
S-007014,C-0071,2026-03-13,PH01,W-09,10
S-007015,C-0078,2026-03-13,CN01,W-08,15
S-007016,C-0086,2026-03-13,FA02,W-14,30
S-007017,C-0114,2026-03-13,HV01,W-04,60
S-007018,C-0130,2026-03-13,TR01,W-04,45
S-007019,C-0131,2026-03-13,TR02,W-09,20
S-007020,C-0152,2026-03-13,FA01,W-08,20
S-007021,C-0153,2026-03-13,FA01,W-05,45
S-007022,C-0156,2026-03-13,CH02,W-04,45
S-007023,C-0163,2026-03-13,FA01,W-01,30
S-007024,C-0169,2026-03-13,RF01,W-07,15
S-007025,C-0178,2026-03-13,TR01,W-06,15
S-007026,C-0194,2026-03-13,FA03,W-14,30
S-007027,C-0223,2026-03-13,CN01,W-06,10
S-007028,C-0238,2026-03-13,CN01,W-03,30
S-007029,C-0247,2026-03-13,IN01,W-03,30
S-007030,C-0248,2026-03-13,RF01,W-04,20
S-007031,C-0248,2026-03-13,CH02,W-05,90
S-007032,C-0249,2026-03-13,CN01,W-02,15
S-007033,C-0279,2026-03-13,RF01,W-03,30
S-007034,C-0289,2026-03-13,CH02,W-01,60
S-007035,C-0298,2026-03-13,RF01,W-07,20
S-007036,C-0300,2026-03-13,PH01,W-05,10
S-007037,C-0002,2026-03-14,CO01,W-12,90
S-007038,C-0012,2026-03-14,RF01,W-02,30
S-007039,C-0018,2026-03-14,CO01,W-12,90
S-007040,C-0024,2026-03-14,CN01,W-08,30
S-007041,C-0028,2026-03-14,CO02,W-12,60
S-007042,C-0042,2026-03-14,PH01,W-07,20
S-007043,C-0048,2026-03-14,CH02,W-01,120
S-007044,C-0060,2026-03-14,HV01,W-06,120
S-007045,C-0065,2026-03-14,FA03,W-14,45
S-007046,C-0082,2026-03-14,FA03,W-14,15
S-007047,C-0083,2026-03-14,PH01,W-09,15
S-007048,C-0086,2026-03-14,RF01,W-10,10
S-007049,C-0115,2026-03-14,CO02,W-12,90
S-007050,C-0120,2026-03-14,PH01,W-10,15
S-007051,C-0131,2026-03-14,CO02,W-12,60
S-007052,C-0131,2026-03-14,CN01,W-09,10
S-007053,C-0138,2026-03-14,IN01,W-04,15
S-007054,C-0174,2026-03-14,CO01,W-12,60
S-007055,C-0181,2026-03-14,IN01,W-10,45
S-007056,C-0186,2026-03-14,CO01,W-11,90
S-007057,C-0186,2026-03-14,HV01,W-03,45
S-007058,C-0187,2026-03-14,RF01,W-06,30
S-007059,C-0193,2026-03-14,CH02,W-02,120
S-007060,C-0207,2026-03-14,CN01,W-10,15
S-007061,C-0214,2026-03-14,PH01,W-09,5
S-007062,C-0215,2026-03-14,FA01,W-07,45
S-007063,C-0216,2026-03-14,ID01,W-09,30
S-007064,C-0219,2026-03-14,CH02,W-06,120
S-007065,C-0223,2026-03-14,HV01,W-02,60
S-007066,C-0241,2026-03-14,in01,W-04,15
S-007067,C-0245,2026-03-14,RF01,W-03,10
S-007068,C-0246,2026-03-14,CN01,W-10,15
S-007069,C-0247,2026-03-14,CH02,W-06,90
S-007070,C-0249,2026-03-14,CN01,W-02,20
S-007071,C-0265,2026-03-14,TR02,W-10,45
S-007072,C-0265,2026-03-14,CO01,W-11,60
S-007073,C-0017,2026-03-15,PH01,W-09,10
S-007074,C-0026,2026-03-15,IN01,W-10,30
S-007075,C-0060,2026-03-15,FA01,W-07,30
S-007076,C-0060,2026-03-15,HV01,W-05,60
S-007077,C-0066,2026-03-15,IN01,W-05,30
S-007078,C-0084,2026-03-15,ID01,W-09,45
S-007079,C-0095,2026-03-15,TR01,W-06,20
S-007080,C-0099,2026-03-15,CN01,W-02,30
S-007081,C-0104,2026-03-15,CN01,W-10,10
S-007082,C-0104,2026-03-15,CN01,W-10,30
S-007083,C-0109,2026-03-15,FA02,W-13,30
S-007084,C-0120,2026-03-15,FA02,W-14,45
S-007085,C-0134,2026-03-15,HV01,W-02,45
S-007086,C-0134,2026-03-15,HV01,W-03,120
S-007087,C-0138,2026-03-15,TR02,W-04,20
S-007088,C-0153,2026-03-15,HV01,W-03,60
S-007089,C-0156,2026-03-15,RF01,W-05,15
S-007090,C-0157,2026-03-15,FA02,W-14,20
S-007091,C-0161,2026-03-15,IN01 ,W-08,15
S-007092,C-0168,2026-03-15,CO02,W-11,90
S-007093,C-0181,2026-03-15,FA01,W-10,15
S-007094,C-0183,2026-03-15,PH01,W-05,15
S-007095,C-0186,2026-03-15,PH01,W-06,5
S-007096,C-0196,2026-03-15,PH01 ,W-05,20
S-007097,C-0197,2026-03-15,CO02,W-12,90
S-007098,C-0207,2026-03-15,PH01,W-10,15
S-007099,C-0229,2026-03-15,TR02,W-02,15
S-007100,C-0238,2026-03-15,IN01,W-03,15
S-007101,C-0247,2026-03-15,PH01,W-03,5
S-007102,C-0247,2026-03-15,IN01,W-03,45
S-007103,C-0248,2026-03-15,HV01,W-04,45
S-007104,C-0252,2026-03-15,CH02,W-03,120
S-007105,C-0261,2026-03-15,PH01,W-06,10
S-007106,C-0265,2026-03-15, ph01  ,W-10,20
S-007107,C-0278,2026-03-15,IN01,W-02,15
S-007108,C-0284,2026-03-15,CN01,W-08,10
S-007109,C-0001,2026-03-16,CN01,W-04,20
S-007110,C-0014,2026-03-16,PH01,W-09,20
S-007111,C-0028,2026-03-16,TR02,W-06,45
S-007112,C-0037,2026-03-16,CO02,W-11,50
S-007113,C-0044,2026-03-16,HV01,W-03,60
S-007114,C-0048,2026-03-16,hv01,W-03,120
S-007115,C-0060,2026-03-16,CN01,W-07,10
S-007116,C-0061,2026-03-16,TR01,W-06,45
S-007117,C-0063,2026-03-16,HV01,W-06,90
S-007118,C-0065,2026-03-16,CN01,W-02,20
S-007119,C-0072,2026-03-16,CN01,W-02,20
S-007120,C-0083,2026-03-16,TR01,W-09,30
S-007121,C-0086,2026-03-16,CN01,W-10,15
S-007122,C-0094,2026-03-16,PH01,W-06,10
S-007123,C-0094,2026-03-16,HV01,W-06,60
S-007124,C-0095,2026-03-16,PH01,W-06,15
S-007125,C-0109,2026-03-16,CN01,W-07,10
S-007126,C-0110,2026-03-16,FA02,W-13,20
S-007127,C-0119,2026-03-16,FA01,W-03,45
S-007128,C-0119,2026-03-16,FA03,W-14,20
S-007129,C-0133,2026-03-16,CN01,W-09,15
S-007130,C-0161,2026-03-16,ID01,W-08,15
S-007131,C-0171,2026-03-16,PH01,W-07,20
S-007132,C-0181,2026-03-16,RF01,W-10,10
S-007133,C-0215,2026-03-16,CO01,W-11,60
S-007134,C-0223,2026-03-16,CO02,W-12,90
S-007135,C-0223,2026-03-16,cn01,W-06,20
S-007136,C-0224,2026-03-16,in01,W-08,20
S-007137,C-0247,2026-03-16,HV01,W-03,90
S-007138,C-0247,2026-03-16,RF01,W-03,10
S-007139,C-0265,2026-03-16,CH02,W-01,120
S-007140,C-0286,2026-03-16,HV01,W-05,120
S-007141,C-0295,2026-03-16,HV01,W-04,120
S-007142,C-0300,2026-03-16,PH01,W-05,15
S-007143,C-0014,2026-03-17,CN01,W-09,10
S-007144,C-0021,2026-03-17,CO02,W-11,50
S-007145,C-0034,2026-03-17,FA01,W-03,45
S-007146,C-0035,2026-03-17,CO01,W-11,50
S-007147,C-0036,2026-03-17,HV01,W-06,120
S-007148,C-0046,2026-03-17,CN01,W-06,20
S-007149,C-0047,2026-03-17,PH01,W-07,5
S-007150,C-0060,2026-03-17,HV01,W-01,45
S-007151,C-0065,2026-03-17,PH01 ,W-02,15
S-007152,C-0066,2026-03-17,IN01,W-05,20
S-007153,C-0084,2026-03-17,CO01,W-12,50
S-007154,C-0106,2026-03-17,FA03 ,W-14,45
S-007155,C-0106,2026-03-17,PH01,W-03,15
S-007156,C-0115,2026-03-17,CH02,W-01,45
S-007157,C-0119,2026-03-17,PH01,W-03,10
S-007158,C-0129,2026-03-17,CH02,W-04,45
S-007159,C-0130,2026-03-17,HV01,W-05,45
S-007160,C-0131,2026-03-17,CH02,W-05,120
S-007161,C-0145,2026-03-17,TR01,W-03,20
S-007162,C-0168,2026-03-17,PH01,W-04,20
S-007163,C-0173,2026-03-17,CO02,W-11,60
S-007164,C-0174,2026-03-17,ID01,W-02,30
S-007165,C-0181,2026-03-17,PH01,W-10,15
S-007166,C-0208,2026-03-17,PH01,W-09,10
S-007167,C-0214,2026-03-17,TR02,W-09,30
S-007168,C-0219,2026-03-17,PH01,W-04,10
S-007169,C-0219,2026-03-17,CN01,W-04,30
S-007170,C-0223,2026-03-17,CN01,W-06,10
S-007171,C-0223,2026-03-17,TR01,W-06,30
S-007172,C-0224,2026-03-17,PH01,W-08,5
S-007173,C-0228,2026-03-17,HV01,W-02,60
S-007174,C-0237,2026-03-17,CN01,W-10,15
S-007175,C-0237,2026-03-17,PH01,W-10,15
S-007176,C-0237,2026-03-17,CH02 ,W-04,60
S-007177,C-0245,2026-03-17,CN01,W-03,10
S-007178,C-0246,2026-03-17,CN01,W-10,20
S-007179,C-0252,2026-03-17,CN01,W-04,30
S-007180,C-0256,2026-03-17,PH01,W-03,10
S-007181,C-0276,2026-03-17,IN01,W-05,45
S-007182,C-0276,2026-03-17,TR01,W-05,20
S-007183,C-0289,2026-03-17,TR02,W-10,45
S-007184,C-0295,2026-03-17,CN01,W-04,10
S-007185,C-0014,2026-03-18,FA02,W-14,30
S-007186,C-0016,2026-03-18,CO01,W-11,90
S-007187,C-0034,2026-03-18,FA01,W-03,20
S-007188,C-0036,2026-03-18,CN01,W-09,15
S-007189,C-0037,2026-03-18,PH01,W-02,10
S-007190,C-0044,2026-03-18,TR02,W-03,45
S-007191,C-0060,2026-03-18,TR01,W-07,15
S-007192,C-0060,2026-03-18,ID01,W-07,20
S-007193,C-0078,2026-03-18,CN01,W-08,10
S-007194,C-0079,2026-03-18,TR02,W-06,20
S-007195,C-0079,2026-03-18,CN01 ,W-06,30
S-007196,C-0119,2026-03-18,FA01,W-03,30
S-007197,C-0133,2026-03-18,CN01,W-09,15
S-007198,C-0138,2026-03-18,HV01,W-05,60
S-007199,C-0147,2026-03-18,IN01,W-02,45
S-007200,C-0157,2026-03-18,CN01,W-02,20
S-007201,C-0160,2026-03-18,fa03,W-14,15
S-007202,C-0161,2026-03-18,FA03 ,W-13,45
S-007203,C-0174,2026-03-18,RF01,W-02,30
S-007204,C-0205,2026-03-18,CN01,W-04,20
S-007205,C-0223,2026-03-18,TR02,W-06,15
S-007206,C-0224,2026-03-18,TR01,W-08,30
S-007207,C-0227,2026-03-18,ch02,W-06,90
S-007208,C-0229,2026-03-18,PH01,W-02,20
S-007209,C-0231,2026-03-18,PH01,W-06,15
S-007210,C-0249,2026-03-18,FA03,W-14,15
S-007211,C-0279,2026-03-18,IN01,W-03,15
S-007211,C-0279,2026-03-18,IN01,W-03,15
S-007212,C-0295,2026-03-18,PH01,W-04,10
S-007213,C-0299,2026-03-18,IN01,W-08,45
S-007214,C-0008,2026-03-19,PH01,W-09,5
S-007215,C-0035,2026-03-19,CH02,W-03,45
S-007216,C-0035,2026-03-19,PH01,W-03,10
S-007217,C-0042,2026-03-19,CO02,W-12,90
S-007218,C-0048,2026-03-19,HV01,W-03,120
S-007219,C-0060,2026-03-19,PH01,W-07,15
S-007220,C-0078,2026-03-19,CH02,W-01,90
S-007221,C-0079,2026-03-19,CH02,W-02,45
S-007222,C-0082,2026-03-19,PH01,W-09,10
S-007223,C-0104,2026-03-19,CO01,W-12,90
S-007224,C-0109,2026-03-19,HV01,W-01,120
S-007225,C-0115,2026-03-19,CN01,W-04,30
S-007226,C-0152,2026-03-19,FA02,W-14,45
S-007227,C-0160,2026-03-19,FA02,W-13,45
S-007228,C-0180,2026-03-19,CO02,W-11,90
S-007229,C-0186,2026-03-19,FA03,W-13,30
S-007230,C-0191,2026-03-19,PH01,W-05,15
S-007231,C-0191,2026-03-19,HV01,W-04,120
S-007232,C-0196,2026-03-19,RF01,W-05,15
S-007233,C-0205,2026-03-19,CO01,W-11,90
S-007234,C-0207,2026-03-19,HV01,W-05,120
S-007235,C-0228,2026-03-19,HV01 ,W-04,120
S-007236,C-0237,2026-03-19,PH01,W-10,10
S-007237,C-0261,2026-03-19,FA03,W-14,15
S-007238,C-0265,2026-03-19,FA01,W-10,20
S-007239,C-0287,2026-03-19,CO02 ,W-12,90
S-007240,C-0287,2026-03-19,CN01,W-06,20
S-007241,C-0294,2026-03-19,CO01,W-11,60
S-007242,C-0012,2026-03-20,CH02,W-02,90
S-007243,C-0012,2026-03-20,CN01 ,W-02,20
S-007244,C-0018,2026-03-20,FA01,W-05,15
S-007245,C-0018,2026-03-20,FA01,W-05,30
S-007246,C-0034,2026-03-20,PH01,W-03,15
S-007247,C-0037,2026-03-20,PH01,W-02,20
S-007248,C-0042,2026-03-20,PH01,W-07,15
S-007249,C-0057,2026-03-20,HV01,W-04,60
S-007250,C-0057,2026-03-20,CN01,W-02,30
S-007251,C-0058,2026-03-20,IN01,W-09,30
S-007252,C-0069,2026-03-20,RF01,W-09,30
S-007253,C-0084,2026-03-20,CO02,W-11,60
S-007254,C-0097,2026-03-20,CO01,W-11,90
S-007255,C-0102,2026-03-20,CN01,W-05,10
S-007256,C-0106,2026-03-20,PH01,W-03,5
S-007257,C-0110,2026-03-20,PH01,W-02,5
S-007258,C-0110,2026-03-20,CH02,W-04,60
S-007259,C-0121,2026-03-20,PH01,W-05,20
S-007260,C-0129,2026-03-20,FA02,W-14,45
S-007261,C-0129,2026-03-20,ID01,W-04,20
S-007262,C-0133,2026-03-20,CN01,W-09,10
S-007263,C-0138,2026-03-20,IN01,W-04,45
S-007264,C-0146,2026-03-20,in01,W-08,30
S-007265,C-0154,2026-03-20,HV01,W-04,120
S-007266,C-0160,2026-03-20,ID01,W-05,30
S-007267,C-0164,2026-03-20,CN01,W-09,10
S-007268,C-0181,2026-03-20,co01,W-11,50
S-007269,C-0181,2026-03-20,PH01,W-10,15
S-007270,C-0186,2026-03-20,TR01,W-06,45
S-007271,C-0194,2026-03-20,CN01,W-02,30
S-007272,C-0204,2026-03-20,HV01,W-02,45
S-007273,C-0207,2026-03-20,CO01,W-11,90
S-007274,C-0220,2026-03-20,PH01,W-02,20
S-007275,C-0224,2026-03-20,ID01,W-08,45
S-007276,C-0231,2026-03-20,CN01,W-06,30
S-007277,C-0235,2026-03-20,PH01,W-09,5
S-007278,C-0237,2026-03-20,CH02,W-04,90
S-007279,C-0294,2026-03-20,CN01,W-03,30
S-007280,C-0300,2026-03-20,HV01,W-02,60
S-007281,C-0300,2026-03-20,CO01,W-11,50
S-007282,C-0013,2026-03-21,PH01,W-09,15
S-007283,C-0034,2026-03-21,FA01,W-03,30
S-007284,C-0069,2026-03-21,HV01,W-01,90
S-007285,C-0080,2026-03-21,co02,W-12,90
S-007286,C-0082,2026-03-21,FA01,W-09,45
S-007287,C-0084,2026-03-21,PH01,W-09,15
S-007288,C-0097,2026-03-21,HV01,W-01,90
S-007289,C-0101,2026-03-21,CH02,W-03,120
S-007290,C-0104,2026-03-21,IN01,W-10,20
S-007291,C-0106,2026-03-21,RF01,W-03,15
S-007292,C-0114,2026-03-21,ID01,W-08,45
S-007293,C-0120,2026-03-21,PH01,W-10,10
S-007294,C-0151,2026-03-21,cn01,W-02,10
S-007295,C-0153,2026-03-21,FA02,W-14,15
S-007296,C-0153,2026-03-21,CO01,W-12,50
S-007297,C-0161,2026-03-21,TR01,W-08,20
S-007298,C-0161,2026-03-21,CN01,W-08,30
S-007299,C-0162,2026-03-21,CH02,W-05,60
S-007300,C-0167,2026-03-21,CO02,W-11,60
S-007301,C-0172,2026-03-21,FA03,W-14,20
S-007302,C-0173,2026-03-21,ID01,W-04,15
S-007303,C-0200,2026-03-21,RF01,W-04,20
S-007304,C-0212,2026-03-21,CO02,W-11,90
S-007305,C-0215,2026-03-21,FA01,W-07,45
S-007306,C-0217,2026-03-21,CH02,W-03,120
S-007307,C-0220,2026-03-21,CN01,W-02,30
S-007308,C-0235,2026-03-21,HV01,W-01,45
S-007309,C-0245,2026-03-21,CN01,W-03,10
S-007310,C-0248,2026-03-21,CN01,W-04,30
S-007311,C-0256,2026-03-21,CN01,W-03,20
S-007312,C-0265,2026-03-21,CO02,W-11,60
S-007313,C-0286,2026-03-21,HV01,W-05,90
S-007314,C-0294,2026-03-21,CO02,W-12,50
S-007315,C-0295,2026-03-21,PH01,W-04,20
S-007316,C-0010,2026-03-22,TR02 ,W-01,20
S-007317,C-0012,2026-03-22,PH01,W-02,10
S-007318,C-0028,2026-03-22,PH01,W-06,15
S-007319,C-0043,2026-03-22,CH02,W-06,45
S-007320,C-0044,2026-03-22,CO02,W-12,90
S-007321,C-0046,2026-03-22,IN01,W-06,15
S-007322,C-0047,2026-03-22,HV01,W-05,45
S-007323,C-0060,2026-03-22,TR02,W-07,45
S-007324,C-0084,2026-03-22,CO01,W-11,60
S-007325,C-0110,2026-03-22,HV01,W-05,90
S-007326,C-0131,2026-03-22,CO01,W-12,90
S-007327,C-0138,2026-03-22,CH02,W-01,90
S-007328,C-0154,2026-03-22,FA01,W-08,20
S-007329,C-0154,2026-03-22,FA03,W-13,30
S-007330,C-0156,2026-03-22,CH02,W-06,60
S-007331,C-0173,2026-03-22,FA01,W-04,20
S-007332,C-0178,2026-03-22,RF01 ,W-06,30
S-007333,C-0188,2026-03-22,TR01,W-07,20
S-007334,C-0193,2026-03-22,CN01,W-01,15
S-007335,C-0196,2026-03-22,FA02,W-14,15
S-007336,C-0204,2026-03-22,HV01,W-06,45
S-007337,C-0204,2026-03-22,CN01,W-04,30
S-007338,C-0214,2026-03-22,RF01,W-09,15
S-007339,C-0215,2026-03-22,CH02,W-01,90
S-007340,C-0215,2026-03-22,TR02,W-07,20
S-007341,C-0219,2026-03-22,FA01,W-04,30
S-007342,C-0223,2026-03-22,PH01,W-06,20
S-007343,C-0228,2026-03-22,TR02,W-02,30
S-007344,C-0235,2026-03-22,CN01,W-09,10
S-007345,C-0248,2026-03-22,RF01,W-04,15
S-007346,C-0256,2026-03-22,HV01,W-04,45
S-007347,C-0265,2026-03-22,PH01,W-10,10
S-007348,C-0265,2026-03-22,PH01,W-10,20
S-007349,C-0289,2026-03-22,TR02,W-10,20
S-007350,C-0300,2026-03-22,CN01,W-05,20
S-007351,C-0034,2026-03-23,IN01,W-03,30
S-007352,C-0079,2026-03-23,CO01,W-11,60
S-007353,C-0082,2026-03-23, tr01  ,W-09,30
S-007354,C-0097,2026-03-23,CN01,W-09,15
S-007355,C-0113,2026-03-23,TR02,W-07,15
S-007356,C-0133,2026-03-23,RF01,W-09,20
S-007357,C-0138,2026-03-23,ph01,W-04,5
S-007358,C-0160,2026-03-23,TR02,W-05,15
S-007359,C-0161,2026-03-23,CO01,W-12,60
S-007359,C-0161,2026-03-23,CO01,W-12,60
S-007360,C-0164,2026-03-23,TR02,W-09,45
S-007361,C-0171,2026-03-23,rf01,W-07,30
S-007362,C-0171,2026-03-23,CN01,W-07,10
S-007363,C-0172,2026-03-23,CN01,W-06,10
S-007364,C-0172,2026-03-23,IN01,W-06,20
S-007365,C-0187,2026-03-23,PH01,W-06,20
S-007366,C-0188,2026-03-23,RF01,W-07,30
S-007367,C-0197,2026-03-23,PH01,W-01,15
S-007368,C-0207,2026-03-23,PH01,W-10,20
S-007368,C-0207,2026-03-23,PH01,W-10,20
S-007369,C-0217,2026-03-23,CH02,W-04,90
S-007370,C-0219,2026-03-23,IN01,W-04,30
S-007371,C-0220,2026-03-23,CN01,W-02,30
S-007372,C-0224,2026-03-23,FA02,W-14,45
S-007373,C-0228,2026-03-23,PH01,W-02,15
S-007374,C-0246,2026-03-23,IN01,W-10,30
S-007375,C-0246,2026-03-23,TR02,W-10,20
S-007376,C-0247,2026-03-23,IN01,W-03,30
S-007377,C-0247,2026-03-23,IN01,W-03,45
S-007378,C-0256,2026-03-23,TR02,W-03,30
S-007379,C-0261,2026-03-23,IN01,W-06,20
S-007380,C-0273,2026-03-23,PH01,W-01,10
S-007381,C-0284,2026-03-23,CH02,W-04,60
S-007382,C-0013,2026-03-24,FA01,W-09,15
S-007383,C-0040,2026-03-24,HV01,W-01,120
S-007384,C-0041,2026-03-24,HV01,W-06,60
S-007385,C-0070,2026-03-24,FA02,W-13,15
S-007386,C-0072,2026-03-24,HV01,W-03,120
S-007387,C-0074,2026-03-24,HV01,W-02,45
S-007388,C-0083,2026-03-24,CN01,W-09,30
S-007389,C-0083,2026-03-24,RF01,W-09,10
S-007390,C-0094,2026-03-24,TR01,W-06,30
S-007391,C-0097,2026-03-24,CO02,W-11,50
S-007392,C-0099,2026-03-24,PH01,W-02,10
S-007393,C-0115,2026-03-24,IN01,W-04,45
S-007394,C-0119,2026-03-24,HV01,W-06,120
S-007395,C-0133,2026-03-24,CO02,W-12,60
S-007396,C-0157,2026-03-24,CO01,W-11,50
S-007397,C-0171,2026-03-24,FA02,W-14,15
S-007398,C-0180,2026-03-24,CH02,W-03,45
S-007399,C-0193,2026-03-24,CO01,W-11,90
S-007400,C-0196,2026-03-24,HV01,W-01,45
S-007401,C-0197,2026-03-24,CN01,W-01,15
S-007402,C-0197,2026-03-24,CO02,W-11,50
S-007403,C-0200,2026-03-24,RF01,W-04,20
S-007404,C-0204,2026-03-24,RF01,W-04,20
S-007405,C-0214,2026-03-24,TR02,W-09,45
S-007406,C-0237,2026-03-24,CH02,W-03,90
S-007407,C-0241,2026-03-24,IN01,W-04,45
S-007408,C-0241,2026-03-24,CN01,W-04,10
S-007409,C-0255,2026-03-24,CN01,W-03,10
S-007410,C-0255,2026-03-24, tr02  ,W-03,45
S-007411,C-0287,2026-03-24,CO01,W-12,90
S-007412,C-0289,2026-03-24,TR02 ,W-10,30
S-007413,C-0294,2026-03-24,RF01,W-03,20
S-007414,C-0294,2026-03-24,PH01,W-03,5
S-007415,C-0001,2026-03-25,FA03 ,W-13,30
S-007416,C-0026,2026-03-25,PH01,W-10,15
S-007417,C-0040,2026-03-25,CO02,W-12,60
S-007418,C-0042,2026-03-25,CN01,W-07,10
S-007419,C-0044,2026-03-25,CO01,W-12,60
S-007420,C-0044,2026-03-25,CN01,W-03,10
S-007421,C-0056,2026-03-25,CH02,W-04,60
S-007422,C-0058,2026-03-25,HV01,W-05,60
S-007423,C-0060,2026-03-25,HV01,W-02,120
S-007424,C-0060,2026-03-25,TR02,W-07,45
S-007424,C-0060,2026-03-25,TR02,W-07,45
S-007425,C-0061,2026-03-25,PH01,W-06,20
S-007426,C-0090,2026-03-25,PH01,W-04,5
S-007427,C-0104,2026-03-25,IN01,W-10,30
S-007428,C-0109,2026-03-25,IN01,W-07,15
S-007429,C-0130,2026-03-25,CN01,W-04,20
S-007430,C-0153,2026-03-25,ID01,W-05,20
S-007431,C-0161,2026-03-25,CH02,W-06,60
S-007432,C-0163,2026-03-25,CN01,W-01,30
S-007433,C-0173,2026-03-25,TR02,W-04,45
S-007434,C-0174,2026-03-25,cn01,W-02,30
S-007435,C-0180,2026-03-25,PH01,W-02,5
S-007436,C-0183,2026-03-25,CN01,W-05,10
S-007437,C-0204,2026-03-25,TR02,W-04,30
S-007438,C-0205,2026-03-25,PH01,W-04,15
S-007439,C-0212,2026-03-25,RF01,W-04,20
S-007440,C-0216,2026-03-25,RF01 ,W-09,15
S-007441,C-0223,2026-03-25,CO02,W-11,50
S-007442,C-0231,2026-03-25,FA03,W-14,30
S-007443,C-0238,2026-03-25,CO02,W-11,60
S-007444,C-0249,2026-03-25,HV01,W-05,90
S-007445,C-0265,2026-03-25,CN01,W-10,15
S-007446,C-0273,2026-03-25,HV01,W-03,90
S-007447,C-0273,2026-03-25,HV01,W-02,90
S-007448,C-0012,2026-03-26,CN01,W-02,15
S-007449,C-0018,2026-03-26, cn01  ,W-05,20
S-007450,C-0042,2026-03-26,CN01 ,W-07,15
S-007451,C-0057,2026-03-26,RF01,W-02,15
S-007452,C-0060,2026-03-26,ID01,W-07,45
S-007453,C-0065,2026-03-26,CN01,W-02,15
S-007454,C-0065,2026-03-26,CN01,W-02,20
S-007455,C-0091,2026-03-26,CH02,W-02,90
S-007456,C-0095,2026-03-26,CH02,W-02,90
S-007457,C-0104,2026-03-26,FA01,W-10,15
S-007458,C-0114,2026-03-26,PH01,W-08,5
S-007459,C-0126,2026-03-26,CN01,W-02,30
S-007460,C-0153,2026-03-26,CN01,W-05,10
S-007461,C-0162,2026-03-26,FA02,W-14,20
S-007462,C-0171,2026-03-26,HV01,W-03,90
S-007463,C-0174,2026-03-26,IN01,W-02,15
S-007464,C-0179,2026-03-26,CO01,W-11,90
S-007465,C-0188,2026-03-26, ch02  ,W-06,90
S-007466,C-0191,2026-03-26,CN01,W-05,20
S-007467,C-0200,2026-03-26,CO01,W-12,90
S-007468,C-0215,2026-03-26,CN01,W-07,20
S-007469,C-0223,2026-03-26,CO02,W-11,90
S-007470,C-0235,2026-03-26,cn01,W-09,20
S-007471,C-0237,2026-03-26,PH01,W-10,10
S-007472,C-0247,2026-03-26,CN01,W-03,15
S-007473,C-0247,2026-03-26,CN01,W-03,15
S-007474,C-0247,2026-03-26,CO01,W-11,60
S-007475,C-0265,2026-03-26,CH02,W-04,120
S-007476,C-0265,2026-03-26,CN01,W-10,30
S-007477,C-0284,2026-03-26,CO02,W-11,50
S-007478,C-0292,2026-03-26,CN01 ,W-07,15
S-007479,C-0026,2026-03-27,IN01,W-10,20
S-007480,C-0034,2026-03-27,RF01,W-03,20
S-007481,C-0037,2026-03-27,CO02,W-11,90
S-007482,C-0050,2026-03-27,CN01,W-06,20
S-007483,C-0074,2026-03-27,HV01,W-04,120
S-007484,C-0083,2026-03-27,PH01,W-09,10
S-007485,C-0097,2026-03-27,TR02,W-09,20
S-007486,C-0102,2026-03-27,CN01,W-05,10
S-007487,C-0102,2026-03-27,PH01,W-05,20
S-007488,C-0104,2026-03-27,FA02,W-13,45
S-007489,C-0110,2026-03-27,CH02,W-06,120
S-007489,C-0110,2026-03-27,CH02,W-06,120
S-007490,C-0119,2026-03-27,FA01,W-03,20
S-007491,C-0147,2026-03-27,CO02,W-12,90
S-007492,C-0153,2026-03-27,HV01,W-02,120
S-007493,C-0156,2026-03-27,HV01,W-04,60
S-007494,C-0187,2026-03-27,CO02,W-12,60
S-007495,C-0188,2026-03-27,IN01,W-07,15
S-007496,C-0193,2026-03-27,CN01,W-01,10
S-007497,C-0193,2026-03-27,CO01,W-12,50
S-007498,C-0200,2026-03-27,PH01,W-04,10
S-007499,C-0207,2026-03-27,FA02,W-14,45
S-007500,C-0222,2026-03-27,TR01,W-05,15
S-007501,C-0223,2026-03-27,CN01,W-06,20
S-007502,C-0224,2026-03-27,RF01,W-08,15
S-007503,C-0241,2026-03-27,IN01,W-04,20
S-007504,C-0264,2026-03-27,CO01,W-12,60
S-007505,C-0278,2026-03-27,RF01,W-02,10
S-007506,C-0295,2026-03-27,CN01,W-04,20
S-007507,C-0008,2026-03-28,CH02,W-03,90
S-007508,C-0028,2026-03-28,PH01,W-06,5
S-007509,C-0040,2026-03-28,PH01,W-02,20
S-007510,C-0041,2026-03-28,CO01,W-12,50
S-007511,C-0044,2026-03-28,CO02,W-12,50
S-007512,C-0046,2026-03-28,CN01,W-06,20
S-007513,C-0060,2026-03-28,FA01,W-07,20
S-007514,C-0063,2026-03-28,CN01,W-06,20
S-007515,C-0074,2026-03-28,PH01,W-02,10
S-007516,C-0083,2026-03-28,HV01,W-01,45
S-007517,C-0088,2026-03-28,IN01,W-06,20
S-007518,C-0099,2026-03-28,HV01,W-04,120
S-007519,C-0131,2026-03-28,PH01,W-09,15
S-007520,C-0144,2026-03-28,FA02 ,W-13,20
S-007521,C-0152,2026-03-28,RF01,W-08,20
S-007522,C-0152,2026-03-28,TR02 ,W-08,15
S-007523,C-0164,2026-03-28,cn01,W-09,10
S-007524,C-0167,2026-03-28,CN01,W-09,10
S-007525,C-0196,2026-03-28,ID01,W-05,45
S-007526,C-0197,2026-03-28,PH01,W-01,10
S-007527,C-0200,2026-03-28,CO02,W-11,90
S-007528,C-0207,2026-03-28,CH02,W-06,45
S-007529,C-0208,2026-03-28,TR02,W-09,30
S-007530,C-0215,2026-03-28,FA02,W-13,45
S-007531,C-0224,2026-03-28,FA01,W-08,30
S-007532,C-0238,2026-03-28,TR01,W-03,15
S-007533,C-0246,2026-03-28,PH01,W-10,5
S-007534,C-0255,2026-03-28,TR02 ,W-03,20
S-007535,C-0255,2026-03-28,FA02,W-14,45
S-007536,C-0256,2026-03-28,PH01,W-03,15
S-007537,C-0264,2026-03-28,HV01,W-03,120
S-007538,C-0286,2026-03-28,FA02,W-13,30
S-007539,C-0292,2026-03-28,TR01,W-07,30
S-007540,C-0010,2026-03-29,CO02,W-11,50
S-007541,C-0024,2026-03-29,CN01,W-08,20
S-007542,C-0042,2026-03-29,PH01,W-07,5
S-007543,C-0057,2026-03-29,TR02,W-02,20
S-007544,C-0063,2026-03-29,HV01,W-01,120
S-007545,C-0066,2026-03-29,CH02,W-05,60
S-007546,C-0078,2026-03-29,CN01,W-08,15
S-007547,C-0078,2026-03-29,FA01,W-08,45
S-007548,C-0088,2026-03-29,PH01,W-06,15
S-007549,C-0101,2026-03-29,PH01,W-01,20
S-007550,C-0106,2026-03-29,PH01,W-03,20
S-007551,C-0109,2026-03-29,CO02,W-12,50
S-007552,C-0109,2026-03-29,ID01,W-07,30
S-007553,C-0109,2026-03-29,RF01,W-07,15
S-007554,C-0131,2026-03-29,CO01,W-11,50
S-007555,C-0133,2026-03-29,FA01,W-09,45
S-007556,C-0147,2026-03-29,PH01,W-02,10
S-007557,C-0161,2026-03-29,TR01,W-08,20
S-007558,C-0172,2026-03-29,CN01,W-06,15
S-007559,C-0212,2026-03-29,CN01,W-04,15
S-007560,C-0215,2026-03-29,PH01,W-07,10
S-007561,C-0215,2026-03-29,CN01,W-07,15
S-007562,C-0216,2026-03-29,HV01,W-03,45
S-007563,C-0231,2026-03-29,PH01,W-06,10
S-007564,C-0238,2026-03-29,PH01,W-03,5
S-007565,C-0248,2026-03-29,CO01,W-12,90
S-007566,C-0256,2026-03-29,HV01,W-01,60
S-007567,C-0261,2026-03-29,ID01,W-06,20
S-007568,C-0261,2026-03-29,PH01,W-06,20
S-007569,C-0265,2026-03-29,CO01,W-12,50
S-007570,C-0284,2026-03-29,cn01,W-08,15
S-007571,C-0288,2026-03-29,CO01,W-11,60
S-007572,C-0001,2026-03-30,FA02 ,W-13,30
S-007573,C-0014,2026-03-30,CN01,W-09,30
S-007574,C-0018,2026-03-30,CH02,W-01,90
S-007575,C-0028,2026-03-30,RF01,W-06,30
S-007576,C-0037,2026-03-30,CN01,W-02,15
S-007577,C-0048,2026-03-30,PH01,W-02,5
S-007578,C-0063,2026-03-30,CN01,W-06,15
S-007579,C-0063,2026-03-30,TR02,W-06,45
S-007580,C-0065,2026-03-30,IN01,W-02,30
S-007581,C-0065,2026-03-30,PH01,W-02,15
S-007582,C-0102,2026-03-30,FA01,W-05,20
S-007583,C-0109,2026-03-30,TR01,W-07,20
S-007584,C-0110,2026-03-30,CH02,W-06,90
S-007585,C-0115,2026-03-30,IN01 ,W-04,30
S-007586,C-0138,2026-03-30,PH01,W-04,15
S-007587,C-0156,2026-03-30,IN01,W-05,45
S-007588,C-0160,2026-03-30,CN01,W-05,15
S-007589,C-0163,2026-03-30,HV01,W-05,120
S-007590,C-0168,2026-03-30,CO02,W-12,50
S-007591,C-0168,2026-03-30,CN01,W-04,15
S-007592,C-0171,2026-03-30,PH01,W-07,15
S-007593,C-0180,2026-03-30,TR01,W-02,30
S-007594,C-0180,2026-03-30, cn01  ,W-02,10
S-007595,C-0188,2026-03-30,PH01,W-07,20
S-007596,C-0188,2026-03-30,ch02,W-03,60
S-007597,C-0200,2026-03-30, cn01  ,W-04,30
S-007598,C-0220,2026-03-30,tr01,W-02,15
S-007599,C-0228,2026-03-30,PH01,W-02,5
S-007600,C-0238,2026-03-30,ph01,W-03,5
S-007601,C-0247,2026-03-30,CH02,W-05,90
S-007602,C-0247,2026-03-30,FA02,W-14,30
S-007603,C-0261,2026-03-30,TR01,W-06,15
S-007604,C-0273,2026-03-30,,W-02,120
S-007605,C-0287,2026-03-30,PH01,W-06,20
S-007606,C-0294,2026-03-30,PH01,W-03,20
S-007607,C-0295,2026-03-30,CH02,W-03,120
S-007608,C-0295,2026-03-30,CO02,W-12,50
S-007609,C-0300,2026-03-30,CO02,W-12,60
S-007610,C-0001,2026-03-31,PH01,W-04,5
S-007611,C-0008,2026-03-31,CO01,W-11,60
S-007612,C-0012,2026-03-31,co02,W-11,90
S-007613,C-0014,2026-03-31,CH02,W-02,120
S-007614,C-0014,2026-03-31,CN01,W-09,15
S-007615,C-0024,2026-03-31,CH02,W-05,90
S-007616,C-0028,2026-03-31,ID01,W-06,15
S-007617,C-0048,2026-03-31,cn01,W-02,30
S-007618,C-0058,2026-03-31,CO02,W-11,60
S-007619,C-0065,2026-03-31,FA01,W-02,20
S-007620,C-0065,2026-03-31,FA02,W-14,20
S-007621,C-0066,2026-03-31,PH01,W-05,10
S-007622,C-0071,2026-03-31,HV01,W-03,45
S-007623,C-0072,2026-03-31,HV01,W-04,120
S-007624,C-0083,2026-03-31,RF01,W-09,10
S-007625,C-0090,2026-03-31,TR02,W-04,20
S-007626,C-0092,2026-03-31, ph01  ,W-05,15
S-007627,C-0099,2026-03-31,RF01 ,W-02,20
S-007628,C-0114,2026-03-31,CN01,W-08,30
S-007629,C-0121,2026-03-31,PH01,W-05,15
S-007630,C-0130,2026-03-31,CN01,W-04,10
S-007631,C-0134,2026-03-31,CH02,W-06,45
S-007632,C-0145,2026-03-31,CN01,W-03,15
S-007633,C-0153,2026-03-31,CH02,W-02,60
S-007634,C-0171,2026-03-31,PH01,W-07,20
S-007635,C-0173,2026-03-31,CN01,W-04,20
S-007636,C-0174,2026-03-31,PH01,W-02,20
S-007637,C-0196,2026-03-31,FA02,W-14,30
S-007638,C-0197,2026-03-31,TR02 ,W-01,15
S-007639,C-0200,2026-03-31,ID01,W-04,45
S-007640,C-0219,2026-03-31,FA01,W-04,20
S-007641,C-0227,2026-03-31,PH01,W-08,5
S-007642,C-0237,2026-03-31,ID01,W-10,45
S-007643,C-0238,2026-03-31,ID01,W-03,30
S-007644,C-0256,2026-03-31,TR01,W-03,20
S-007645,C-0292,2026-03-31,ID01,W-07,30
S-007646,C-0295,2026-03-31,FA01,W-04,45
S-007647,C-0010,2026-04-01,RF01,W-01,10
S-007648,C-0034,2026-04-01,FA03 ,W-14,20
S-007649,C-0042,2026-04-01,PH01,W-07,5
S-007650,C-0054,2026-04-01,CH02,W-04,45
S-007651,C-0062,2026-04-01,PH01,W-10,10
S-007652,C-0063,2026-04-01,FA03,W-14,30
S-007653,C-0063,2026-04-01,PH01,W-06,5
S-007654,C-0070,2026-04-01,CH02,W-03,90
S-007655,C-0082,2026-04-01,FA01,W-09,45
S-007656,C-0095,2026-04-01,TR02,W-06,30
S-007657,C-0114,2026-04-01,CN01,W-08,30
S-007658,C-0115,2026-04-01,TR01,W-04,20
S-007659,C-0119,2026-04-01,tr02,W-03,30
S-007660,C-0124,2026-04-01,CH02,W-05,60
S-007661,C-0131,2026-04-01,PH01,W-09,10
S-007662,C-0147,2026-04-01,CN01,W-02,15
S-007663,C-0152,2026-04-01,CO02,W-12,50
S-007664,C-0159,2026-04-01,ph01,W-07,5
S-007665,C-0163,2026-04-01,PH01,W-01,20
S-007666,C-0181,2026-04-01,HV01,W-01,90
S-007667,C-0181,2026-04-01,CN01,W-10,30
S-007668,C-0197,2026-04-01,CN01,W-01,30
S-007669,C-0205,2026-04-01,HV01,W-01,120
S-007670,C-0212,2026-04-01,CN01,W-04,30
S-007671,C-0216,2026-04-01,PH01,W-09,15
S-007672,C-0223,2026-04-01,FA03,W-13,15
S-007673,C-0223,2026-04-01,PH01,W-06,20
S-007674,C-0228,2026-04-01,FA03,W-14,20
S-007675,C-0231,2026-04-01,CN01,W-06,30
S-007676,C-0238,2026-04-01,CH02,W-02,120
S-007677,C-0255,2026-04-01,CO01,W-12,90
S-007678,C-0256,2026-04-01, hv01  ,W-06,120
S-007679,C-0261,2026-04-01, ch02  ,W-05,90
S-007680,C-0264,2026-04-01,TR01,W-08,20
S-007681,C-0279,2026-04-01,CN01,W-03,15
S-007682,C-0288,2026-04-01,FA01,W-10,45
S-007683,C-0294,2026-04-01,TR02,W-03,20
S-007684,C-0018,2026-04-02,CH02,W-02,60
S-007685,C-0021,2026-04-02,RF01,W-07,30
S-007686,C-0037,2026-04-02,TR02,W-02,45
S-007687,C-0057,2026-04-02,ID01,W-02,45
S-007688,C-0058,2026-04-02,IN01,W-09,15
S-007689,C-0060,2026-04-02,CO02,W-12,90
S-007690,C-0062,2026-04-02,FA01,W-10,20
S-007691,C-0063,2026-04-02,PH01,W-06,5
S-007692,C-0063,2026-04-02,CO01,W-12,50
S-007693,C-0070,2026-04-02,CN01,W-01,15
S-007694,C-0094,2026-04-02,PH01,W-06,10
S-007695,C-0099,2026-04-02,CN01,W-02,30
S-007696,C-0099,2026-04-02,IN01,W-02,45
S-007697,C-0104,2026-04-02,CH02,W-02,120
S-007698,C-0114,2026-04-02,TR01,W-08,15
S-007699,C-0134,2026-04-02,RF01,W-07,30
S-007700,C-0147,2026-04-02,CN01,W-02,15
S-007701,C-0157,2026-04-02,CN01,W-02,10
S-007702,C-0160,2026-04-02,FA02,W-14,20
S-007703,C-0161,2026-04-02,FA02,W-13,20
S-007704,C-0167,2026-04-02,HV01,W-05,60
S-007705,C-0169,2026-04-02,FA03,W-14,20
S-007706,C-0171,2026-04-02,HV01,W-05,45
S-007707,C-0174,2026-04-02,PH01,W-02,20
S-007708,C-0186,2026-04-02,HV01,W-01,60
S-007709,C-0186,2026-04-02,CN01,W-06,20
S-007710,C-0191,2026-04-02,CH02,W-03,45
S-007711,C-0193,2026-04-02,hv01,W-03,90
S-007712,C-0196,2026-04-02,FA03,W-14,15
S-007713,C-0207,2026-04-02,CO02,W-12,60
S-007714,C-0214,2026-04-02,CN01 ,W-09,30
S-007715,C-0223,2026-04-02,CN01,W-06,15
S-007716,C-0227,2026-04-02,CH02 ,W-05,45
S-007717,C-0241,2026-04-02,CH02,W-03,60
S-007718,C-0241,2026-04-02,CN01,W-04,20
S-007719,C-0245,2026-04-02,CN01,W-03,15
S-007720,C-0246,2026-04-02,CH02,W-05,120
S-007721,C-0265,2026-04-02,PH01,W-10,5
S-007722,C-0278,2026-04-02,IN01,W-02,30
S-007723,C-0295,2026-04-02,HV01,W-01,90
S-007724,C-0001,2026-04-03,FA02,W-14,30
S-007725,C-0016,2026-04-03,FA02,W-13,20
S-007726,C-0016,2026-04-03,FA01,W-09,30
S-007727,C-0028,2026-04-03,PH01,W-06,20
S-007728,C-0034,2026-04-03,FA02,W-14,20
S-007729,C-0042,2026-04-03,CN01,W-07,20
S-007730,C-0058,2026-04-03,RF01,W-09,30
S-007731,C-0069,2026-04-03,PH01,W-09,10
S-007732,C-0071,2026-04-03,FA03,W-13,45
S-007733,C-0089,2026-04-03,CH02,W-02,45
S-007734,C-0109,2026-04-03,ID01,W-07,45
S-007735,C-0113,2026-04-03,CN01,W-07,30
S-007736,C-0119,2026-04-03,FA02,W-14,45
S-007737,C-0119,2026-04-03,HV01,W-05,90
S-007738,C-0120,2026-04-03,IN01,W-10,30
S-007738,C-0120,2026-04-03,IN01,W-10,30
S-007739,C-0126,2026-04-03,PH01,W-02,20
S-007740,C-0161,2026-04-03,CN01,W-08,20
S-007741,C-0183,2026-04-03,CN01,W-05,20
S-007742,C-0197,2026-04-03,CN01,W-01,20
S-007743,C-0204,2026-04-03,FA01,W-04,15
S-007744,C-0206,2026-04-03,CN01,W-04,20
S-007745,C-0219,2026-04-03,PH01,W-04,5
S-007746,C-0222,2026-04-03,CN01,W-05,15
S-007747,C-0248,2026-04-03,CO02,W-11,90
S-007747,C-0248,2026-04-03,CO02,W-11,90
S-007748,C-0292,2026-04-03,CO01,W-12,50
S-007749,C-0296,2026-04-03,FA01,W-10,45
S-007750,C-0299,2026-04-03,CO02,W-12,90
S-007751,C-0047,2026-04-04,TR01,W-07,30
S-007752,C-0054,2026-04-04,PH01,W-07,5
S-007753,C-0057,2026-04-04,CH02,W-02,90
S-007754,C-0060,2026-04-04,TR02,W-07,45
S-007755,C-0063,2026-04-04,CN01,W-06,15
S-007756,C-0065,2026-04-04,CN01,W-02,30
S-007757,C-0065,2026-04-04,FA01,W-02,30
S-007758,C-0065,2026-04-04,CN01,W-02,15
S-007759,C-0086,2026-04-04,CN01,W-10,15
S-007760,C-0091,2026-04-04,PH01,W-10,20
S-007761,C-0099,2026-04-04,ID01,W-02,30
S-007762,C-0102,2026-04-04,IN01,W-05,30
S-007763,C-0103,2026-04-04,TR01,W-06,20
S-007764,C-0119,2026-04-04,PH01,W-03,10
S-007765,C-0119,2026-04-04,FA03,W-14,45
S-007766,C-0130,2026-04-04,TR02,W-04,20
S-007767,C-0138,2026-04-04,CH02,W-01,45
S-007768,C-0138,2026-04-04,TR01,W-04,20
S-007769,C-0145,2026-04-04,CH02,W-05,60
S-007770,C-0146,2026-04-04,TR01,W-08,30
S-007771,C-0161,2026-04-04,RF01,W-08,15
S-007772,C-0174,2026-04-04,HV01,W-02,120
S-007773,C-0188,2026-04-04,RF01,W-07,20
S-007774,C-0200,2026-04-04,CN01,W-04,20
S-007775,C-0206,2026-04-04,CH02,W-01,45
S-007776,C-0208,2026-04-04,FA02,W-13,30
S-007777,C-0216,2026-04-04,PH01,W-09,5
S-007778,C-0223,2026-04-04,PH01,W-06,20
S-007779,C-0228,2026-04-04,PH01,W-02,10
S-007780,C-0229,2026-04-04,ID01,W-02,20
S-007781,C-0229,2026-04-04,CH02,W-03,90
S-007781,C-0229,2026-04-04,CH02,W-03,90
S-007782,C-0241,2026-04-04,CN01,W-04,15
S-007783,C-0261,2026-04-04,RF01,W-06,10
S-007784,C-0289,2026-04-04,TR01,W-10,30
S-007785,C-0295,2026-04-04,ID01,W-04,45
S-007786,C-0299,2026-04-04,ph01,W-08,20
S-007787,C-0016,2026-04-05,CN01,W-09,20
S-007788,C-0026,2026-04-05,FA01,W-10,45
S-007789,C-0035,2026-04-05,TR02,W-03,15
S-007790,C-0040,2026-04-05,FA01,W-02,30
S-007791,C-0042,2026-04-05,TR01,W-07,20
S-007792,C-0043,2026-04-05,FA01,W-02,45
S-007793,C-0047,2026-04-05,CN01,W-07,30
S-007794,C-0048,2026-04-05,CN01,W-02,10
S-007795,C-0057,2026-04-05,hv01,W-01,90
S-007796,C-0062,2026-04-05,CH02,W-04,120
S-007797,C-0065,2026-04-05,TR02,W-02,30
S-007798,C-0069,2026-04-05,CN01,W-09,10
S-007799,C-0070,2026-04-05,HV01,W-05,90
S-007800,C-0070,2026-04-05,FA02,W-14,45
S-007801,C-0088,2026-04-05,CN01,W-06,30
S-007802,C-0095,2026-04-05,HV01,W-06,45
S-007803,C-0097,2026-04-05,CN01,W-09,15
S-007804,C-0099,2026-04-05,FA03,W-14,30
S-007805,C-0101,2026-04-05,FA01,W-01,15
S-007806,C-0119,2026-04-05,FA03,W-13,20
S-007807,C-0131,2026-04-05,HV01,W-01,45
S-007808,C-0160,2026-04-05,RF01,W-05,10
S-007809,C-0160,2026-04-05,RF01,W-05,30
S-007810,C-0173,2026-04-05,CN01,W-04,15
S-007811,C-0188,2026-04-05,CN01,W-07,30
S-007812,C-0193,2026-04-05,HV01,W-06,120
S-007813,C-0197,2026-04-05,IN01,W-01,30
S-007814,C-0197,2026-04-05,IN01,W-01,30
S-007815,C-0204,2026-04-05,PH01,W-04,15
S-007816,C-0219,2026-04-05,FA01,W-04,30
S-007817,C-0241,2026-04-05,FA01,W-04,45
S-007818,C-0241,2026-04-05,TR01,W-04,20
S-007819,C-0241,2026-04-05,IN01,W-04,45
S-007820,C-0248,2026-04-05,PH01,W-04,15
S-007821,C-0255,2026-04-05,RF01,W-03,30
S-007822,C-0261,2026-04-05,RF01,W-06,30
S-007823,C-0264,2026-04-05,HV01,W-04,90
S-007824,C-0284,2026-04-05,CN01,W-08,30
S-007825,C-0286,2026-04-05,CN01,W-05,20
S-007826,C-0286,2026-04-05,TR01,W-05,20
S-007827,C-0292,2026-04-05,CN01,W-07,30
S-007828,C-0300,2026-04-05,CN01,W-05,15
S-007829,C-0037,2026-04-06,FA01,W-02,30
S-007830,C-0040,2026-04-06,ID01,W-02,20
S-007831,C-0050,2026-04-06,CN01,W-06,20
S-007832,C-0058,2026-04-06,PH01,W-09,20
S-007833,C-0063,2026-04-06,CH02,W-06,60
S-007834,C-0063,2026-04-06,FA02,W-14,30
S-007835,C-0063,2026-04-06,PH01,W-06,15
S-007836,C-0065,2026-04-06,HV01,W-03,120
S-007837,C-0070,2026-04-06,TR02,W-01,15
S-007838,C-0072,2026-04-06,ID01,W-02,15
S-007839,C-0072,2026-04-06,CN01,W-02,10
S-007840,C-0072,2026-04-06,PH01,W-02,10
S-007841,C-0080,2026-04-06,CO02,W-12,90
S-007842,C-0097,2026-04-06,FA03,W-14,15
S-007843,C-0099,2026-04-06,CN01,W-02,15
S-007844,C-0102,2026-04-06,IN01,W-05,20
S-007845,C-0103,2026-04-06,TR01,W-06,15
S-007846,C-0104,2026-04-06,CN01,W-10,30
S-007847,C-0133,2026-04-06,IN01,W-09,15
S-007848,C-0159,2026-04-06,FA02,W-13,30
S-007849,C-0169,2026-04-06,FA03,W-14,20
S-007850,C-0180,2026-04-06,PH01,W-02,10
S-007851,C-0180,2026-04-06,PH01,W-02,5
S-007852,C-0188,2026-04-06,CN01,W-07,20
S-007853,C-0188,2026-04-06,CH02,W-02,45
S-007854,C-0191,2026-04-06,CN01 ,W-05,15
S-007855,C-0193,2026-04-06,TR01,W-01,20
S-007856,C-0194,2026-04-06,cn01,W-02,10
S-007857,C-0194,2026-04-06,IN01,W-02,15
S-007858,C-0207,2026-04-06,HV01,W-02,120
S-007859,C-0219,2026-04-06,CN01,W-04,30
S-007860,C-0246,2026-04-06,PH01 ,W-10,5
S-007861,C-0247,2026-04-06,RF01,W-03,15
S-007862,C-0259,2026-04-06,IN01,W-10,20
S-007862,C-0259,2026-04-06,IN01,W-10,20
S-007863,C-0264,2026-04-06,CN01,W-08,15
S-007864,C-0287,2026-04-06,PH01,W-06,15
S-007865,C-0294,2026-04-06,RF01,W-03,10
S-007866,C-0295,2026-04-06,CN01,W-04,20
S-007867,C-0296,2026-04-06,PH01,W-10,20
S-007868,C-0300,2026-04-06,TR02,W-05,20
S-007869,C-0300,2026-04-06,CO01,W-12,90
S-007870,C-0300,2026-04-06,CO01,W-12,90
S-007871,C-0010,2026-04-07,CN01,W-01,20
S-007872,C-0014,2026-04-07,FA01,W-09,30
S-007873,C-0016,2026-04-07,CN01,W-09,15
S-007874,C-0041,2026-04-07,TR02,W-05,45
S-007875,C-0042,2026-04-07,CN01,W-07,15
S-007876,C-0044,2026-04-07,CH02,W-04,90
S-007877,C-0048,2026-04-07,HV01,W-06,45
S-007878,C-0056,2026-04-07,CN01,W-01,10
S-007879,C-0061,2026-04-07,CH02,W-05,120
S-007880,C-0063,2026-04-07,CN01,W-06,30
S-007881,C-0063,2026-04-07,PH01,W-06,5
S-007882,C-0065,2026-04-07,FA03 ,W-14,15
S-007883,C-0070,2026-04-07,ID01,W-01,15
S-007884,C-0074,2026-04-07,CO01,W-11,50
S-007885,C-0088,2026-04-07,PH01,W-06,15
S-007886,C-0097,2026-04-07,FA02,W-13,30
S-007887,C-0102,2026-04-07,CO01,W-12,60
S-007888,C-0120,2026-04-07,HV01,W-03,120
S-007889,C-0120,2026-04-07,HV01,W-04,45
S-007890,C-0130,2026-04-07,PH01,W-04,10
S-007891,C-0131,2026-04-07,CO01,W-12,50
S-007892,C-0154,2026-04-07,HV01,W-06,120
S-007893,C-0159,2026-04-07,CN01,W-07,15
S-007894,C-0159,2026-04-07,CO02,W-12,50
S-007895,C-0169,2026-04-07,CO01,W-12,60
S-007896,C-0172,2026-04-07,CN01,W-06,15
S-007897,C-0180,2026-04-07,CH02,W-02,60
S-007898,C-0188,2026-04-07,HV01,W-04,90
S-007899,C-0191,2026-04-07,PH01 ,W-05,15
S-007900,C-0219,2026-04-07,fa02,W-13,45
S-007901,C-0231,2026-04-07,TR01,W-06,20
S-007902,C-0241,2026-04-07,ID01 ,W-04,45
S-007903,C-0241,2026-04-07,CN01,W-04,20
S-007904,C-0256,2026-04-07,CN01,W-03,30
S-007905,C-0271,2026-04-07,CH02,W-03,90
S-007906,C-0271,2026-04-07,CH02,W-03,45
S-007907,C-0279,2026-04-07,CN01 ,W-03,30
S-007908,C-0289,2026-04-07,CO02,W-12,90
S-007909,C-0295,2026-04-07,HV01,W-04,60
S-007910,C-0006,2026-04-08,CO02,W-12,60
S-007911,C-0007,2026-04-08,IN01,W-06,20
S-007912,C-0013,2026-04-08,CH02,W-03,60
S-007913,C-0013,2026-04-08,ID01,W-09,15
S-007914,C-0036,2026-04-08,CN01,W-09,15
S-007915,C-0044,2026-04-08,CN01,W-03,30
S-007916,C-0058,2026-04-08,IN01,W-09,30
S-007917,C-0060,2026-04-08,CH02,W-02,90
S-007918,C-0062,2026-04-08,IN01,W-10,30
S-007919,C-0080,2026-04-08,CO02,W-11,50
S-007920,C-0088,2026-04-08,FA02,W-13,30
S-007921,C-0095,2026-04-08,IN01,W-06,30
S-007922,C-0120,2026-04-08,RF01,W-10,30
S-007923,C-0129,2026-04-08,CN01,W-04,15
S-007923,C-0129,2026-04-08,CN01,W-04,15
S-007924,C-0129,2026-04-08,TR01,W-04,30
S-007925,C-0133,2026-04-08,HV01,W-01,90
S-007926,C-0138,2026-04-08,PH01,W-04,15
S-007927,C-0138,2026-04-08,TR01,W-04,45
S-007928,C-0164,2026-04-08,HV01,W-02,90
S-007929,C-0181,2026-04-08,PH01,W-10,5
S-007930,C-0188,2026-04-08,PH01,W-07,20
S-007931,C-0194,2026-04-08,CN01,W-02,30
S-007932,C-0200,2026-04-08,CO02,W-11,50
S-007933,C-0214,2026-04-08,FA02,W-14,20
S-007934,C-0217,2026-04-08,RF01,W-01,20
S-007935,C-0219,2026-04-08,CH02,W-04,60
S-007936,C-0261,2026-04-08,CH02,W-02,120
S-007937,C-0271,2026-04-08,HV01,W-02,60
S-007938,C-0271,2026-04-08,PH01,W-02,20
S-007939,C-0287,2026-04-08,HV01,W-06,60
S-007940,C-0292,2026-04-08,HV01,W-02,90
S-007941,C-0294,2026-04-08,PH01,W-03,20
S-007942,C-0295,2026-04-08,FA03,W-14,20
S-007942,C-0295,2026-04-08,FA03,W-14,20
S-007943,C-0298,2026-04-08,TR02,W-07,45
S-007944,C-0299,2026-04-08,HV01 ,W-01,45
S-007945,C-0007,2026-04-09,CN01,W-06,10
S-007946,C-0012,2026-04-09,PH01,W-02,15
S-007947,C-0013,2026-04-09,TR01,W-09,30
S-007948,C-0014,2026-04-09,FA03,W-14,15
S-007949,C-0034,2026-04-09,FA02,W-14,15
S-007950,C-0037,2026-04-09,CO01,W-11,90
S-007951,C-0037,2026-04-09,PH01,W-02,15
S-007952,C-0040,2026-04-09,CO02,W-11,90
S-007953,C-0043,2026-04-09,CH02,W-05,45
S-007954,C-0058,2026-04-09,CO02,W-12,60
S-007955,C-0060,2026-04-09,ID01,W-07,45
S-007956,C-0062,2026-04-09,FA01,W-10,20
S-007957,C-0070,2026-04-09,CN01,W-01,30
S-007958,C-0071,2026-04-09,CN01,W-09,15
S-007959,C-0071,2026-04-09,CH02,W-02,90
S-007960,C-0088,2026-04-09,HV01,W-06,90
S-007961,C-0090,2026-04-09,FA01,W-04,30
S-007962,C-0101,2026-04-09,CN01,W-01,10
S-007963,C-0130,2026-04-09,CN01,W-04,30
S-007964,C-0131,2026-04-09,CN01,W-09,15
S-007965,C-0144,2026-04-09,FA02,W-13,45
S-007966,C-0154,2026-04-09,FA01,W-08,45
S-007967,C-0160,2026-04-09,PH01,W-05,5
S-007968,C-0161,2026-04-09,CN01,W-08,10
S-007969,C-0168,2026-04-09,FA01,W-04,20
S-007970,C-0172,2026-04-09,TR02,W-06,30
S-007971,C-0188,2026-04-09,IN01,W-07,30
S-007972,C-0188,2026-04-09,IN01,W-07,20
S-007973,C-0196,2026-04-09,CN01,W-05,20
S-007974,C-0196,2026-04-09,FA01,W-05,45
S-007975,C-0206,2026-04-09,HV01,W-01,60
S-007976,C-0222,2026-04-09,HV01,W-06,45
S-007977,C-0223,2026-04-09,CO01,W-11,90
S-007978,C-0224,2026-04-09,RF01,W-08,20
S-007979,C-0261,2026-04-09,RF01,W-06,15
S-007980,C-0265,2026-04-09,RF01 ,W-10,10
S-007981,C-0279,2026-04-09,HV01,W-02,60
S-007982,C-0279,2026-04-09,CN01,W-03,10
S-007983,C-0294,2026-04-09,PH01,W-03,15
S-007984,C-0296,2026-04-09,CH02,W-01,90
S-007985,C-0026,2026-04-10,PH01,W-10,10
S-007986,C-0026,2026-04-10,CH02,W-06,60
S-007987,C-0035,2026-04-10,CO02,W-12,50
S-007988,C-0057,2026-04-10,FA02,W-14,45
S-007989,C-0057,2026-04-10,HV01,W-05,90
S-007990,C-0060,2026-04-10,CN01,W-07,15
S-007991,C-0069,2026-04-10,ID01,W-09,20
S-007992,C-0072,2026-04-10,FA02,W-14,15
S-007993,C-0083,2026-04-10,ch02,W-03,120
S-007994,C-0083,2026-04-10,CN01,W-09,15
S-007995,C-0086,2026-04-10,CN01,W-10,30
S-007996,C-0097,2026-04-10,IN01,W-09,45
S-007997,C-0102,2026-04-10,PH01,W-05,15
S-007998,C-0102,2026-04-10,HV01,W-05,60
S-007999,C-0102,2026-04-10,CN01,W-05,15
S-008000,C-0103,2026-04-10,TR01,W-06,45
S-008001,C-0104,2026-04-10,IN01,W-10,20
S-008002,C-0119,2026-04-10,PH01,W-03,10
S-008003,C-0131,2026-04-10,PH01,W-09,20
S-008004,C-0147,2026-04-10,IN01,W-02,15
S-008005,C-0151,2026-04-10,FA03 ,W-13,30
S-008006,C-0151,2026-04-10,RF01,W-02,20
S-008007,C-0164,2026-04-10, co02  ,W-11,90
S-008008,C-0172,2026-04-10,PH01,W-06,15
S-008009,C-0173,2026-04-10,FA01,W-04,20
S-008010,C-0178,2026-04-10,PH01,W-06,15
S-008011,C-0196,2026-04-10,RF01,W-05,30
S-008012,C-0204,2026-04-10,CN01,W-04,30
S-008013,C-0204,2026-04-10,CN01,W-04,10
S-008014,C-0212,2026-04-10,FA02,W-14,30
S-008015,C-0214,2026-04-10,HV01 ,W-03,45
S-008016,C-0219,2026-04-10,CN01,W-04,10
S-008017,C-0223,2026-04-10,CN01,W-06,10
S-008018,C-0241,2026-04-10,PH01,W-04,10
S-008019,C-0245,2026-04-10,FA01,W-03,15
S-008020,C-0246,2026-04-10,PH01,W-10,5
S-008021,C-0261,2026-04-10,PH01,W-06,10
S-008022,C-0264,2026-04-10,HV01,W-02,90
S-008023,C-0288,2026-04-10,PH01,W-10,10
S-008024,C-0288,2026-04-10,CN01,W-10,20
S-008025,C-0294,2026-04-10,TR02,W-03,45
S-008026,C-0296,2026-04-10,CO02,W-11,60
S-008027,C-0296,2026-04-10,HV01,W-03,90
S-008028,C-0008,2026-04-11,CO01,W-11,60
S-008029,C-0016,2026-04-11,PH01,W-09,10
S-008030,C-0017,2026-04-11,CN01,W-09,15
S-008031,C-0018,2026-04-11,CO02,W-11,60
S-008032,C-0028,2026-04-11,CH02,W-04,45
S-008033,C-0028,2026-04-11,CO01,W-12,50
S-008034,C-0036,2026-04-11,CN01,W-09,10
S-008035,C-0040,2026-04-11,CO01,W-12,90
S-008036,C-0040,2026-04-11,FA02,W-13,15
S-008037,C-0058,2026-04-11,FA02,W-14,15
S-008038,C-0058,2026-04-11,CO01,W-12,50
S-008039,C-0095,2026-04-11,IN01,W-06,30
S-008040,C-0099,2026-04-11,ID01,W-02,15
S-008041,C-0101,2026-04-11, hv01  ,W-06,60
S-008042,C-0106,2026-04-11,CH02,W-04,90
S-008043,C-0106,2026-04-11,HV01,W-05,60
S-008044,C-0110,2026-04-11,CN01,W-02,15
S-008045,C-0119,2026-04-11,TR02,W-03,45
S-008046,C-0131,2026-04-11,TR02,W-09,20
S-008047,C-0138,2026-04-11,IN01,W-04,30
S-008048,C-0160,2026-04-11,PH01,W-05,10
S-008049,C-0161,2026-04-11,PH01,W-08,5
S-008050,C-0162,2026-04-11,PH01,W-10,10
S-008051,C-0173,2026-04-11,CN01,W-04,10
S-008052,C-0188,2026-04-11,CH02,W-01,45
S-008053,C-0204,2026-04-11,FA03,W-14,45
S-008054,C-0212,2026-04-11,PH01,W-04,10
S-008055,C-0214,2026-04-11,CO01,W-11,60
S-008056,C-0224,2026-04-11,RF01,W-08,10
S-008057,C-0228,2026-04-11,CN01,W-02,10
S-008058,C-0246,2026-04-11,CO01,W-11,50
S-008059,C-0247,2026-04-11,HV01,W-06,90
S-008060,C-0255,2026-04-11,CN01,W-03,30
S-008061,C-0255,2026-04-11,CN01,W-03,30
S-008062,C-0256,2026-04-11,CO01,W-11,50
S-008063,C-0256,2026-04-11,tr02,W-03,15
S-008064,C-0279,2026-04-11,HV01,W-02,90
S-008065,C-0026,2026-04-12,CN01,W-10,30
S-008066,C-0028,2026-04-12,IN01,W-06,30
S-008067,C-0036,2026-04-12,CN01,W-09,15
S-008068,C-0041,2026-04-12,TR02,W-05,45
S-008069,C-0043,2026-04-12,CN01,W-02,15
S-008070,C-0047,2026-04-12,PH01,W-07,20
S-008071,C-0057,2026-04-12,FA02,W-13,15
S-008072,C-0084,2026-04-12,CN01,W-09,15
S-008073,C-0097,2026-04-12,HV01,W-05,60
S-008074,C-0104,2026-04-12,IN01,W-10,20
S-008075,C-0119,2026-04-12,IN01,W-03,30
S-008076,C-0129,2026-04-12,IN01,W-04,30
S-008077,C-0131,2026-04-12,tr02,W-09,20
S-008078,C-0131,2026-04-12,HV01,W-01,45
S-008079,C-0133,2026-04-12,HV01,W-02,120
S-008080,C-0134,2026-04-12,FA03,W-13,20
S-008081,C-0152,2026-04-12,RF01 ,W-08,15
S-008082,C-0156,2026-04-12,CH02,W-03,90
S-008083,C-0172,2026-04-12,FA02,W-14,45
S-008084,C-0191,2026-04-12,CO02,W-12,90
S-008085,C-0196,2026-04-12,HV01,W-04,120
S-008086,C-0204,2026-04-12,PH01,W-04,20
S-008087,C-0205,2026-04-12,HV01,W-02,120
S-008088,C-0220,2026-04-12,CH02,W-03,120
S-008089,C-0220,2026-04-12,PH01,W-02,20
S-008090,C-0228,2026-04-12,CN01,W-02,10
S-008091,C-0231,2026-04-12,FA03,W-13,45
S-008092,C-0231,2026-04-12,HV01,W-02,90
S-008093,C-0256,2026-04-12,CO01,W-12,50
S-008094,C-0292,2026-04-12,TR02,W-07,20
S-008095,C-0294,2026-04-12,HV01,W-05,120
S-008096,C-0296,2026-04-12,HV01,W-04,120
S-008097,C-0010,2026-04-13,CN01,W-01,15
S-008098,C-0014,2026-04-13,FA01,W-09,45
S-008099,C-0014,2026-04-13,TR02,W-09,45
S-008100,C-0014,2026-04-13,TR01,W-09,20
S-008101,C-0016,2026-04-13,CN01,W-09,20
S-008102,C-0026,2026-04-13,TR01,W-10,30
S-008103,C-0026,2026-04-13,CO01,W-12,60
S-008104,C-0040,2026-04-13,IN01,W-02,45
S-008105,C-0043,2026-04-13,CO01 ,W-11,60
S-008106,C-0056,2026-04-13,CH02,W-05,120
S-008107,C-0058,2026-04-13,CN01,W-09,10
S-008108,C-0060,2026-04-13,IN01,W-07,30
S-008109,C-0065,2026-04-13,HV01,W-05,90
S-008110,C-0086,2026-04-13,CN01,W-10,20
S-008111,C-0097,2026-04-13,HV01,W-02,90
S-008112,C-0097,2026-04-13,CN01,W-09,10
S-008113,C-0097,2026-04-13,FA03,W-14,45
S-008114,C-0110,2026-04-13,CN01,W-02,10
S-008115,C-0114,2026-04-13,PH01,W-08,15
S-008116,C-0115,2026-04-13,CH02,W-04,60
S-008117,C-0115,2026-04-13,CN01,W-04,20
S-008118,C-0126,2026-04-13,FA03,W-14,30
S-008119,C-0128,2026-04-13,CN01,W-09,20
S-008120,C-0141,2026-04-13,CO02,W-11,50
S-008121,C-0151,2026-04-13,HV01,W-04,45
S-008122,C-0152,2026-04-13, tr02  ,W-08,45
S-008123,C-0156,2026-04-13,IN01,W-05,45
S-008124,C-0180,2026-04-13,co02,W-11,60
S-008125,C-0186,2026-04-13,CO02,W-11,60
S-008126,C-0191,2026-04-13,FA03,W-13,30
S-008127,C-0194,2026-04-13,FA03,W-14,15
S-008128,C-0206,2026-04-13,CO02,W-11,60
S-008129,C-0207,2026-04-13,CN01,W-10,10
S-008130,C-0208,2026-04-13,CH02,W-04,60
S-008131,C-0216,2026-04-13,TR02,W-09,45
S-008132,C-0217,2026-04-13,CN01,W-01,10
S-008133,C-0241,2026-04-13,ID01,W-04,30
S-008134,C-0261,2026-04-13,CO02,W-11,50
S-008135,C-0278,2026-04-13,CN01,W-02,15
S-008136,C-0007,2026-04-14,FA02,W-14,45
S-008137,C-0012,2026-04-14,tr02,W-02,20
S-008138,C-0012,2026-04-14,CN01,W-02,30
S-008139,C-0021,2026-04-14,CH02,W-05,90
S-008140,C-0047,2026-04-14,CN01,W-07,30
S-008141,C-0058,2026-04-14,ID01,W-09,15
S-008142,C-0063,2026-04-14,HV01,W-05,60
S-008143,C-0082,2026-04-14,CN01,W-09,30
S-008144,C-0092,2026-04-14,HV01,W-02,45
S-008145,C-0114,2026-04-14,CH02,W-05,45
S-008146,C-0114,2026-04-14,CN01,W-08,10
S-008147,C-0126,2026-04-14,ID01,W-02,45
S-008148,C-0129,2026-04-14,IN01,W-04,20
S-008149,C-0141,2026-04-14,in01,W-09,30
S-008150,C-0145,2026-04-14,TR02,W-03,45
S-008151,C-0164,2026-04-14,CN01,W-09,15
S-008152,C-0191,2026-04-14,HV01,W-04,45
S-008153,C-0197,2026-04-14,CO02,W-11,90
S-008154,C-0200,2026-04-14,CH02,W-04,90
S-008155,C-0214,2026-04-14,CN01,W-09,30
S-008156,C-0216,2026-04-14,RF01,W-09,30
S-008157,C-0257,2026-04-14,HV01,W-06,60
S-008158,C-0270,2026-04-14,ID01,W-08,45
S-008159,C-0287,2026-04-14,CN01,W-06,20
S-008160,C-0007,2026-04-15,IN01,W-06,30
S-008161,C-0010,2026-04-15,IN01,W-01,30
S-008162,C-0026,2026-04-15,CN01,W-10,10
S-008163,C-0037,2026-04-15,ID01,W-02,30
S-008164,C-0042,2026-04-15,ID01,W-07,45
S-008165,C-0048,2026-04-15,ID01,W-02,30
S-008166,C-0063,2026-04-15,hv01,W-01,60
S-008167,C-0074,2026-04-15,CO01,W-12,90
S-008168,C-0080,2026-04-15,CO02,W-11,90
S-008169,C-0090,2026-04-15,PH01,W-04,15
S-008170,C-0097,2026-04-15,RF01,W-09,10
S-008170,C-0097,2026-04-15,RF01,W-09,10
S-008171,C-0102,2026-04-15,CO02,W-12,90
S-008172,C-0102,2026-04-15,CO02,W-12,50
S-008173,C-0110,2026-04-15,CN01,W-02,10
S-008174,C-0120,2026-04-15,PH01,W-10,10
S-008175,C-0130,2026-04-15,CH02,W-02,45
S-008176,C-0145,2026-04-15,HV01,W-01,120
S-008177,C-0147,2026-04-15,IN01,W-02,45
S-008178,C-0152,2026-04-15,FA01,W-08,30
S-008179,C-0169,2026-04-15,CH02,W-05,45
S-008180,C-0171,2026-04-15,HV01,W-01,45
S-008181,C-0204,2026-04-15,CN01,W-04,15
S-008182,C-0207,2026-04-15,CN01,W-10,20
S-008183,C-0219,2026-04-15,PH01,W-04,20
S-008184,C-0227,2026-04-15,CO02,W-12,90
S-008185,C-0241,2026-04-15,cn01,W-04,10
S-008186,C-0245,2026-04-15,TR01 ,W-03,30
S-008187,C-0249,2026-04-15,FA02,W-14,15
S-008188,C-0008,2026-04-16,CN01,W-09,10
S-008189,C-0012,2026-04-16,CN01,W-02,10
S-008190,C-0018,2026-04-16,TR02,W-05,20
S-008191,C-0034,2026-04-16,PH01,W-03,20
S-008192,C-0046,2026-04-16,FA01,W-06,30
S-008193,C-0057,2026-04-16,CO02,W-12,50
S-008194,C-0065,2026-04-16,TR02,W-02,15
S-008195,C-0070,2026-04-16,FA01,W-01,15
S-008196,C-0074,2026-04-16,CO01,W-12,50
S-008197,C-0091,2026-04-16,PH01,W-10,5
S-008198,C-0103,2026-04-16,PH01,W-06,15
S-008199,C-0106,2026-04-16,CH02,W-04,90
S-008200,C-0126,2026-04-16,CN01,W-02,20
S-008201,C-0133,2026-04-16,TR01,W-09,45
S-008202,C-0141,2026-04-16,RF01,W-09,10
S-008203,C-0145,2026-04-16,IN01,W-03,15
S-008204,C-0173,2026-04-16,CH02,W-04,60
S-008205,C-0181,2026-04-16,HV01 ,W-04,60
S-008206,C-0181,2026-04-16,HV01 ,W-02,45
S-008207,C-0183,2026-04-16,TR02,W-05,45
S-008208,C-0191,2026-04-16,CH02,W-05,90
S-008209,C-0193,2026-04-16,HV01,W-01,60
S-008210,C-0194,2026-04-16,tr01,W-02,15
S-008211,C-0194,2026-04-16,CN01,W-02,20
S-008212,C-0196,2026-04-16,FA02,W-14,45
S-008213,C-0196,2026-04-16,FA03,W-14,20
S-008214,C-0200,2026-04-16,CN01,W-04,10
S-008215,C-0207,2026-04-16,CH02,W-05,90
S-008216,C-0214,2026-04-16,HV01,W-02,120
S-008217,C-0222,2026-04-16,IN01 ,W-05,20
S-008218,C-0223,2026-04-16,HV01,W-02,45
S-008219,C-0224,2026-04-16,CH02,W-04,90
S-008220,C-0231,2026-04-16,CN01,W-06,15
S-008221,C-0255,2026-04-16,CO02,W-11,90
S-008222,C-0265,2026-04-16,CO01,W-12,50
S-008223,C-0278,2026-04-16,PH01,W-02,15
S-008224,C-0285,2026-04-16,FA01,W-08,30
S-008225,C-0300,2026-04-16,PH01,W-05,15
S-008226,C-0012,2026-04-17,FA03,W-14,20
S-008227,C-0013,2026-04-17,HV01,W-02,120
S-008228,C-0021,2026-04-17,PH01,W-07,15
S-008229,C-0028,2026-04-17,RF01,W-06,15
S-008230,C-0028,2026-04-17,HV01,W-04,90
S-008231,C-0034,2026-04-17,CN01,W-03,20
S-008232,C-0057,2026-04-17,TR01,W-02,45
S-008233,C-0058,2026-04-17,ID01,W-09,30
S-008234,C-0063,2026-04-17,FA02,W-14,15
S-008235,C-0066,2026-04-17,TR02,W-05,30
S-008236,C-0070,2026-04-17,HV01,W-03,45
S-008236,C-0070,2026-04-17,HV01,W-03,45
S-008237,C-0071,2026-04-17,PH01,W-09,20
S-008238,C-0071,2026-04-17,IN01,W-09,30
S-008239,C-0099,2026-04-17,CH02,W-05,120
S-008240,C-0115,2026-04-17,PH01,W-04,20
S-008241,C-0115,2026-04-17,IN01,W-04,30
S-008242,C-0141,2026-04-17,CH02,W-06,45
S-008243,C-0144,2026-04-17,PH01,W-05,5
S-008244,C-0152,2026-04-17,FA02,W-14,45
S-008245,C-0168,2026-04-17,CN01,W-04,10
S-008246,C-0169,2026-04-17,PH01,W-07,20
S-008247,C-0173,2026-04-17,PH01,W-04,5
S-008248,C-0178,2026-04-17,HV01,W-02,45
S-008249,C-0186,2026-04-17,PH01,W-06,5
S-008250,C-0187,2026-04-17,TR02 ,W-06,20
S-008251,C-0196,2026-04-17,PH01,W-05,10
S-008252,C-0201,2026-04-17,HV01,W-06,60
S-008253,C-0212,2026-04-17,TR02,W-04,45
S-008254,C-0214,2026-04-17,HV01,W-02,90
S-008255,C-0220,2026-04-17,CO02,W-12,50
S-008256,C-0238,2026-04-17,HV01,W-03,90
S-008257,C-0246,2026-04-17,HV01,W-02,120
S-008258,C-0247,2026-04-17,FA01,W-03,45
S-008259,C-0248,2026-04-17,CO02,W-11,60
S-008260,C-0265,2026-04-17,CO02,W-12,60
S-008261,C-0279,2026-04-17,PH01 ,W-03,15
S-008262,C-0279,2026-04-17,CH02,W-04,120
S-008263,C-0288,2026-04-17,CH02 ,W-01,120
S-008264,C-0288,2026-04-17,CN01,W-10,10
S-008265,C-0012,2026-04-18,TR01,W-02,30
S-008266,C-0021,2026-04-18,RF01,W-07,30
S-008267,C-0024,2026-04-18,HV01,W-02,90
S-008268,C-0026,2026-04-18,ID01 ,W-10,45
S-008269,C-0035,2026-04-18,IN01,W-03,45
S-008270,C-0043,2026-04-18,CN01,W-02,30
S-008271,C-0048,2026-04-18,CN01 ,W-02,10
S-008272,C-0048,2026-04-18,FA01,W-02,30
S-008273,C-0050,2026-04-18,hv01,W-06,60
S-008274,C-0050,2026-04-18,PH01,W-06,15
S-008275,C-0065,2026-04-18,FA03,W-13,45
S-008276,C-0104,2026-04-18,PH01,W-10,5
S-008277,C-0147,2026-04-18,HV01,W-04,60
S-008278,C-0156,2026-04-18,HV01,W-04,60
S-008279,C-0156,2026-04-18,ID01 ,W-05,45
S-008280,C-0167,2026-04-18,CO01,W-11,50
S-008281,C-0169,2026-04-18,CN01,W-07,15
S-008282,C-0178,2026-04-18,TR02,W-06,30
S-008283,C-0186,2026-04-18,FA03,W-13,30
S-008284,C-0193,2026-04-18,PH01,W-01,15
S-008285,C-0193,2026-04-18,CN01,W-01,20
S-008286,C-0193,2026-04-18,PH01,W-01,20
S-008287,C-0201,2026-04-18,CN01,W-05,15
S-008288,C-0216,2026-04-18,CN01,W-09,15
S-008289,C-0223,2026-04-18,CO01,W-12,90
S-008290,C-0229,2026-04-18,,W-11,50
S-008291,C-0238,2026-04-18,PH01,W-03,15
S-008292,C-0246,2026-04-18,CO01 ,W-11,60
S-008293,C-0261,2026-04-18,PH01,W-06,20
S-008294,C-0265,2026-04-18,CH02 ,W-04,60
S-008295,C-0288,2026-04-18,IN01,W-10,45
S-008296,C-0006,2026-04-19,PH01,W-03,15
S-008297,C-0007,2026-04-19,IN01,W-06,20
S-008298,C-0008,2026-04-19,CN01,W-09,20
S-008299,C-0010,2026-04-19,RF01 ,W-01,20
S-008300,C-0018,2026-04-19,TR02,W-05,20
S-008301,C-0065,2026-04-19,HV01,W-03,120
S-008302,C-0069,2026-04-19,ID01,W-09,30
S-008303,C-0069,2026-04-19,PH01,W-09,15
S-008304,C-0084,2026-04-19,CO02,W-12,50
S-008305,C-0088,2026-04-19,in01,W-06,15
S-008306,C-0090,2026-04-19,FA03,W-14,20
S-008307,C-0130,2026-04-19,TR02,W-04,20
S-008308,C-0133,2026-04-19,ID01,W-09,20
S-008309,C-0146,2026-04-19,RF01,W-08,10
S-008310,C-0159,2026-04-19,PH01,W-07,10
S-008311,C-0164,2026-04-19,HV01,W-05,60
S-008312,C-0174,2026-04-19,CH02,W-04,60
S-008313,C-0186,2026-04-19,ID01,W-06,15
S-008314,C-0197,2026-04-19,PH01,W-01,5
S-008314,C-0197,2026-04-19,PH01,W-01,5
S-008315,C-0207,2026-04-19,rf01,W-10,15
S-008316,C-0207,2026-04-19,FA03,W-14,45
S-008317,C-0208,2026-04-19, ph01  ,W-09,15
S-008318,C-0216,2026-04-19,CN01,W-09,10
S-008319,C-0216,2026-04-19,CN01,W-09,30
S-008320,C-0224,2026-04-19,ID01 ,W-08,20
S-008321,C-0241,2026-04-19,IN01,W-04,45
S-008322,C-0247,2026-04-19,CN01,W-03,30
S-008323,C-0248,2026-04-19,ph01,W-04,20
S-008324,C-0264,2026-04-19,HV01,W-06,90
S-008325,C-0273,2026-04-19,PH01,W-01,5
S-008326,C-0288,2026-04-19,CO02 ,W-11,90
S-008327,C-0292,2026-04-19,ID01,W-07,30
S-008328,C-0012,2026-04-20,cn01,W-02,15
S-008329,C-0024,2026-04-20,HV01,W-04,90
S-008330,C-0034,2026-04-20,PH01,W-03,20
S-008331,C-0040,2026-04-20,HV01,W-06,45
S-008332,C-0040,2026-04-20,PH01,W-02,20
S-008333,C-0041,2026-04-20,PH01,W-05,5
S-008334,C-0042,2026-04-20,CN01,W-07,15
S-008335,C-0047,2026-04-20,cn01,W-07,15
S-008336,C-0057,2026-04-20,PH01,W-02,5
S-008337,C-0060,2026-04-20,HV01,W-01,60
S-008338,C-0062,2026-04-20,IN01,W-10,45
S-008339,C-0063,2026-04-20,HV01,W-01,45
S-008340,C-0065,2026-04-20,FA03,W-14,15
S-008341,C-0080,2026-04-20,CO02,W-12,60
S-008342,C-0083,2026-04-20,ID01,W-09,20
S-008342,C-0083,2026-04-20,ID01,W-09,20
S-008343,C-0088,2026-04-20,CH02,W-04,45
S-008344,C-0095,2026-04-20,CO02,W-11,60
S-008345,C-0099,2026-04-20,TR02 ,W-02,15
S-008346,C-0104,2026-04-20,ID01,W-10,30
S-008347,C-0128,2026-04-20,PH01,W-09,5
S-008348,C-0130,2026-04-20,FA03,W-14,15
S-008349,C-0130,2026-04-20,CH02,W-05,90
S-008350,C-0160,2026-04-20,FA02,W-14,30
S-008351,C-0179,2026-04-20,RF01 ,W-05,30
S-008352,C-0180,2026-04-20,CH02,W-06,60
S-008353,C-0182,2026-04-20,HV01,W-06,60
S-008354,C-0212,2026-04-20,ID01,W-04,45
S-008355,C-0215,2026-04-20,FA03,W-13,20
S-008356,C-0219,2026-04-20,CO01,W-12,50
S-008357,C-0222,2026-04-20,PH01,W-05,15
S-008358,C-0229,2026-04-20,IN01,W-02,20
S-008359,C-0229,2026-04-20,HV01,W-04,120
S-008360,C-0234,2026-04-20,CO01,W-12,90
S-008361,C-0248,2026-04-20,TR01,W-04,20
S-008362,C-0255,2026-04-20,CO01,W-12,90
S-008363,C-0270,2026-04-20,PH01,W-08,5
S-008364,C-0295,2026-04-20,TR01,W-04,15
S-008365,C-0298,2026-04-20,CN01,W-07,10
S-008366,C-0012,2026-04-21,IN01,W-02,20
S-008367,C-0014,2026-04-21,CH02,W-03,90
S-008368,C-0021,2026-04-21,PH01,W-07,10
S-008369,C-0026,2026-04-21,IN01,W-10,15
S-008370,C-0034,2026-04-21,FA01,W-03,45
S-008371,C-0037,2026-04-21,PH01,W-02,5
S-008372,C-0044,2026-04-21,CO01,W-12,90
S-008373,C-0054,2026-04-21,CN01,W-07,20
S-008374,C-0057,2026-04-21,FA02,W-13,45
S-008375,C-0057,2026-04-21,PH01,W-02,5
S-008376,C-0061,2026-04-21,FA02,W-14,20
S-008377,C-0063,2026-04-21,CO01,W-11,90
S-008378,C-0083,2026-04-21,RF01,W-09,15
S-008379,C-0091,2026-04-21,ID01,W-10,45
S-008380,C-0095,2026-04-21,RF01,W-06,30
S-008381,C-0097,2026-04-21,HV01,W-06,45
S-008382,C-0097,2026-04-21,ID01,W-09,20
S-008383,C-0097,2026-04-21,HV01,W-01,60
S-008384,C-0106,2026-04-21,TR01,W-03,15
S-008385,C-0106,2026-04-21,PH01,W-03,10
S-008386,C-0119,2026-04-21,HV01,W-01,45
S-008387,C-0126,2026-04-21,HV01,W-03,90
S-008388,C-0131,2026-04-21,ID01,W-09,20
S-008389,C-0131,2026-04-21,CN01,W-09,10
S-008390,C-0133,2026-04-21,PH01,W-09,5
S-008391,C-0133,2026-04-21,CN01,W-09,30
S-008392,C-0134,2026-04-21,PH01,W-07,20
S-008393,C-0138,2026-04-21,CN01 ,W-04,15
S-008394,C-0145,2026-04-21,CH02,W-05,60
S-008395,C-0152,2026-04-21,TR01,W-08,45
S-008396,C-0157,2026-04-21,CO01,W-11,90
S-008397,C-0160,2026-04-21,FA03,W-14,30
S-008398,C-0164,2026-04-21,HV01,W-04,60
S-008399,C-0167,2026-04-21, cn01  ,W-09,20
S-008400,C-0205,2026-04-21,FA03,W-13,45
S-008401,C-0207,2026-04-21,TR01,W-10,30
S-008402,C-0224,2026-04-21,RF01,W-08,15
S-008403,C-0224,2026-04-21,ID01,W-08,30
S-008404,C-0228,2026-04-21,CH02,W-05,45
S-008405,C-0231,2026-04-21,PH01,W-06,5
S-008406,C-0236,2026-04-21,PH01,W-01,15
S-008407,C-0245,2026-04-21,TR01,W-03,20
S-008408,C-0246,2026-04-21,HV01,W-06,120
S-008409,C-0248,2026-04-21,TR02,W-04,15
S-008410,C-0248,2026-04-21,CO02,W-11,50
S-008411,C-0256,2026-04-21,CN01,W-03,20
S-008412,C-0278,2026-04-21,HV01,W-03,45
S-008413,C-0002,2026-04-22,HV01,W-03,45
S-008414,C-0012,2026-04-22,CN01,W-02,30
S-008415,C-0041,2026-04-22,TR01,W-05,20
S-008416,C-0048,2026-04-22,PH01,W-02,20
S-008417,C-0048,2026-04-22,ID01,W-02,20
S-008418,C-0056,2026-04-22,PH01,W-01,10
S-008419,C-0058,2026-04-22,fa02,W-14,45
S-008420,C-0092,2026-04-22,CN01,W-05,15
S-008421,C-0095,2026-04-22,IN01,W-06,15
S-008422,C-0099,2026-04-22,RF01,W-02,15
S-008423,C-0130,2026-04-22,CN01,W-04,15
S-008424,C-0131,2026-04-22,TR01 ,W-09,15
S-008425,C-0161,2026-04-22,CN01,W-08,10
S-008426,C-0163,2026-04-22,TR01,W-01,45
S-008427,C-0169,2026-04-22,PH01,W-07,15
S-008428,C-0169,2026-04-22,FA03,W-14,30
S-008429,C-0173,2026-04-22,PH01,W-04,5
S-008430,C-0183,2026-04-22,TR02,W-05,45
S-008431,C-0188,2026-04-22,CN01 ,W-07,20
S-008432,C-0188,2026-04-22,CN01,W-07,10
S-008433,C-0188,2026-04-22,CN01,W-07,10
S-008434,C-0193,2026-04-22,CO01,W-12,50
S-008435,C-0196,2026-04-22,CN01,W-05,30
S-008436,C-0204,2026-04-22,HV01,W-05,45
S-008437,C-0212,2026-04-22,PH01,W-04,15
S-008438,C-0215,2026-04-22,FA01,W-07,30
S-008439,C-0219,2026-04-22,CO01,W-12,90
S-008440,C-0220,2026-04-22,PH01,W-02,20
S-008441,C-0223,2026-04-22,CO01,W-11,60
S-008442,C-0229,2026-04-22,CN01,W-02,15
S-008443,C-0244,2026-04-22,CO01,W-11,50
S-008444,C-0255,2026-04-22,ch02,W-05,120
S-008445,C-0256,2026-04-22,CN01,W-03,20
S-008446,C-0261,2026-04-22,PH01,W-06,5
S-008447,C-0300,2026-04-22,CN01,W-05,30
S-008448,C-0006,2026-04-23,HV01,W-03,60
S-008449,C-0010,2026-04-23,RF01,W-01,15
S-008450,C-0014,2026-04-23,CN01,W-09,30
S-008451,C-0018,2026-04-23,ph01,W-05,5
S-008452,C-0024,2026-04-23,PH01,W-08,20
S-008453,C-0050,2026-04-23,CN01,W-06,30
S-008454,C-0056,2026-04-23,CO02,W-12,50
S-008455,C-0057,2026-04-23,HV01,W-01,45
S-008456,C-0083,2026-04-23,PH01,W-09,10
S-008457,C-0084,2026-04-23,HV01,W-06,45
S-008458,C-0086,2026-04-23,HV01,W-02,60
S-008459,C-0088,2026-04-23,FA02 ,W-14,15
S-008460,C-0095,2026-04-23,IN01,W-06,30
S-008461,C-0096,2026-04-23,FA02,W-14,15
S-008462,C-0099,2026-04-23,CO02,W-12,60
S-008463,C-0102,2026-04-23,RF01 ,W-05,15
S-008464,C-0103,2026-04-23,CH02,W-06,120
S-008465,C-0115,2026-04-23,CH02,W-01,90
S-008466,C-0119,2026-04-23,CN01,W-03,15
S-008467,C-0126,2026-04-23,HV01,W-05,120
S-008468,C-0130,2026-04-23,CO01 ,W-11,90
S-008469,C-0131,2026-04-23,PH01,W-09,15
S-008470,C-0131,2026-04-23,PH01,W-09,5
S-008471,C-0133,2026-04-23,CH02,W-02,45
S-008472,C-0134,2026-04-23,CN01,W-07,10
S-008473,C-0138,2026-04-23,TR02 ,W-04,45
S-008474,C-0138,2026-04-23,HV01,W-01,45
S-008475,C-0152,2026-04-23,CN01,W-08,20
S-008476,C-0161,2026-04-23,CH02 ,W-01,45
S-008477,C-0162,2026-04-23,CN01,W-10,30
S-008478,C-0167,2026-04-23,PH01,W-09,15
S-008479,C-0173,2026-04-23,PH01,W-04,10
S-008480,C-0173,2026-04-23,CN01,W-04,15
S-008481,C-0180,2026-04-23,CH02,W-06,60
S-008482,C-0188,2026-04-23,PH01 ,W-07,5
S-008483,C-0194,2026-04-23,CN01,W-02,20
S-008484,C-0194,2026-04-23,CO02,W-11,90
S-008485,C-0197,2026-04-23,TR02,W-01,30
S-008486,C-0204,2026-04-23,FA02,W-14,30
S-008487,C-0204,2026-04-23,CO02,W-11,60
S-008488,C-0207,2026-04-23,CN01,W-10,20
S-008489,C-0216,2026-04-23,PH01,W-09,15
S-008490,C-0222,2026-04-23,CH02,W-04,45
S-008491,C-0223,2026-04-23,CN01,W-06,30
S-008492,C-0228,2026-04-23,CO01,W-12,50
S-008493,C-0234,2026-04-23,PH01,W-07,20
S-008494,C-0236,2026-04-23,HV01,W-03,45
S-008495,C-0236,2026-04-23,TR01,W-01,20
S-008496,C-0246,2026-04-23,CO01,W-12,50
S-008497,C-0248,2026-04-23,FA01,W-04,20
S-008498,C-0273,2026-04-23,CH02 ,W-01,90
S-008499,C-0279,2026-04-23,CN01,W-03,10
S-008499,C-0279,2026-04-23,CN01,W-03,10
S-008500,C-0279,2026-04-23,HV01,W-02,120
S-008501,C-0287,2026-04-23,PH01,W-06,5
S-008502,C-0295,2026-04-23,CN01,W-04,15
S-008503,C-0298,2026-04-23,HV01,W-06,90
S-008504,C-0026,2026-04-24,CN01,W-10,10
S-008505,C-0026,2026-04-24,FA03,W-14,20
S-008506,C-0034,2026-04-24,CN01,W-03,20
S-008507,C-0042,2026-04-24,TR01,W-07,30
S-008508,C-0048,2026-04-24,TR02,W-02,30
S-008509,C-0066,2026-04-24,CN01,W-05,15
S-008510,C-0069,2026-04-24,PH01,W-09,10
S-008511,C-0074,2026-04-24,HV01,W-03,90
S-008512,C-0074,2026-04-24,IN01,W-02,30
S-008513,C-0091,2026-04-24,FA01,W-10,45
S-008514,C-0092,2026-04-24,TR01,W-05,45
S-008515,C-0095,2026-04-24,CO01,W-11,90
S-008516,C-0103,2026-04-24,CN01,W-06,10
S-008517,C-0103,2026-04-24,TR01,W-06,30
S-008518,C-0115,2026-04-24,CN01,W-04,20
S-008519,C-0128,2026-04-24,CN01,W-09,30
S-008520,C-0129,2026-04-24,CN01,W-04,15
S-008521,C-0130,2026-04-24,CH02,W-04,120
S-008522,C-0145,2026-04-24,TR01,W-03,15
S-008523,C-0156,2026-04-24,HV01,W-06,45
S-008524,C-0167,2026-04-24,CH02,W-02,45
S-008525,C-0171,2026-04-24,CN01,W-07,30
S-008526,C-0173,2026-04-24,CN01,W-04,10
S-008527,C-0193,2026-04-24,CN01,W-01,15
S-008528,C-0201,2026-04-24,HV01,W-03,60
S-008528,C-0201,2026-04-24,HV01,W-03,60
S-008529,C-0207,2026-04-24,CN01,W-10,10
S-008529,C-0207,2026-04-24,CN01,W-10,10
S-008530,C-0212,2026-04-24,IN01,W-04,20
S-008531,C-0212,2026-04-24,IN01,W-04,15
S-008532,C-0223,2026-04-24,ID01,W-06,20
S-008533,C-0228,2026-04-24,CN01,W-02,20
S-008534,C-0231,2026-04-24,CH02,W-03,120
S-008535,C-0231,2026-04-24,HV01,W-04,45
S-008536,C-0231,2026-04-24,TR02 ,W-06,30
S-008537,C-0236,2026-04-24,PH01,W-01,20
S-008538,C-0246,2026-04-24,CN01,W-10,20
S-008539,C-0247,2026-04-24,IN01,W-03,15
S-008540,C-0256,2026-04-24,CN01,W-03,10
S-008541,C-0259,2026-04-24,ID01 ,W-10,15
S-008542,C-0261,2026-04-24,in01,W-06,45
S-008543,C-0289,2026-04-24,TR01,W-10,15
S-008544,C-0294,2026-04-24,FA01,W-03,30
S-008545,C-0296,2026-04-24,FA01,W-10,15
S-008546,C-0012,2026-04-25,HV01,W-05,120
S-008547,C-0014,2026-04-25,ph01,W-09,15
S-008548,C-0014,2026-04-25,PH01,W-09,15
S-008549,C-0016,2026-04-25,TR02,W-09,30
S-008550,C-0042,2026-04-25,CO01,W-12,60
S-008551,C-0046,2026-04-25,HV01,W-06,45
S-008552,C-0048,2026-04-25,FA01,W-02,15
S-008553,C-0057,2026-04-25,CN01,W-02,10
S-008554,C-0058,2026-04-25,FA03,W-14,45
S-008555,C-0060,2026-04-25,IN01,W-07,15
S-008556,C-0069,2026-04-25,CO02,W-11,50
S-008557,C-0074,2026-04-25,PH01,W-02,5
S-008558,C-0080,2026-04-25,ID01,W-10,20
S-008559,C-0086,2026-04-25,TR02,W-10,20
S-008560,C-0097,2026-04-25,PH01,W-09,10
S-008561,C-0103,2026-04-25,FA01,W-06,45
S-008562,C-0114,2026-04-25,CN01,W-08,30
S-008563,C-0156,2026-04-25,RF01,W-05,10
S-008564,C-0157,2026-04-25,CN01,W-02,10
S-008565,C-0164,2026-04-25,TR02,W-09,15
S-008566,C-0168,2026-04-25,PH01,W-04,5
S-008567,C-0173,2026-04-25,CN01,W-04,15
S-008568,C-0178,2026-04-25,FA01,W-06,15
S-008569,C-0189,2026-04-25,CO01,W-12,90
S-008570,C-0197,2026-04-25,CO02,W-12,50
S-008571,C-0214,2026-04-25,FA03,W-13,30
S-008572,C-0219,2026-04-25,TR02,W-04,45
S-008573,C-0220,2026-04-25,CN01,W-02,15
S-008574,C-0222,2026-04-25,FA03,W-14,30
S-008575,C-0223,2026-04-25,CO01,W-12,50
S-008576,C-0227,2026-04-25,HV01,W-01,45
S-008577,C-0231,2026-04-25,CN01,W-06,15
S-008578,C-0257,2026-04-25,HV01,W-03,45
S-008579,C-0285,2026-04-25,FA03,W-14,30
S-008580,C-0002,2026-04-26,CO01,W-12,50
S-008581,C-0014,2026-04-26,RF01,W-09,15
S-008582,C-0034,2026-04-26,FA03,W-13,20
S-008583,C-0040,2026-04-26,CN01,W-02,10
S-008584,C-0047,2026-04-26,ID01,W-07,45
S-008585,C-0057,2026-04-26,FA02,W-14,45
S-008586,C-0057,2026-04-26,FA03,W-14,15
S-008587,C-0060,2026-04-26,CH02,W-02,60
S-008588,C-0065,2026-04-26,CN01,W-02,20
S-008589,C-0086,2026-04-26,HV01,W-01,45
S-008590,C-0095,2026-04-26,PH01,W-06,5
S-008591,C-0096,2026-04-26,TR02,W-07,30
S-008592,C-0097,2026-04-26,CH02,W-02,60
S-008593,C-0102,2026-04-26,FA03,W-14,15
S-008594,C-0103,2026-04-26,CN01,W-06,15
S-008595,C-0110,2026-04-26,TR02,W-02,20
S-008596,C-0133,2026-04-26,ID01 ,W-09,45
S-008597,C-0138,2026-04-26,in01,W-04,15
S-008598,C-0138,2026-04-26,PH01,W-04,5
S-008599,C-0145,2026-04-26,CN01,W-03,15
S-008600,C-0151,2026-04-26,TR01,W-02,45
S-008601,C-0154,2026-04-26,CH02,W-05,90
S-008602,C-0156,2026-04-26,ph01,W-05,15
S-008603,C-0159,2026-04-26,CN01,W-07,15
S-008604,C-0160,2026-04-26,FA02,W-13,45
S-008605,C-0173,2026-04-26,HV01,W-05,120
S-008606,C-0189,2026-04-26,CN01,W-01,30
S-008607,C-0201,2026-04-26,FA01,W-05,20
S-008608,C-0214,2026-04-26,TR02,W-09,20
S-008609,C-0214,2026-04-26,FA03,W-13,15
S-008610,C-0216,2026-04-26,FA02,W-13,15
S-008611,C-0223,2026-04-26,TR02,W-06,30
S-008612,C-0228,2026-04-26,RF01,W-02,30
S-008613,C-0256,2026-04-26,CO02,W-12,60
S-008614,C-0264,2026-04-26,CN01,W-08,10
S-008615,C-0271,2026-04-26,ID01,W-02,30
S-008616,C-0287,2026-04-26,CO02,W-11,60
S-008617,C-0292,2026-04-26,FA01,W-07,15
S-008618,C-0294,2026-04-26,IN01,W-03,45
S-008619,C-0298,2026-04-26,CN01,W-07,10
S-008620,C-0002,2026-04-27,IN01,W-08,30
S-008621,C-0008,2026-04-27,PH01,W-09,5
S-008622,C-0012,2026-04-27,CO02,W-11,90
S-008623,C-0035,2026-04-27,CO02,W-12,60
S-008624,C-0042,2026-04-27,PH01,W-07,15
S-008625,C-0048,2026-04-27,PH01,W-02,15
S-008626,C-0060,2026-04-27,ID01,W-07,20
S-008627,C-0063,2026-04-27, cn01  ,W-06,10
S-008628,C-0074,2026-04-27,CN01,W-02,15
S-008629,C-0080,2026-04-27,TR02,W-10,20
S-008630,C-0086,2026-04-27,HV01,W-05,45
S-008631,C-0089,2026-04-27,PH01,W-06,10
S-008632,C-0092,2026-04-27,PH01,W-05,5
S-008633,C-0096,2026-04-27,ID01,W-07,30
S-008634,C-0110,2026-04-27,FA02,W-13,20
S-008635,C-0129,2026-04-27,CH02,W-02,90
S-008636,C-0129,2026-04-27,CH02,W-05,60
S-008637,C-0130,2026-04-27,CN01,W-04,10
S-008638,C-0133,2026-04-27,CN01,W-09,30
S-008639,C-0134,2026-04-27,PH01,W-07,10
S-008640,C-0138,2026-04-27,RF01,W-04,10
S-008641,C-0138,2026-04-27,CO01,W-12,90
S-008642,C-0146,2026-04-27,TR02,W-08,20
S-008643,C-0188,2026-04-27,HV01 ,W-04,120
S-008644,C-0197,2026-04-27,CO01,W-12,90
S-008645,C-0204,2026-04-27,CN01,W-04,10
S-008646,C-0205,2026-04-27,CN01,W-04,15
S-008647,C-0216,2026-04-27,CN01,W-09,30
S-008648,C-0216,2026-04-27,HV01,W-01,60
S-008649,C-0216,2026-04-27,FA03,W-13,30
S-008650,C-0220,2026-04-27,hv01,W-03,45
S-008651,C-0222,2026-04-27,CN01,W-05,30
S-008652,C-0222,2026-04-27,IN01,W-05,30
S-008653,C-0228,2026-04-27,CO01,W-12,90
S-008654,C-0228,2026-04-27,CN01,W-02,20
S-008655,C-0234,2026-04-27,FA01,W-07,45
S-008656,C-0234,2026-04-27,TR02,W-07,30
S-008657,C-0235,2026-04-27,CN01,W-09,10
S-008658,C-0235,2026-04-27,FA01,W-09,15
S-008659,C-0246,2026-04-27,CN01,W-10,20
S-008660,C-0255,2026-04-27,ph01,W-03,20
S-008661,C-0259,2026-04-27,tr01,W-10,20
S-008662,C-0265,2026-04-27,CN01,W-10,30
S-008663,C-0287,2026-04-27,CO01,W-12,50
S-008664,C-0294,2026-04-27,CN01,W-03,15
S-008665,C-0295,2026-04-27,FA02,W-14,20
S-008666,C-0006,2026-04-28,ID01,W-03,30
S-008667,C-0012,2026-04-28,RF01,W-02,10
S-008668,C-0012,2026-04-28,FA01,W-02,15
S-008669,C-0018,2026-04-28,HV01,W-02,120
S-008670,C-0024,2026-04-28,CN01,W-08,10
S-008671,C-0028,2026-04-28,RF01,W-06,10
S-008672,C-0086,2026-04-28,PH01,W-10,5
S-008673,C-0097,2026-04-28,ID01,W-09,45
S-008674,C-0098,2026-04-28,PH01,W-09,20
S-008675,C-0131,2026-04-28,CO01,W-11,50
S-008676,C-0156,2026-04-28,FA03,W-13,20
S-008677,C-0160,2026-04-28,HV01,W-05,45
S-008678,C-0172,2026-04-28,FA02,W-13,30
S-008679,C-0178,2026-04-28,PH01,W-06,5
S-008680,C-0182,2026-04-28,CN01 ,W-05,30
S-008681,C-0183,2026-04-28,CN01,W-05,10
S-008682,C-0191,2026-04-28,CO02,W-11,60
S-008683,C-0196,2026-04-28,CN01,W-05,30
S-008684,C-0205,2026-04-28,PH01,W-04,10
S-008685,C-0208,2026-04-28,PH01 ,W-09,5
S-008686,C-0212,2026-04-28,HV01,W-02,45
S-008687,C-0222,2026-04-28,PH01,W-05,15
S-008688,C-0224,2026-04-28,IN01,W-08,30
S-008689,C-0229,2026-04-28,CO01,W-11,50
S-008690,C-0231,2026-04-28,HV01,W-02,90
S-008691,C-0235,2026-04-28,TR02,W-09,30
S-008692,C-0247,2026-04-28,ID01,W-03,45
S-008693,C-0247,2026-04-28,ID01,W-03,30
S-008694,C-0248,2026-04-28,FA01,W-04,20
S-008695,C-0261,2026-04-28,IN01,W-06,45
S-008696,C-0264,2026-04-28,CH02,W-03,60
S-008697,C-0279,2026-04-28,CH02,W-05,45
S-008698,C-0279,2026-04-28,IN01,W-03,15
S-008699,C-0299,2026-04-28,PH01,W-08,10
S-008700,C-0018,2026-04-29,hv01,W-02,120
S-008701,C-0034,2026-04-29,CN01,W-03,15
S-008702,C-0034,2026-04-29,HV01,W-06,90
S-008703,C-0037,2026-04-29,CN01,W-02,10
S-008704,C-0048,2026-04-29,HV01,W-01,45
S-008705,C-0048,2026-04-29,PH01,W-02,5
S-008706,C-0058,2026-04-29,FA02,W-13,15
S-008707,C-0060,2026-04-29,PH01,W-07,15
S-008708,C-0083,2026-04-29,CN01,W-09,10
S-008709,C-0083,2026-04-29,PH01,W-09,15
S-008710,C-0088,2026-04-29,CH02,W-04,45
S-008711,C-0099,2026-04-29,TR01,W-02,15
S-008712,C-0104,2026-04-29,TR01 ,W-10,30
S-008713,C-0124,2026-04-29,RF01,W-03,10
S-008714,C-0146,2026-04-29,CN01,W-08,15
S-008715,C-0146,2026-04-29,TR01,W-08,15
S-008716,C-0169,2026-04-29,FA03,W-14,15
S-008717,C-0179,2026-04-29,CN01,W-05,20
S-008718,C-0183,2026-04-29,FA02,W-13,15
S-008719,C-0187,2026-04-29,CN01,W-06,15
S-008720,C-0187,2026-04-29,TR02,W-06,30
S-008721,C-0201,2026-04-29,TR01,W-05,30
S-008722,C-0205,2026-04-29,CN01,W-04,10
S-008723,C-0214,2026-04-29,PH01,W-09,10
S-008724,C-0216,2026-04-29,CO01,W-12,60
S-008725,C-0216,2026-04-29,ID01,W-09,20
S-008726,C-0222,2026-04-29,FA01,W-05,15
S-008727,C-0222,2026-04-29,CH02,W-02,90
S-008728,C-0248,2026-04-29,TR01,W-04,15
S-008729,C-0249,2026-04-29,ID01,W-02,30
S-008730,C-0261,2026-04-29,CH02,W-02,60
S-008731,C-0270,2026-04-29,ID01,W-08,15
S-008732,C-0285,2026-04-29,TR01,W-08,20
S-008733,C-0287,2026-04-29,PH01,W-06,15
S-008734,C-0292,2026-04-29,PH01,W-07,20
S-008735,C-0294,2026-04-29,CO02,W-12,60
S-008736,C-0010,2026-04-30,TR01,W-01,45
S-008737,C-0012,2026-04-30,FA03,W-14,20
S-008738,C-0014,2026-04-30,PH01,W-09,15
S-008739,C-0041,2026-04-30,CN01,W-05,15
S-008740,C-0046,2026-04-30,TR01,W-06,20
S-008741,C-0048,2026-04-30,CH02,W-01,45
S-008742,C-0050,2026-04-30,TR02,W-06,20
S-008743,C-0056,2026-04-30,TR01,W-01,45
S-008744,C-0058,2026-04-30,PH01,W-09,10
S-008745,C-0058,2026-04-30,CH02,W-06,90
S-008746,C-0083,2026-04-30,CN01,W-09,15
S-008747,C-0086,2026-04-30,fa03,W-13,20
S-008748,C-0091,2026-04-30,IN01,W-10,20
S-008749,C-0095,2026-04-30,rf01,W-06,30
S-008750,C-0096,2026-04-30,FA03,W-13,20
S-008751,C-0101,2026-04-30,PH01,W-01,20
S-008752,C-0115,2026-04-30,TR01,W-04,20
S-008753,C-0119,2026-04-30,HV01,W-06,90
S-008754,C-0130,2026-04-30,PH01,W-04,20
S-008755,C-0144,2026-04-30,CN01,W-05,10
S-008756,C-0147,2026-04-30,IN01,W-02,15
S-008757,C-0147,2026-04-30,PH01,W-02,20
S-008758,C-0151,2026-04-30,CH02,W-01,120
S-008759,C-0154,2026-04-30,CN01,W-08,10
S-008760,C-0159,2026-04-30,CN01,W-07,20
S-008761,C-0182,2026-04-30,ID01,W-05,15
S-008762,C-0196,2026-04-30,PH01,W-05,5
S-008763,C-0196,2026-04-30,PH01,W-05,5
S-008764,C-0196,2026-04-30,RF01,W-05,15
S-008765,C-0207,2026-04-30,PH01 ,W-10,15
S-008766,C-0223,2026-04-30,CH02,W-01,90
S-008767,C-0227,2026-04-30,ID01,W-08,20
S-008768,C-0228,2026-04-30,CN01,W-02,30
S-008769,C-0234,2026-04-30,PH01,W-07,15
S-008770,C-0257,2026-04-30,HV01,W-01,120
S-008771,C-0284,2026-04-30,PH01,W-08,20
S-008772,C-0287,2026-04-30,TR02,W-06,20
S-008773,C-0295,2026-04-30,PH01,W-04,5
S-008774,C-0295,2026-04-30,CN01,W-04,10
S-008775,C-0016,2026-05-01,CN01,W-09,20
S-008776,C-0026,2026-05-01,IN01,W-10,30
S-008777,C-0028,2026-05-01,IN01,W-06,15
S-008778,C-0034,2026-05-01,FA02,W-13,15
S-008779,C-0035,2026-05-01,CO02,W-12,60
S-008780,C-0035,2026-05-01,PH01,W-03,5
S-008781,C-0035,2026-05-01,ph01,W-03,5
S-008782,C-0042,2026-05-01,CH02,W-01,90
S-008783,C-0062,2026-05-01,IN01,W-10,20
S-008784,C-0082,2026-05-01,PH01,W-09,10
S-008785,C-0086,2026-05-01,FA03,W-13,15
S-008786,C-0091,2026-05-01,CH02,W-04,45
S-008787,C-0091,2026-05-01,IN01,W-10,15
S-008788,C-0119,2026-05-01,PH01,W-03,5
S-008789,C-0129,2026-05-01,TR02,W-04,45
S-008790,C-0130,2026-05-01,CH02,W-05,45
S-008791,C-0130,2026-05-01,TR02,W-04,15
S-008792,C-0160,2026-05-01,ID01,W-05,15
S-008793,C-0161,2026-05-01,CN01,W-08,10
S-008794,C-0164,2026-05-01,PH01,W-09,5
S-008795,C-0172,2026-05-01,CN01,W-06,15
S-008796,C-0173,2026-05-01,CN01,W-04,20
S-008797,C-0173,2026-05-01,CN01,W-04,30
S-008798,C-0174,2026-05-01,CO02,W-12,60
S-008799,C-0178,2026-05-01,FA01,W-06,20
S-008800,C-0201,2026-05-01,HV01,W-01,60
S-008801,C-0205,2026-05-01,CN01,W-04,30
S-008802,C-0219,2026-05-01,IN01,W-04,15
S-008803,C-0219,2026-05-01,CH02,W-06,90
S-008804,C-0224,2026-05-01,CN01,W-08,20
S-008805,C-0228,2026-05-01,CN01,W-02,10
S-008806,C-0229,2026-05-01,TR02,W-02,20
S-008807,C-0231,2026-05-01,CO01,W-12,90
S-008808,C-0236,2026-05-01,PH01,W-01,15
S-008809,C-0265,2026-05-01,RF01,W-10,10
S-008810,C-0279,2026-05-01,ID01,W-03,15
S-008811,C-0285,2026-05-01,TR02,W-08,15
S-008812,C-0288,2026-05-01,PH01,W-10,10
S-008813,C-0295,2026-05-01,CN01,W-04,15
S-008814,C-0299,2026-05-01,ID01 ,W-08,30
S-008815,C-0300,2026-05-01,PH01,W-05,20
S-008816,C-0007,2026-05-02,HV01,W-01,45
S-008817,C-0013,2026-05-02,TR01,W-09,30
S-008818,C-0014,2026-05-02,CN01,W-09,10
S-008819,C-0041,2026-05-02,HV01,W-06,90
S-008820,C-0042,2026-05-02,CO01,W-12,50
S-008821,C-0057,2026-05-02,HV01,W-03,120
S-008822,C-0063,2026-05-02,CO02,W-12,50
S-008823,C-0065,2026-05-02,PH01,W-02,10
S-008824,C-0065,2026-05-02,RF01 ,W-02,15
S-008825,C-0070,2026-05-02,CO01,W-11,60
S-008826,C-0096,2026-05-02,TR02,W-07,30
S-008827,C-0098,2026-05-02,CO02,W-11,60
S-008828,C-0103,2026-05-02,CH02,W-05,60
S-008829,C-0104,2026-05-02,CN01,W-10,20
S-008830,C-0138,2026-05-02,PH01,W-04,5
S-008831,C-0138,2026-05-02,CH02,W-06,60
S-008832,C-0152,2026-05-02,HV01,W-03,90
S-008833,C-0152,2026-05-02,TR02,W-08,45
S-008834,C-0157,2026-05-02,CN01,W-02,10
S-008835,C-0159,2026-05-02,CH02,W-05,90
S-008836,C-0159,2026-05-02,PH01,W-07,15
S-008837,C-0183,2026-05-02,HV01,W-04,90
S-008838,C-0188,2026-05-02,FA02,W-13,15
S-008839,C-0191,2026-05-02,CH02,W-03,60
S-008840,C-0194,2026-05-02,HV01,W-04,45
S-008841,C-0201,2026-05-02,PH01 ,W-05,20
S-008842,C-0207,2026-05-02,HV01,W-03,45
S-008843,C-0220,2026-05-02,CN01,W-02,20
S-008844,C-0223,2026-05-02,CO01,W-12,50
S-008845,C-0241,2026-05-02,CN01,W-04,20
S-008846,C-0256,2026-05-02,CO01,W-12,50
S-008847,C-0261,2026-05-02,CN01,W-06,10
S-008848,C-0265,2026-05-02,TR01,W-10,30
S-008849,C-0279,2026-05-02,IN01,W-03,20
S-008850,C-0295,2026-05-02,FA01,W-04,20
S-008851,C-0010,2026-05-03,CO02,W-11,60
S-008852,C-0012,2026-05-03,CH02,W-06,90
S-008853,C-0018,2026-05-03,CN01,W-05,15
S-008854,C-0042,2026-05-03,TR01,W-07,30
S-008855,C-0056,2026-05-03,ID01,W-01,45
S-008856,C-0082,2026-05-03,HV01,W-05,60
S-008857,C-0083,2026-05-03,PH01,W-09,20
S-008858,C-0086,2026-05-03,PH01,W-10,10
S-008859,C-0091,2026-05-03,CH02,W-05,120
S-008860,C-0091,2026-05-03,IN01,W-10,20
S-008861,C-0098,2026-05-03,TR01,W-09,15
S-008862,C-0099,2026-05-03,RF01,W-02,20
S-008862,C-0099,2026-05-03,RF01,W-02,20
S-008863,C-0128,2026-05-03,CO01,W-12,50
S-008864,C-0131,2026-05-03,CN01,W-09,15
S-008865,C-0131,2026-05-03,TR02,W-09,20
S-008866,C-0133,2026-05-03,HV01,W-02,45
S-008867,C-0145,2026-05-03,CH02,W-04,60
S-008868,C-0161,2026-05-03,FA03 ,W-14,15
S-008869,C-0167,2026-05-03,CN01,W-09,15
S-008870,C-0171,2026-05-03,CN01,W-07,30
S-008871,C-0182,2026-05-03,HV01,W-03,120
S-008872,C-0182,2026-05-03,FA02,W-14,30
S-008873,C-0188,2026-05-03,CN01,W-07,30
S-008874,C-0194,2026-05-03,TR01,W-02,20
S-008875,C-0194,2026-05-03,PH01,W-02,20
S-008876,C-0197,2026-05-03,HV01,W-05,60
S-008877,C-0208,2026-05-03,CN01,W-09,20
S-008878,C-0212,2026-05-03,ID01,W-04,45
S-008879,C-0223,2026-05-03,HV01,W-03,60
S-008880,C-0229,2026-05-03,PH01,W-02,15
S-008881,C-0246,2026-05-03,CO01 ,W-12,90
S-008882,C-0255,2026-05-03,PH01,W-03,10
S-008883,C-0264,2026-05-03,FA01 ,W-08,30
S-008884,C-0279,2026-05-03,CN01,W-03,15
S-008885,C-0279,2026-05-03,PH01,W-03,5
S-008886,C-0287,2026-05-03,CO02,W-11,50
S-008887,C-0287,2026-05-03,FA01 ,W-06,20
S-008888,C-0294,2026-05-03,CO01,W-11,60
S-008889,C-0006,2026-05-04,id01,W-03,45
S-008890,C-0007,2026-05-04,CN01,W-06,20
S-008891,C-0026,2026-05-04,CH02,W-01,45
S-008892,C-0037,2026-05-04,PH01,W-02,20
S-008893,C-0041,2026-05-04,RF01,W-05,30
S-008894,C-0041,2026-05-04,CO01,W-12,50
S-008895,C-0042,2026-05-04,CH02,W-06,90
S-008896,C-0071,2026-05-04,TR02,W-09,15
S-008897,C-0074,2026-05-04,CO02,W-12,60
S-008898,C-0074,2026-05-04,IN01,W-02,45
S-008899,C-0080,2026-05-04,CO02,W-11,60
S-008900,C-0084,2026-05-04,cn01,W-09,15
S-008901,C-0086,2026-05-04,HV01,W-02,90
S-008902,C-0087,2026-05-04,PH01,W-01,20
S-008903,C-0088,2026-05-04,FA03,W-14,45
S-008904,C-0092,2026-05-04,CO01 ,W-12,60
S-008905,C-0115,2026-05-04,ID01,W-04,45
S-008906,C-0119,2026-05-04,FA01,W-03,15
S-008907,C-0131,2026-05-04,HV01,W-04,45
S-008908,C-0133,2026-05-04,TR01,W-09,30
S-008909,C-0138,2026-05-04,PH01,W-04,5
S-008910,C-0146,2026-05-04,PH01,W-08,10
S-008911,C-0161,2026-05-04,IN01,W-08,30
S-008912,C-0164,2026-05-04,CO02,W-11,50
S-008913,C-0174,2026-05-04,IN01,W-02,20
S-008914,C-0187,2026-05-04,CN01,W-06,15
S-008915,C-0193,2026-05-04,FA03,W-13,20
S-008916,C-0194,2026-05-04,FA02,W-13,30
S-008917,C-0197,2026-05-04,IN01,W-01,15
S-008918,C-0197,2026-05-04,CN01,W-01,15
S-008919,C-0205,2026-05-04,RF01,W-04,20
S-008920,C-0231,2026-05-04,ID01,W-06,15
S-008921,C-0241,2026-05-04,CN01,W-04,20
S-008922,C-0246,2026-05-04,CO01,W-12,60
S-008923,C-0256,2026-05-04,CO01,W-12,50
S-008924,C-0273,2026-05-04,IN01,W-01,45
S-008925,C-0278,2026-05-04,FA03,W-14,15
S-008926,C-0285,2026-05-04,CN01,W-08,20
S-008927,C-0289,2026-05-04,CN01,W-10,10
S-008928,C-0289,2026-05-04,CN01,W-10,20
S-008929,C-0294,2026-05-04,FA01,W-03,45
S-008930,C-0012,2026-05-05,CN01,W-02,30
S-008931,C-0016,2026-05-05,FA01,W-09,20
S-008932,C-0016,2026-05-05,IN01,W-09,45
S-008933,C-0041,2026-05-05,RF01,W-05,30
S-008934,C-0046,2026-05-05,TR01,W-06,15
S-008935,C-0060,2026-05-05,ID01,W-07,20
S-008936,C-0066,2026-05-05,IN01,W-05,30
S-008937,C-0087,2026-05-05,TR02,W-01,20
S-008938,C-0091,2026-05-05,CO02,W-11,60
S-008939,C-0095,2026-05-05,CH02,W-01,120
S-008940,C-0096,2026-05-05,CH02,W-02,120
S-008941,C-0097,2026-05-05,PH01,W-09,10
S-008942,C-0131,2026-05-05,CN01,W-09,10
S-008943,C-0133,2026-05-05,CO02,W-12,50
S-008944,C-0134,2026-05-05,FA03 ,W-13,45
S-008945,C-0141,2026-05-05,CN01,W-09,15
S-008946,C-0147,2026-05-05,HV01,W-06,45
S-008947,C-0160,2026-05-05,CN01,W-05,20
S-008948,C-0160,2026-05-05,FA02,W-14,30
S-008949,C-0167,2026-05-05,CN01,W-09,30
S-008950,C-0173,2026-05-05,RF01,W-04,10
S-008951,C-0183,2026-05-05,FA01,W-05,15
S-008952,C-0186,2026-05-05,CO01,W-12,60
S-008953,C-0188,2026-05-05,PH01 ,W-07,10
S-008954,C-0189,2026-05-05,CO01,W-11,90
S-008955,C-0197,2026-05-05,HV01,W-04,45
S-008956,C-0201,2026-05-05,FA02,W-13,15
S-008957,C-0201,2026-05-05,CN01,W-05,20
S-008958,C-0216,2026-05-05,CH02,W-06,90
S-008959,C-0219,2026-05-05,CH02,W-02,120
S-008960,C-0227,2026-05-05,CN01,W-08,15
S-008961,C-0228,2026-05-05,FA02,W-14,45
S-008961,C-0228,2026-05-05,FA02,W-14,45
S-008962,C-0228,2026-05-05,CN01,W-02,20
S-008963,C-0245,2026-05-05,CN01,W-03,20
S-008964,C-0245,2026-05-05,FA01,W-03,30
S-008965,C-0247,2026-05-05,HV01,W-01,60
S-008966,C-0247,2026-05-05,CH02,W-04,60
S-008967,C-0256,2026-05-05,TR02,W-03,15
S-008968,C-0265,2026-05-05,PH01,W-10,20
S-008969,C-0273,2026-05-05,ID01,W-01,15
S-008970,C-0002,2026-05-06,IN01,W-08,45
S-008971,C-0008,2026-05-06,CO01,W-11,90
S-008972,C-0012,2026-05-06,CO02,W-12,90
S-008973,C-0014,2026-05-06,FA03 ,W-14,15
S-008974,C-0018,2026-05-06,CN01 ,W-05,10
S-008975,C-0037,2026-05-06,CO01,W-11,50
S-008976,C-0041,2026-05-06,PH01,W-05,10
S-008977,C-0048,2026-05-06,FA03,W-13,30
S-008978,C-0048,2026-05-06,CN01,W-02,20
S-008979,C-0055,2026-05-06,CN01,W-09,30
S-008980,C-0066,2026-05-06,PH01,W-05,5
S-008981,C-0086,2026-05-06,CN01,W-10,20
S-008982,C-0087,2026-05-06,CO01 ,W-12,60
S-008983,C-0096,2026-05-06,PH01,W-07,5
S-008984,C-0101,2026-05-06,CH02,W-03,60
S-008985,C-0104,2026-05-06,IN01,W-10,30
S-008986,C-0138,2026-05-06,RF01,W-04,15
S-008987,C-0138,2026-05-06,CH02,W-03,60
S-008988,C-0141,2026-05-06,CH02,W-04,120
S-008989,C-0146,2026-05-06,HV01,W-01,45
S-008990,C-0151,2026-05-06,PH01,W-02,5
S-008991,C-0163,2026-05-06,FA02,W-14,30
S-008992,C-0172,2026-05-06,HV01,W-03,45
S-008993,C-0183,2026-05-06,HV01,W-03,90
S-008994,C-0188,2026-05-06,RF01,W-07,10
S-008995,C-0200,2026-05-06,RF01,W-04,15
S-008996,C-0205,2026-05-06,CN01,W-04,30
S-008997,C-0206,2026-05-06,CO01,W-12,50
S-008998,C-0212,2026-05-06,FA01,W-04,20
S-008999,C-0212,2026-05-06,HV01,W-02,60
S-009000,C-0219,2026-05-06,TR02,W-04,15
S-009001,C-0222,2026-05-06,FA02,W-13,20
S-009002,C-0227,2026-05-06,CO02,W-11,90
S-009003,C-0229,2026-05-06,RF01,W-02,15
S-009004,C-0238,2026-05-06,CH02,W-05,60
S-009005,C-0245,2026-05-06,CO01,W-11,50
S-009006,C-0246,2026-05-06,CH02,W-02,90
S-009007,C-0270,2026-05-06,PH01,W-08,15
S-009008,C-0284,2026-05-06,CN01,W-08,30
S-009009,C-0292,2026-05-06,CO02,W-11,90
S-009010,C-0006,2026-05-07,ID01,W-03,20
S-009011,C-0010,2026-05-07,CO02,W-11,60
S-009012,C-0011,2026-05-07,PH01,W-02,5
S-009013,C-0016,2026-05-07,HV01,W-03,45
S-009014,C-0017,2026-05-07,CN01,W-09,15
S-009015,C-0018,2026-05-07,CN01,W-05,15
S-009016,C-0018,2026-05-07,FA01,W-05,45
S-009017,C-0037,2026-05-07,PH01,W-02,5
S-009018,C-0040,2026-05-07,PH01,W-02,10
S-009018,C-0040,2026-05-07,PH01,W-02,10
S-009019,C-0057,2026-05-07,CN01,W-02,15
S-009020,C-0060,2026-05-07,CO02,W-11,90
S-009021,C-0062,2026-05-07,FA01,W-10,15
S-009022,C-0065,2026-05-07,TR02,W-02,20
S-009023,C-0066,2026-05-07,ID01,W-05,30
S-009024,C-0092,2026-05-07,TR02,W-05,45
S-009025,C-0095,2026-05-07,FA02,W-14,15
S-009025,C-0095,2026-05-07,FA02,W-14,15
S-009026,C-0097,2026-05-07,IN01,W-09,20
S-009027,C-0097,2026-05-07,CH02,W-06,90
S-009028,C-0101,2026-05-07,FA03,W-14,30
S-009029,C-0119,2026-05-07,RF01,W-03,20
S-009030,C-0128,2026-05-07,PH01,W-09,15
S-009031,C-0131,2026-05-07,CN01,W-09,30
S-009032,C-0131,2026-05-07,PH01,W-09,10
S-009033,C-0132,2026-05-07,HV01,W-06,45
S-009034,C-0161,2026-05-07,TR01,W-08,45
S-009035,C-0161,2026-05-07,CN01,W-08,20
S-009036,C-0167,2026-05-07,CO01,W-12,60
S-009037,C-0174,2026-05-07,HV01,W-06,45
S-009038,C-0174,2026-05-07,IN01,W-02,15
S-009039,C-0181,2026-05-07,CN01,W-10,10
S-009040,C-0186,2026-05-07,TR02,W-06,15
S-009041,C-0197,2026-05-07,CO01,W-12,90
S-009042,C-0205,2026-05-07,PH01,W-04,5
S-009043,C-0205,2026-05-07,TR02,W-04,15
S-009044,C-0207,2026-05-07,IN01,W-10,15
S-009045,C-0214,2026-05-07,PH01,W-09,10
S-009046,C-0216,2026-05-07,HV01,W-06,120
S-009047,C-0216,2026-05-07,PH01,W-09,15
S-009048,C-0217,2026-05-07,HV01,W-06,60
S-009049,C-0219,2026-05-07,CN01,W-04,20
S-009050,C-0220,2026-05-07,HV01,W-06,90
S-009051,C-0224,2026-05-07,IN01,W-08,30
S-009052,C-0228,2026-05-07,CN01,W-02,30
S-009053,C-0238,2026-05-07,FA01,W-03,45
S-009054,C-0287,2026-05-07,FA01,W-06,30
S-009055,C-0300,2026-05-07,CN01,W-05,10
S-009056,C-0010,2026-05-08,TR01,W-01,45
S-009057,C-0041,2026-05-08,FA01,W-05,20
S-009058,C-0042,2026-05-08,CO01,W-11,90
S-009059,C-0050,2026-05-08,TR02,W-06,15
S-009060,C-0057,2026-05-08,CN01,W-02,20
S-009061,C-0060,2026-05-08,PH01,W-07,15
S-009062,C-0063,2026-05-08,PH01,W-06,20
S-009063,C-0070,2026-05-08,PH01,W-01,15
S-009064,C-0071,2026-05-08,IN01,W-09,30
S-009065,C-0071,2026-05-08,CH02,W-04,60
S-009066,C-0072,2026-05-08,FA03,W-13,20
S-009067,C-0095,2026-05-08,RF01,W-06,20
S-009068,C-0096,2026-05-08,CN01,W-07,15
S-009069,C-0097,2026-05-08,PH01 ,W-09,15
S-009070,C-0099,2026-05-08,CH02,W-05,90
S-009071,C-0102,2026-05-08,CH02,W-04,90
S-009072,C-0103,2026-05-08,PH01,W-06,15
S-009073,C-0103,2026-05-08,TR02,W-06,20
S-009074,C-0114,2026-05-08,CN01,W-08,20
S-009075,C-0130,2026-05-08,HV01 ,W-05,45
S-009076,C-0141,2026-05-08,TR01,W-09,30
S-009077,C-0151,2026-05-08,CN01,W-02,30
S-009078,C-0168,2026-05-08,CH02,W-01,45
S-009079,C-0173,2026-05-08,CO02,W-11,50
S-009080,C-0197,2026-05-08,PH01,W-01,20
S-009081,C-0197,2026-05-08,RF01,W-01,15
S-009082,C-0206,2026-05-08,CO01,W-12,90
S-009083,C-0216,2026-05-08,FA02,W-14,30
S-009084,C-0219,2026-05-08,RF01,W-04,15
S-009085,C-0223,2026-05-08,HV01,W-05,90
S-009086,C-0227,2026-05-08,PH01,W-08,20
S-009087,C-0235,2026-05-08,FA02,W-14,30
S-009088,C-0238,2026-05-08,FA03,W-13,45
S-009089,C-0238,2026-05-08,CO02,W-11,60
S-009090,C-0247,2026-05-08,CN01,W-03,15
S-009091,C-0261,2026-05-08,FA01,W-06,45
S-009092,C-0271,2026-05-08,CN01,W-02,20
S-009093,C-0278,2026-05-08,RF01,W-02,20
S-009094,C-0279,2026-05-08,CH02,W-02,120
S-009095,C-0298,2026-05-08,RF01,W-07,10
S-009096,C-0002,2026-05-09,CO01,W-11,90
S-009097,C-0016,2026-05-09,HV01,W-06,90
S-009098,C-0018,2026-05-09,CO02,W-12,90
S-009099,C-0024,2026-05-09,HV01,W-04,60
S-009100,C-0026,2026-05-09,CN01,W-10,20
S-009101,C-0034,2026-05-09,CN01,W-03,10
S-009102,C-0043,2026-05-09,CH02,W-04,90
S-009103,C-0056,2026-05-09,CH02,W-04,90
S-009104,C-0060,2026-05-09,RF01,W-07,20
S-009105,C-0060,2026-05-09,RF01,W-07,15
S-009106,C-0063,2026-05-09,PH01,W-06,10
S-009107,C-0063,2026-05-09,CN01,W-06,10
S-009108,C-0063,2026-05-09,CN01,W-06,15
S-009109,C-0088,2026-05-09,ID01,W-06,45
S-009110,C-0091,2026-05-09,RF01,W-10,10
S-009111,C-0096,2026-05-09,FA02,W-13,30
S-009112,C-0101,2026-05-09,CN01,W-01,15
S-009113,C-0102,2026-05-09,CN01,W-05,10
S-009114,C-0103,2026-05-09,RF01,W-06,20
S-009115,C-0132,2026-05-09,TR01,W-03,45
S-009116,C-0147,2026-05-09,PH01,W-02,15
S-009117,C-0156,2026-05-09,ID01,W-05,20
S-009118,C-0164,2026-05-09,PH01,W-09,10
S-009119,C-0168,2026-05-09,CH02,W-01,120
S-009120,C-0187,2026-05-09,HV01,W-02,90
S-009121,C-0191,2026-05-09,TR01,W-05,45
S-009122,C-0197,2026-05-09,HV01,W-04,90
S-009123,C-0200,2026-05-09,TR01,W-04,20
S-009124,C-0201,2026-05-09,RF01,W-05,30
S-009125,C-0205,2026-05-09,CO01,W-11,90
S-009126,C-0207,2026-05-09,RF01,W-10,15
S-009127,C-0219,2026-05-09,TR01,W-04,15
S-009128,C-0224,2026-05-09,RF01,W-08,30
S-009129,C-0229,2026-05-09,PH01,W-02,20
S-009130,C-0229,2026-05-09,TR01,W-02,20
S-009131,C-0229,2026-05-09,PH01,W-02,15
S-009132,C-0241,2026-05-09,CO02,W-12,50
S-009133,C-0248,2026-05-09,CO02,W-11,90
S-009134,C-0248,2026-05-09,PH01,W-04,5
S-009135,C-0264,2026-05-09,CN01,W-08,20
S-009136,C-0279,2026-05-09,FA01,W-03,15
S-009137,C-0285,2026-05-09,PH01,W-08,15
S-009138,C-0287,2026-05-09,HV01,W-01,45
S-009139,C-0010,2026-05-10,PH01,W-01,20
S-009140,C-0012,2026-05-10,CN01,W-02,10
S-009141,C-0016,2026-05-10,FA01,W-09,15
S-009142,C-0018,2026-05-10,CO02,W-12,60
S-009143,C-0018,2026-05-10,CH02,W-02,60
S-009144,C-0018,2026-05-10,TR01,W-05,45
S-009145,C-0024,2026-05-10,HV01,W-01,60
S-009146,C-0024,2026-05-10,CN01,W-08,20
S-009147,C-0034,2026-05-10,TR02,W-03,15
S-009148,C-0041,2026-05-10,CO02,W-11,90
S-009149,C-0043,2026-05-10,FA01,W-02,30
S-009150,C-0065,2026-05-10,CH02,W-05,90
S-009151,C-0071,2026-05-10,IN01,W-09,45
S-009152,C-0074,2026-05-10,FA01,W-02,45
S-009153,C-0084,2026-05-10, id01  ,W-09,20
S-009154,C-0084,2026-05-10,TR02,W-09,30
S-009155,C-0087,2026-05-10,PH01,W-01,5
S-009156,C-0092,2026-05-10,CO02,W-12,60
S-009157,C-0092,2026-05-10,PH01,W-05,10
S-009158,C-0099,2026-05-10,RF01,W-02,10
S-009159,C-0130,2026-05-10,ID01,W-04,20
S-009160,C-0133,2026-05-10,CH02,W-01,45
S-009161,C-0152,2026-05-10,fa01,W-08,20
S-009162,C-0159,2026-05-10,CN01,W-07,10
S-009163,C-0160,2026-05-10,RF01,W-05,30
S-009164,C-0164,2026-05-10,CO02,W-12,60
S-009165,C-0164,2026-05-10,TR01,W-09,20
S-009166,C-0164,2026-05-10,CN01,W-09,30
S-009167,C-0191,2026-05-10,PH01,W-05,15
S-009168,C-0197,2026-05-10,TR02,W-01,45
S-009169,C-0200,2026-05-10,CN01,W-04,10
S-009170,C-0205,2026-05-10,TR01,W-04,20
S-009171,C-0207,2026-05-10,HV01,W-03,120
S-009172,C-0214,2026-05-10,TR02,W-09,20
S-009173,C-0220,2026-05-10,HV01,W-05,120
S-009174,C-0223,2026-05-10,CO01,W-11,90
S-009175,C-0223,2026-05-10,CN01,W-06,15
S-009176,C-0223,2026-05-10,PH01,W-06,5
S-009177,C-0231,2026-05-10,CH02,W-02,45
S-009177,C-0231,2026-05-10,CH02,W-02,45
S-009178,C-0236,2026-05-10,ID01,W-01,15
S-009179,C-0236,2026-05-10,IN01,W-01,45
S-009180,C-0238,2026-05-10,CH02,W-05,90
S-009181,C-0247,2026-05-10,FA02,W-14,30
S-009182,C-0256,2026-05-10,CO01,W-11,90
S-009183,C-0264,2026-05-10,TR01,W-08,45
S-009184,C-0297,2026-05-10,CO02,W-11,90
S-009184,C-0297,2026-05-10,CO02,W-11,90
S-009185,C-0006,2026-05-11,cn01,W-03,10
S-009186,C-0007,2026-05-11,HV01,W-01,45
S-009187,C-0008,2026-05-11,PH01,W-09,15
S-009188,C-0011,2026-05-11,PH01,W-02,5
S-009189,C-0016,2026-05-11,TR02,W-09,20
S-009190,C-0054,2026-05-11,CN01,W-07,30
S-009191,C-0060,2026-05-11,PH01 ,W-07,15
S-009192,C-0060,2026-05-11,PH01,W-07,5
S-009193,C-0065,2026-05-11,CO01,W-12,90
S-009194,C-0095,2026-05-11,CH02,W-05,45
S-009195,C-0095,2026-05-11,TR02,W-06,45
S-009196,C-0096,2026-05-11,FA01,W-07,30
S-009197,C-0114,2026-05-11,TR01,W-08,20
S-009198,C-0114,2026-05-11,HV01,W-05,60
S-009199,C-0119,2026-05-11,HV01,W-04,60
S-009200,C-0134,2026-05-11,PH01,W-07,5
S-009201,C-0160,2026-05-11,TR02,W-05,30
S-009202,C-0188,2026-05-11,IN01,W-07,30
S-009203,C-0197,2026-05-11,CO02,W-12,60
S-009204,C-0207,2026-05-11,TR01 ,W-10,20
S-009205,C-0220,2026-05-11,FA01,W-02,20
S-009206,C-0224,2026-05-11,RF01,W-08,30
S-009207,C-0231,2026-05-11,HV01,W-05,120
S-009208,C-0246,2026-05-11,CO02,W-11,90
S-009209,C-0257,2026-05-11,CN01,W-05,10
S-009210,C-0261,2026-05-11,TR01,W-06,20
S-009211,C-0261,2026-05-11,HV01,W-03,120
S-009212,C-0264,2026-05-11,PH01,W-08,5
S-009213,C-0265,2026-05-11,CO02,W-11,90
S-009214,C-0278,2026-05-11,CO01,W-12,90
S-009215,C-0294,2026-05-11,CO01,W-12,50
S-009216,C-0295,2026-05-11,PH01 ,W-04,5
S-009217,C-0295,2026-05-11,TR01,W-04,30
S-009218,C-0299,2026-05-11,CN01,W-08,10
S-009219,C-0012,2026-05-12,PH01,W-02,5
S-009220,C-0016,2026-05-12,ID01,W-09,20
S-009221,C-0016,2026-05-12,HV01,W-04,60
S-009222,C-0017,2026-05-12,PH01,W-09,15
S-009223,C-0041,2026-05-12,CO02,W-11,50
S-009224,C-0047,2026-05-12,HV01,W-04,90
S-009225,C-0050,2026-05-12,FA03 ,W-13,15
S-009226,C-0060,2026-05-12,CH02,W-04,60
S-009227,C-0074,2026-05-12,FA01,W-02,15
S-009228,C-0074,2026-05-12,tr02,W-02,45
S-009229,C-0086,2026-05-12,HV01,W-03,45
S-009230,C-0087,2026-05-12,CN01,W-01,30
S-009231,C-0088,2026-05-12,CN01,W-06,10
S-009232,C-0103,2026-05-12,HV01,W-03,120
S-009233,C-0106,2026-05-12,PH01,W-03,15
S-009234,C-0110,2026-05-12,TR02,W-02,45
S-009235,C-0126,2026-05-12,FA03,W-14,20
S-009236,C-0131,2026-05-12,CO02,W-11,60
S-009237,C-0134,2026-05-12,CN01,W-07,15
S-009238,C-0144,2026-05-12, fa02  ,W-13,20
S-009239,C-0144,2026-05-12,CN01,W-05,20
S-009240,C-0146,2026-05-12,CN01,W-08,30
S-009241,C-0146,2026-05-12,CO02,W-11,50
S-009242,C-0161,2026-05-12,TR02,W-08,20
S-009243,C-0164,2026-05-12,RF01,W-09,30
S-009244,C-0172,2026-05-12,PH01,W-06,20
S-009245,C-0174,2026-05-12,TR02,W-02,20
S-009246,C-0174,2026-05-12,IN01,W-02,45
S-009247,C-0181,2026-05-12,CN01,W-10,15
S-009248,C-0188,2026-05-12,PH01,W-07,15
S-009249,C-0189,2026-05-12,PH01,W-01,15
S-009250,C-0189,2026-05-12,CO01,W-11,90
S-009251,C-0197,2026-05-12,CH02,W-02,60
S-009252,C-0204,2026-05-12,CN01,W-04,30
S-009253,C-0207,2026-05-12,CH02,W-02,120
S-009254,C-0208,2026-05-12,CN01,W-09,10
S-009255,C-0214,2026-05-12,CH02,W-03,90
S-009256,C-0217,2026-05-12,PH01 ,W-01,15
S-009257,C-0219,2026-05-12,TR01,W-04,30
S-009258,C-0222,2026-05-12,HV01,W-04,45
S-009259,C-0244,2026-05-12,CN01 ,W-06,20
S-009260,C-0245,2026-05-12,FA01,W-03,45
S-009261,C-0247,2026-05-12,ID01,W-03,15
S-009262,C-0257,2026-05-12,TR02,W-05,15
S-009263,C-0257,2026-05-12,IN01,W-05,15
S-009264,C-0264,2026-05-12,IN01,W-08,30
S-009265,C-0265,2026-05-12,TR01,W-10,30
S-009266,C-0285,2026-05-12,PH01,W-08,15
S-009267,C-0287,2026-05-12,CO02,W-11,50
S-009268,C-0002,2026-05-13,PH01,W-08,5
S-009269,C-0011,2026-05-13,CH02,W-04,90
S-009270,C-0016,2026-05-13,HV01,W-04,60
S-009271,C-0024,2026-05-13,FA01,W-08,20
S-009272,C-0040,2026-05-13,PH01,W-02,15
S-009273,C-0043,2026-05-13,CN01,W-02,30
S-009274,C-0046,2026-05-13,PH01,W-06,20
S-009275,C-0088,2026-05-13,FA03,W-14,20
S-009276,C-0101,2026-05-13,CO01 ,W-12,90
S-009277,C-0106,2026-05-13,CN01,W-03,15
S-009278,C-0115,2026-05-13,CN01,W-04,10
S-009279,C-0121,2026-05-13,PH01,W-05,5
S-009280,C-0128,2026-05-13,CH02,W-06,120
S-009281,C-0161,2026-05-13,ID01,W-08,45
S-009282,C-0163,2026-05-13,TR02,W-01,15
S-009283,C-0168,2026-05-13,TR02,W-04,15
S-009284,C-0174,2026-05-13,IN01,W-02,45
S-009285,C-0201,2026-05-13,HV01,W-02,90
S-009286,C-0224,2026-05-13,IN01,W-08,45
S-009287,C-0228,2026-05-13,CN01,W-02,20
S-009288,C-0238,2026-05-13,CH02,W-03,120
S-009289,C-0248,2026-05-13,CH02,W-01,120
S-009290,C-0256,2026-05-13,PH01,W-03,20
S-009291,C-0261,2026-05-13,CN01,W-06,15
S-009292,C-0264,2026-05-13,PH01,W-08,20
S-009293,C-0264,2026-05-13,IN01,W-08,45
S-009294,C-0300,2026-05-13,CO01,W-12,50
S-009295,C-0001,2026-05-14,PH01,W-04,20
S-009296,C-0002,2026-05-14,IN01,W-08,30
S-009297,C-0016,2026-05-14,ID01,W-09,20
S-009298,C-0042,2026-05-14,CH02,W-06,90
S-009299,C-0084,2026-05-14,FA01,W-09,45
S-009300,C-0084,2026-05-14,tr02,W-09,20
S-009301,C-0095,2026-05-14,TR01,W-06,15
S-009302,C-0101,2026-05-14,CO01,W-12,90
S-009303,C-0101,2026-05-14,HV01,W-02,60
S-009304,C-0131,2026-05-14,PH01,W-09,20
S-009305,C-0134,2026-05-14,FA01,W-07,20
S-009306,C-0144,2026-05-14,CN01,W-05,10
S-009307,C-0157,2026-05-14,CO02,W-11,90
S-009308,C-0161,2026-05-14,IN01,W-08,30
S-009309,C-0164,2026-05-14,CH02,W-02,45
S-009310,C-0171,2026-05-14,CH02,W-02,120
S-009311,C-0180,2026-05-14,CO02,W-11,60
S-009312,C-0182,2026-05-14,CN01,W-05,10
S-009313,C-0182,2026-05-14,CN01,W-05,15
S-009314,C-0191,2026-05-14,RF01,W-05,30
S-009315,C-0201,2026-05-14,FA01,W-05,45
S-009316,C-0207,2026-05-14,CN01,W-10,15
S-009317,C-0207,2026-05-14,HV01,W-03,60
S-009318,C-0208,2026-05-14,HV01,W-05,90
S-009319,C-0214,2026-05-14,FA01,W-09,45
S-009320,C-0214,2026-05-14,TR02,W-09,30
S-009321,C-0229,2026-05-14,PH01,W-02,10
S-009322,C-0246,2026-05-14,HV01,W-04,45
S-009323,C-0246,2026-05-14,CH02,W-06,60
S-009324,C-0264,2026-05-14,IN01,W-08,30
S-009325,C-0278,2026-05-14,CH02,W-01,90
S-009326,C-0294,2026-05-14,PH01,W-03,20
S-009327,C-0016,2026-05-15,ID01,W-09,45
S-009328,C-0037,2026-05-15,PH01,W-02,20
S-009329,C-0044,2026-05-15,PH01,W-03,5
S-009330,C-0048,2026-05-15,TR01,W-02,15
S-009331,C-0055,2026-05-15,CH02,W-01,90
S-009332,C-0057,2026-05-15,FA02,W-14,20
S-009333,C-0062,2026-05-15,TR02,W-10,45
S-009334,C-0065,2026-05-15,ID01,W-02,15
S-009335,C-0082,2026-05-15,PH01,W-09,5
S-009336,C-0088,2026-05-15,FA01,W-06,20
S-009337,C-0088,2026-05-15,FA01,W-06,30
S-009338,C-0088,2026-05-15,RF01,W-06,20
S-009339,C-0088,2026-05-15,TR02,W-06,30
S-009340,C-0095,2026-05-15,FA02,W-13,30
S-009341,C-0097,2026-05-15,ph01,W-09,15
S-009342,C-0099,2026-05-15,CN01,W-02,30
S-009343,C-0115,2026-05-15,CN01,W-04,15
S-009344,C-0133,2026-05-15,CN01,W-09,10
S-009345,C-0147,2026-05-15,FA01,W-02,45
S-009346,C-0152,2026-05-15,TR02,W-08,20
S-009347,C-0169,2026-05-15,FA03,W-13,30
S-009348,C-0173,2026-05-15,PH01,W-04,20
S-009349,C-0181,2026-05-15,CN01,W-10,15
S-009350,C-0204,2026-05-15,FA01,W-04,30
S-009351,C-0204,2026-05-15,HV01,W-02,60
S-009352,C-0207,2026-05-15,CO01,W-12,60
S-009353,C-0224,2026-05-15,HV01,W-06,90
S-009354,C-0231,2026-05-15,RF01,W-06,10
S-009355,C-0231,2026-05-15,CN01,W-06,10
S-009356,C-0236,2026-05-15,CN01,W-01,20
S-009357,C-0236,2026-05-15, fa03  ,W-13,20
S-009358,C-0245,2026-05-15,CN01,W-03,30
S-009359,C-0246,2026-05-15,CH02,W-01,60
S-009360,C-0249,2026-05-15,CN01,W-02,20
S-009361,C-0279,2026-05-15,CN01,W-03,10
S-009362,C-0287,2026-05-15,CO01,W-12,50
S-009363,C-0287,2026-05-15,TR02,W-06,45
S-009364,C-0294,2026-05-15,IN01,W-03,30
S-009365,C-0295,2026-05-15,FA02,W-13,15
S-009366,C-0297,2026-05-15,CN01,W-03,30
S-009367,C-0011,2026-05-16,HV01,W-05,120
S-009368,C-0017,2026-05-16,PH01,W-09,10
S-009369,C-0026,2026-05-16,CH02,W-02,120
S-009370,C-0034,2026-05-16,PH01,W-03,15
S-009371,C-0044,2026-05-16,PH01,W-03,15
S-009372,C-0046,2026-05-16,PH01,W-06,20
S-009373,C-0057,2026-05-16,HV01,W-05,60
S-009374,C-0060,2026-05-16,tr02,W-07,45
S-009375,C-0063,2026-05-16,CN01,W-06,15
S-009376,C-0063,2026-05-16,PH01,W-06,10
S-009377,C-0103,2026-05-16,CO02,W-12,90
S-009378,C-0110,2026-05-16,HV01,W-03,90
S-009379,C-0114,2026-05-16,PH01,W-08,5
S-009380,C-0115,2026-05-16,FA01,W-04,20
S-009381,C-0115,2026-05-16,CN01,W-04,10
S-009382,C-0126,2026-05-16,CH02,W-06,120
S-009383,C-0141,2026-05-16,ID01,W-09,45
S-009384,C-0168,2026-05-16,ID01,W-04,15
S-009385,C-0182,2026-05-16, cn01  ,W-05,10
S-009386,C-0187,2026-05-16,CO02,W-11,90
S-009387,C-0189,2026-05-16,CO01,W-12,90
S-009388,C-0194,2026-05-16,CN01,W-02,15
S-009389,C-0208,2026-05-16,CH02,W-06,90
S-009390,C-0208,2026-05-16,CO01,W-12,60
S-009391,C-0219,2026-05-16,PH01,W-04,20
S-009392,C-0223,2026-05-16,CO01 ,W-11,50
S-009393,C-0238,2026-05-16,PH01,W-03,20
S-009394,C-0248,2026-05-16,PH01,W-04,20
S-009395,C-0256,2026-05-16,CO02,W-12,90
S-009396,C-0259,2026-05-16,PH01,W-10,20
S-009397,C-0261,2026-05-16,PH01,W-06,5
S-009398,C-0295,2026-05-16,PH01,W-04,5
S-009399,C-0300,2026-05-16,HV01,W-04,90
S-009400,C-0016,2026-05-17,CN01,W-09,30
S-009401,C-0026,2026-05-17,TR02,W-10,15
S-009402,C-0026,2026-05-17,FA01,W-10,20
S-009403,C-0026,2026-05-17,TR01,W-10,45
S-009404,C-0034,2026-05-17,HV01,W-02,90
S-009405,C-0044,2026-05-17,co01,W-12,90
S-009406,C-0050,2026-05-17,FA02,W-14,45
S-009407,C-0057,2026-05-17,IN01,W-02,15
S-009408,C-0082,2026-05-17,FA01,W-09,45
S-009409,C-0087,2026-05-17,PH01,W-01,20
S-009410,C-0092,2026-05-17,cn01,W-05,15
S-009411,C-0095,2026-05-17,PH01,W-06,20
S-009412,C-0099,2026-05-17,TR01,W-02,15
S-009413,C-0099,2026-05-17,FA03,W-13,45
S-009414,C-0103,2026-05-17,PH01,W-06,5
S-009415,C-0106,2026-05-17,CN01,W-03,30
S-009416,C-0120,2026-05-17,CN01,W-10,15
S-009417,C-0130,2026-05-17,TR01,W-04,45
S-009418,C-0133,2026-05-17,CO02,W-11,90
S-009418,C-0133,2026-05-17,CO02,W-11,90
S-009419,C-0138,2026-05-17, cn01  ,W-04,15
S-009420,C-0156,2026-05-17,TR01,W-05,20
S-009421,C-0164,2026-05-17,CO02,W-12,60
S-009422,C-0164,2026-05-17,CH02 ,W-05,45
S-009423,C-0174,2026-05-17,RF01,W-02,30
S-009424,C-0174,2026-05-17,CN01,W-02,15
S-009425,C-0187,2026-05-17,CN01,W-06,20
S-009426,C-0193,2026-05-17,CH02,W-05,45
S-009427,C-0197,2026-05-17,RF01,W-01,15
S-009428,C-0207,2026-05-17,CN01,W-10,10
S-009429,C-0220,2026-05-17,PH01,W-02,20
S-009430,C-0223,2026-05-17,CO02,W-12,50
S-009431,C-0224,2026-05-17,RF01,W-08,30
S-009432,C-0224,2026-05-17,CH02,W-04,45
S-009433,C-0227,2026-05-17,ID01,W-08,20
S-009434,C-0245,2026-05-17,HV01,W-01,120
S-009435,C-0270,2026-05-17,CN01,W-08,30
S-009436,C-0273,2026-05-17,CH02 ,W-02,120
S-009437,C-0279,2026-05-17,HV01,W-01,45
S-009438,C-0295,2026-05-17,PH01,W-04,15
S-009439,C-0296,2026-05-17,CO01,W-11,50
S-009440,C-0300,2026-05-17,CH02,W-02,45
S-009441,C-0006,2026-05-18,ID01,W-03,30
S-009442,C-0018,2026-05-18,PH01,W-05,10
S-009443,C-0040,2026-05-18,TR02,W-02,30
S-009444,C-0056,2026-05-18,TR01,W-01,20
S-009445,C-0060,2026-05-18,CN01 ,W-07,10
S-009446,C-0062,2026-05-18,CN01,W-10,15
S-009447,C-0065,2026-05-18,CH02,W-04,90
S-009448,C-0066,2026-05-18,RF01,W-05,10
S-009449,C-0071,2026-05-18,FA01,W-09,15
S-009450,C-0086,2026-05-18,FA03,W-13,30
S-009451,C-0087,2026-05-18,CN01,W-01,10
S-009452,C-0095,2026-05-18,CN01,W-06,30
S-009453,C-0099,2026-05-18,IN01,W-02,45
S-009454,C-0106,2026-05-18,HV01,W-01,45
S-009455,C-0106,2026-05-18,HV01,W-03,120
S-009456,C-0115,2026-05-18,CH02,W-06,90
S-009457,C-0115,2026-05-18,RF01,W-04,20
S-009458,C-0119,2026-05-18,FA01,W-03,30
S-009459,C-0129,2026-05-18,PH01,W-04,10
S-009460,C-0141,2026-05-18,IN01,W-09,20
S-009461,C-0161,2026-05-18,TR02,W-08,15
S-009462,C-0161,2026-05-18,RF01,W-08,20
S-009463,C-0186,2026-05-18,CO01,W-12,50
S-009464,C-0188,2026-05-18,IN01,W-07,20
S-009465,C-0194,2026-05-18,FA02,W-14,30
S-009466,C-0196,2026-05-18, ch02  ,W-04,60
S-009467,C-0197,2026-05-18,CO02,W-11,50
S-009468,C-0200,2026-05-18,TR02,W-04,15
S-009469,C-0205,2026-05-18,CO01,W-11,90
S-009470,C-0208,2026-05-18,HV01,W-06,90
S-009471,C-0212,2026-05-18,TR02,W-04,20
S-009472,C-0227,2026-05-18,CO02,W-12,60
S-009473,C-0256,2026-05-18,CN01,W-03,10
S-009474,C-0259,2026-05-18,FA02,W-14,15
S-009475,C-0259,2026-05-18,TR01,W-10,15
S-009476,C-0270,2026-05-18,CH02,W-05,60
S-009477,C-0278,2026-05-18,CH02,W-06,60
S-009478,C-0279,2026-05-18,PH01,W-03,5
S-009479,C-0279,2026-05-18,CN01,W-03,30
S-009480,C-0295,2026-05-18,HV01,W-01,120
S-009481,C-0296,2026-05-18,CO01,W-12,50
S-009482,C-0011,2026-05-19,CN01,W-02,30
S-009483,C-0012,2026-05-19,RF01,W-02,30
S-009484,C-0014,2026-05-19,HV01,W-03,45
S-009485,C-0018,2026-05-19,CN01,W-05,30
S-009486,C-0018,2026-05-19,CN01,W-05,30
S-009487,C-0037,2026-05-19,CO02,W-11,50
S-009488,C-0037,2026-05-19,CN01,W-02,20
S-009489,C-0040,2026-05-19,HV01,W-06,90
S-009490,C-0065,2026-05-19,CN01,W-02,20
S-009491,C-0069,2026-05-19,TR01,W-09,15
S-009492,C-0084,2026-05-19,PH01,W-09,20
S-009493,C-0084,2026-05-19,fa02,W-13,20
S-009494,C-0097,2026-05-19,FA03,W-14,30
S-009495,C-0129,2026-05-19,CH02,W-01,120
S-009496,C-0129,2026-05-19,CO02,W-12,50
S-009497,C-0132,2026-05-19,CN01,W-03,20
S-009498,C-0138,2026-05-19,CN01,W-04,30
S-009499,C-0152,2026-05-19,CN01,W-08,30
S-009500,C-0171,2026-05-19,PH01,W-07,20
S-009501,C-0178,2026-05-19,CN01,W-06,15
S-009502,C-0180,2026-05-19,RF01,W-02,10
S-009503,C-0181,2026-05-19,CN01,W-10,10
S-009504,C-0186,2026-05-19,CO02,W-12,50
S-009505,C-0186,2026-05-19,PH01,W-06,10
S-009506,C-0189,2026-05-19,CO01,W-11,60
S-009507,C-0197,2026-05-19,CO01,W-11,50
S-009508,C-0201,2026-05-19,FA03,W-14,45
S-009509,C-0217,2026-05-19,HV01 ,W-04,120
S-009510,C-0246,2026-05-19,HV01,W-01,45
S-009511,C-0246,2026-05-19,CN01,W-10,30
S-009512,C-0257,2026-05-19,PH01,W-05,20
S-009513,C-0271,2026-05-19,IN01,W-02,15
S-009514,C-0284,2026-05-19,PH01,W-08,5
S-009515,C-0294,2026-05-19,HV01,W-05,45
S-009515,C-0294,2026-05-19,HV01,W-05,45
S-009516,C-0295,2026-05-19,FA03 ,W-14,30
S-009517,C-0296,2026-05-19,CH02,W-01,90
S-009518,C-0297,2026-05-19,CO02,W-11,90
S-009519,C-0002,2026-05-20,CN01,W-08,10
S-009519,C-0002,2026-05-20,CN01,W-08,10
S-009520,C-0002,2026-05-20,RF01 ,W-08,20
S-009521,C-0006,2026-05-20,CH02,W-03,60
S-009522,C-0012,2026-05-20,PH01,W-02,15
S-009523,C-0024,2026-05-20,TR01,W-08,30
S-009524,C-0028,2026-05-20,FA02,W-13,20
S-009525,C-0055,2026-05-20,CN01,W-09,30
S-009526,C-0055,2026-05-20,TR01 ,W-09,30
S-009527,C-0071,2026-05-20,RF01,W-09,15
S-009528,C-0086,2026-05-20,TR01,W-10,20
S-009529,C-0103,2026-05-20,CO01,W-11,90
S-009530,C-0119,2026-05-20,CN01,W-03,20
S-009531,C-0144,2026-05-20,PH01,W-05,15
S-009532,C-0146,2026-05-20,CN01,W-08,15
S-009533,C-0146,2026-05-20,CN01,W-08,10
S-009534,C-0160,2026-05-20,PH01,W-05,20
S-009535,C-0174,2026-05-20,IN01,W-02,30
S-009536,C-0179,2026-05-20,PH01,W-05,5
S-009537,C-0182,2026-05-20,CO01,W-11,50
S-009538,C-0188,2026-05-20,IN01,W-07,20
S-009539,C-0212,2026-05-20,HV01,W-02,120
S-009540,C-0247,2026-05-20,IN01,W-03,45
S-009541,C-0256,2026-05-20,PH01,W-03,5
S-009542,C-0264,2026-05-20,CH02,W-05,45
S-009543,C-0294,2026-05-20,cn01,W-03,30
S-009544,C-0299,2026-05-20,TR02,W-08,45
S-009545,C-0300,2026-05-20,RF01 ,W-05,10
S-009546,C-0300,2026-05-20,PH01 ,W-05,15
S-009547,C-0010,2026-05-21,FA03,W-13,45
S-009548,C-0013,2026-05-21,FA01,W-09,45
S-009549,C-0016,2026-05-21,HV01,W-02,45
S-009550,C-0026,2026-05-21,PH01,W-10,15
S-009551,C-0043,2026-05-21,CN01,W-02,15
S-009552,C-0055,2026-05-21,HV01,W-05,45
S-009553,C-0057,2026-05-21,CH02,W-04,120
S-009554,C-0063,2026-05-21,PH01,W-06,15
S-009555,C-0069,2026-05-21,CO02,W-11,90
S-009556,C-0074,2026-05-21,HV01,W-03,45
S-009557,C-0074,2026-05-21,TR02,W-02,30
S-009558,C-0087,2026-05-21,FA01,W-01,20
S-009559,C-0087,2026-05-21,co02,W-11,90
S-009560,C-0096,2026-05-21,CH02,W-03,120
S-009561,C-0096,2026-05-21,CN01,W-07,20
S-009562,C-0097,2026-05-21,PH01,W-09,5
S-009563,C-0097,2026-05-21,CN01,W-09,30
S-009564,C-0119,2026-05-21,PH01,W-03,15
S-009565,C-0119,2026-05-21,FA01,W-03,45
S-009566,C-0119,2026-05-21,HV01,W-01,90
S-009567,C-0119,2026-05-21,IN01,W-03,15
S-009568,C-0124,2026-05-21,ID01 ,W-03,15
S-009569,C-0128,2026-05-21,ph01,W-09,5
S-009570,C-0147,2026-05-21,HV01,W-02,45
S-009571,C-0151,2026-05-21,CH02,W-02,45
S-009572,C-0152,2026-05-21,TR02,W-08,15
S-009572,C-0152,2026-05-21,TR02,W-08,15
S-009573,C-0157,2026-05-21,PH01,W-02,10
S-009574,C-0173,2026-05-21,ID01,W-04,20
S-009575,C-0173,2026-05-21,HV01,W-05,120
S-009576,C-0196,2026-05-21,HV01,W-06,120
S-009577,C-0206,2026-05-21,CO02,W-11,60
S-009578,C-0217,2026-05-21,CN01,W-01,20
S-009579,C-0241,2026-05-21,RF01,W-04,30
S-009580,C-0246,2026-05-21,FA01,W-10,30
S-009581,C-0256,2026-05-21,PH01,W-03,20
S-009582,C-0264,2026-05-21,PH01,W-08,15
S-009583,C-0265,2026-05-21,HV01,W-05,45
S-009584,C-0292,2026-05-21,RF01,W-07,20
S-009585,C-0294,2026-05-21,TR01,W-03,20
S-009586,C-0024,2026-05-22,PH01,W-08,10
S-009587,C-0034,2026-05-22,HV01,W-01,90
S-009588,C-0048,2026-05-22,FA01,W-02,45
S-009589,C-0063,2026-05-22,IN01 ,W-06,30
S-009590,C-0066,2026-05-22,CN01,W-05,15
S-009591,C-0088,2026-05-22,HV01,W-05,60
S-009592,C-0095,2026-05-22,CN01,W-06,20
S-009593,C-0098,2026-05-22,CN01,W-09,15
S-009594,C-0106,2026-05-22,CN01,W-03,30
S-009595,C-0114,2026-05-22,TR02,W-08,20
S-009596,C-0130,2026-05-22,CH02,W-01,90
S-009597,C-0144,2026-05-22,ID01,W-05,20
S-009598,C-0152,2026-05-22,HV01,W-04,60
S-009599,C-0171,2026-05-22,PH01,W-07,15
S-009600,C-0178,2026-05-22,CH02 ,W-03,60
S-009601,C-0178,2026-05-22,co02,W-11,50
S-009602,C-0180,2026-05-22,FA01,W-02,15
S-009603,C-0194,2026-05-22,TR01,W-02,30
S-009604,C-0197,2026-05-22,CN01,W-01,30
S-009605,C-0197,2026-05-22,CO01,W-12,50
S-009606,C-0228,2026-05-22, cn01  ,W-02,15
S-009607,C-0255,2026-05-22,CN01,W-03,15
S-009608,C-0261,2026-05-22,RF01,W-06,10
S-009609,C-0261,2026-05-22,CO02,W-11,60
S-009610,C-0270,2026-05-22,IN01,W-08,30
S-009611,C-0297,2026-05-22,CN01,W-03,15
S-009612,C-0011,2026-05-23,CN01,W-02,15
S-009613,C-0015,2026-05-23,CN01,W-05,20
S-009614,C-0034,2026-05-23,CN01,W-03,30
S-009615,C-0048,2026-05-23,TR02,W-02,20
S-009616,C-0048,2026-05-23,PH01,W-02,5
S-009617,C-0088,2026-05-23,RF01,W-06,10
S-009618,C-0092,2026-05-23,RF01,W-05,30
S-009619,C-0092,2026-05-23,CO02,W-11,50
S-009620,C-0101,2026-05-23,CO01,W-12,90
S-009621,C-0103,2026-05-23,ID01,W-06,20
S-009622,C-0106,2026-05-23,HV01,W-01,60
S-009623,C-0110,2026-05-23,CO01,W-12,60
S-009624,C-0121,2026-05-23,FA03,W-14,30
S-009625,C-0121,2026-05-23,PH01,W-05,5
S-009626,C-0126,2026-05-23,CH02,W-02,90
S-009627,C-0133,2026-05-23,PH01 ,W-09,5
S-009627,C-0133,2026-05-23,PH01 ,W-09,5
S-009628,C-0146,2026-05-23,FA01,W-08,30
S-009629,C-0146,2026-05-23,CH02,W-02,90
S-009630,C-0159,2026-05-23,CN01,W-07,20
S-009631,C-0160,2026-05-23,PH01,W-05,10
S-009632,C-0181,2026-05-23,PH01,W-10,15
S-009633,C-0181,2026-05-23,CO02,W-12,50
S-009634,C-0188,2026-05-23,CN01,W-07,30
S-009635,C-0200,2026-05-23,CN01,W-04,15
S-009636,C-0200,2026-05-23,CH02,W-04,60
S-009637,C-0217,2026-05-23,ch02,W-02,60
S-009638,C-0234,2026-05-23,TR01,W-07,15
S-009639,C-0241,2026-05-23,CN01,W-04,15
S-009640,C-0246,2026-05-23,CN01,W-10,30
S-009641,C-0248,2026-05-23,HV01,W-01,120
S-009642,C-0248,2026-05-23,CO02,W-12,90
S-009643,C-0279,2026-05-23,CN01,W-03,15
S-009644,C-0284,2026-05-23,FA03,W-14,45
S-009645,C-0295,2026-05-23,CH02,W-02,60
S-009646,C-0297,2026-05-23,CH02,W-02,60
S-009647,C-0001,2026-05-24,CN01,W-04,10
S-009648,C-0006,2026-05-24,RF01,W-03,30
S-009649,C-0008,2026-05-24,IN01,W-09,30
S-009650,C-0011,2026-05-24,CO02,W-11,60
S-009651,C-0018,2026-05-24,TR02,W-05,45
S-009652,C-0028,2026-05-24,RF01,W-06,30
S-009653,C-0042,2026-05-24,CN01,W-07,20
S-009654,C-0043,2026-05-24,CN01,W-02,30
S-009655,C-0047,2026-05-24,CO02,W-12,50
S-009656,C-0057,2026-05-24,FA02,W-14,20
S-009657,C-0095,2026-05-24,PH01,W-06,5
S-009658,C-0095,2026-05-24,FA03,W-13,20
S-009659,C-0096,2026-05-24,CN01,W-07,15
S-009660,C-0097,2026-05-24,TR01,W-09,15
S-009661,C-0099,2026-05-24,PH01,W-02,10
S-009662,C-0104,2026-05-24,CN01,W-10,10
S-009663,C-0114,2026-05-24,CH02,W-01,45
S-009664,C-0119,2026-05-24,CN01,W-03,20
S-009665,C-0123,2026-05-24,HV01,W-05,90
S-009666,C-0130,2026-05-24,ID01,W-04,30
S-009667,C-0146,2026-05-24,CH02,W-04,120
S-009668,C-0156,2026-05-24,RF01,W-05,20
S-009669,C-0171,2026-05-24,FA02,W-14,15
S-009670,C-0174,2026-05-24,HV01,W-06,60
S-009671,C-0182,2026-05-24,TR02,W-05,30
S-009672,C-0188,2026-05-24,ID01,W-07,45
S-009673,C-0197,2026-05-24,CN01,W-01,10
S-009674,C-0204,2026-05-24,CN01,W-04,20
S-009675,C-0217,2026-05-24,PH01,W-01,5
S-009676,C-0222,2026-05-24,TR02,W-05,45
S-009677,C-0223,2026-05-24,RF01,W-06,10
S-009678,C-0245,2026-05-24,HV01,W-02,120
S-009679,C-0261,2026-05-24,HV01,W-04,60
S-009680,C-0278,2026-05-24,CN01,W-02,10
S-009681,C-0279,2026-05-24,FA01,W-03,15
S-009682,C-0279,2026-05-24,ID01,W-03,15
S-009683,C-0014,2026-05-25,CN01,W-09,10
S-009684,C-0043,2026-05-25,CN01,W-02,10
S-009685,C-0054,2026-05-25,PH01,W-07,20
S-009686,C-0058,2026-05-25,PH01,W-09,10
S-009687,C-0072,2026-05-25,IN01,W-02,15
S-009688,C-0086,2026-05-25,HV01,W-04,45
S-009689,C-0095,2026-05-25,HV01,W-04,45
S-009690,C-0095,2026-05-25,TR01,W-06,15
S-009691,C-0095,2026-05-25,CO02,W-12,60
S-009692,C-0131,2026-05-25,CO02,W-12,50
S-009693,C-0132,2026-05-25,PH01,W-03,20
S-009694,C-0133,2026-05-25,IN01,W-09,15
S-009695,C-0148,2026-05-25,HV01,W-03,60
S-009696,C-0156,2026-05-25,RF01,W-05,10
S-009697,C-0161,2026-05-25,HV01,W-01,60
S-009698,C-0173,2026-05-25,FA02,W-14,20
S-009699,C-0179,2026-05-25,CN01,W-05,20
S-009700,C-0191,2026-05-25,TR01,W-05,15
S-009701,C-0193,2026-05-25,PH01,W-01,15
S-009702,C-0206,2026-05-25,RF01,W-04,10
S-009703,C-0212,2026-05-25,RF01 ,W-04,10
S-009704,C-0216,2026-05-25,HV01,W-01,45
S-009705,C-0219,2026-05-25,PH01,W-04,5
S-009706,C-0238,2026-05-25,CH02,W-03,60
S-009707,C-0256,2026-05-25,TR02,W-03,15
S-009708,C-0265,2026-05-25,CN01,W-10,20
S-009709,C-0277,2026-05-25,CO02,W-12,50
S-009710,C-0279,2026-05-25,FA01,W-03,15
S-009711,C-0285,2026-05-25,PH01,W-08,10
S-009712,C-0287,2026-05-25,RF01,W-06,20
S-009713,C-0300,2026-05-25,CO01,W-12,60
S-009714,C-0006,2026-05-26,CN01,W-03,10
S-009715,C-0012,2026-05-26,CH02,W-03,90
S-009716,C-0013,2026-05-26,ID01,W-09,15
S-009717,C-0014,2026-05-26,HV01 ,W-05,45
S-009718,C-0016,2026-05-26,TR02,W-09,30
S-009719,C-0016,2026-05-26,FA01,W-09,20
S-009720,C-0028,2026-05-26,RF01,W-06,30
S-009721,C-0035,2026-05-26,CO01,W-12,90
S-009722,C-0041,2026-05-26,PH01,W-05,20
S-009723,C-0044,2026-05-26,CO02,W-11,60
S-009724,C-0065,2026-05-26,CN01,W-02,20
S-009725,C-0065,2026-05-26,FA02,W-13,15
S-009726,C-0065,2026-05-26,TR01,W-02,20
S-009727,C-0074,2026-05-26,FA02,W-14,20
S-009728,C-0097,2026-05-26,PH01,W-09,15
S-009729,C-0098,2026-05-26,CN01,W-09,10
S-009730,C-0104,2026-05-26,CN01,W-10,20
S-009731,C-0114,2026-05-26,CH02,W-02,120
S-009732,C-0115,2026-05-26,TR02,W-04,20
S-009733,C-0130,2026-05-26,PH01,W-04,10
S-009734,C-0146,2026-05-26,TR02,W-08,45
S-009735,C-0148,2026-05-26,FA03,W-14,20
S-009736,C-0173,2026-05-26,PH01 ,W-04,15
S-009737,C-0174,2026-05-26,CN01,W-02,20
S-009738,C-0178,2026-05-26,CN01,W-06,20
S-009739,C-0186,2026-05-26,CO01,W-12,90
S-009740,C-0193,2026-05-26,CO02,W-11,90
S-009741,C-0195,2026-05-26,CH02,W-06,60
S-009742,C-0207,2026-05-26,CN01,W-10,30
S-009743,C-0216,2026-05-26,PH01,W-09,15
S-009744,C-0222,2026-05-26,RF01,W-05,15
S-009745,C-0235,2026-05-26,CO01,W-11,90
S-009746,C-0241,2026-05-26,TR01,W-04,30
S-009747,C-0244,2026-05-26,CO01,W-12,50
S-009748,C-0247,2026-05-26,CH02,W-03,90
S-009749,C-0261,2026-05-26,CN01,W-06,10
S-009750,C-0270,2026-05-26,HV01,W-05,60
S-009751,C-0270,2026-05-26,CN01,W-08,30
S-009752,C-0279,2026-05-26,ID01,W-03,15
S-009753,C-0285,2026-05-26,FA01,W-08,45
S-009754,C-0287,2026-05-26,,W-12,50
S-009755,C-0288,2026-05-26,PH01,W-10,5
S-009756,C-0289,2026-05-26,HV01,W-02,60
S-009757,C-0294,2026-05-26,CN01,W-03,15
S-009758,C-0297,2026-05-26,CN01,W-03,15
S-009759,C-0016,2026-05-27, cn01  ,W-09,15
S-009760,C-0026,2026-05-27,TR01,W-10,20
S-009761,C-0042,2026-05-27,CN01,W-07,15
S-009762,C-0048,2026-05-27,CN01,W-02,10
S-009763,C-0055,2026-05-27,CO01,W-11,60
S-009764,C-0070,2026-05-27,RF01,W-01,15
S-009765,C-0074,2026-05-27,PH01,W-02,20
S-009766,C-0086,2026-05-27,PH01,W-10,20
S-009767,C-0087,2026-05-27,PH01,W-01,5
S-009768,C-0087,2026-05-27,PH01,W-01,10
S-009769,C-0088,2026-05-27,HV01,W-03,60
S-009770,C-0095,2026-05-27,RF01 ,W-06,30
S-009771,C-0097,2026-05-27,CN01,W-09,30
S-009772,C-0104,2026-05-27,HV01,W-01,45
S-009773,C-0131,2026-05-27,HV01,W-02,90
S-009774,C-0141,2026-05-27,rf01,W-09,10
S-009775,C-0157,2026-05-27,HV01,W-03,90
S-009776,C-0173,2026-05-27,FA01 ,W-04,45
S-009777,C-0174,2026-05-27,CN01,W-02,15
S-009778,C-0187,2026-05-27,CO01,W-11,90
S-009779,C-0188,2026-05-27,PH01,W-07,20
S-009780,C-0189,2026-05-27,TR02,W-01,15
S-009781,C-0191,2026-05-27,CN01,W-05,30
S-009782,C-0223,2026-05-27,CN01,W-06,15
S-009783,C-0241,2026-05-27,HV01,W-06,120
S-009784,C-0241,2026-05-27,IN01,W-04,45
S-009785,C-0246,2026-05-27,RF01,W-10,15
S-009786,C-0255,2026-05-27,CH02,W-01,45
S-009787,C-0264,2026-05-27,IN01,W-08,45
S-009788,C-0265,2026-05-27,CO02,W-11,90
S-009789,C-0279,2026-05-27,PH01,W-03,5
S-009789,C-0279,2026-05-27,PH01,W-03,5
S-009790,C-0287,2026-05-27,CO01 ,W-11,50
S-009791,C-0288,2026-05-27,TR02,W-10,20
S-009792,C-0295,2026-05-27,PH01,W-04,15
S-009793,C-0300,2026-05-27,PH01,W-05,10
S-009794,C-0001,2026-05-28,CN01,W-04,20
S-009795,C-0004,2026-05-28,IN01,W-07,45
S-009796,C-0014,2026-05-28,HV01,W-05,60
S-009797,C-0026,2026-05-28,CH02,W-04,45
S-009798,C-0035,2026-05-28,PH01,W-03,10
S-009799,C-0041,2026-05-28,CO02,W-12,50
S-009800,C-0041,2026-05-28,HV01,W-01,90
S-009801,C-0048,2026-05-28,CN01,W-02,20
S-009802,C-0048,2026-05-28,CO01,W-11,90
S-009803,C-0057,2026-05-28,CO01,W-12,90
S-009804,C-0069,2026-05-28,PH01,W-09,10
S-009805,C-0095,2026-05-28,ID01,W-06,30
S-009806,C-0110,2026-05-28,FA03,W-13,20
S-009807,C-0114,2026-05-28,PH01,W-08,20
S-009808,C-0120,2026-05-28,HV01,W-04,60
S-009809,C-0124,2026-05-28,TR02,W-03,30
S-009810,C-0138,2026-05-28,CN01,W-04,15
S-009811,C-0152,2026-05-28,FA03,W-14,45
S-009812,C-0161,2026-05-28,PH01,W-08,20
S-009813,C-0189,2026-05-28,CO02,W-11,60
S-009814,C-0219,2026-05-28,TR01,W-04,15
S-009815,C-0220,2026-05-28,IN01,W-02,15
S-009816,C-0222,2026-05-28,CH02,W-06,45
S-009817,C-0223,2026-05-28,PH01,W-06,5
S-009818,C-0229,2026-05-28,CN01,W-02,20
S-009819,C-0248,2026-05-28,RF01,W-04,30
S-009820,C-0256,2026-05-28,CN01,W-03,20
S-009821,C-0265,2026-05-28,HV01,W-03,60
S-009822,C-0273,2026-05-28,CO01,W-11,90
S-009823,C-0287,2026-05-28,CO01,W-11,90
S-009824,C-0288,2026-05-28,CN01,W-10,30
S-009825,C-0289,2026-05-28,CN01,W-10,20
S-009826,C-0295,2026-05-28,CO01,W-11,60
S-009827,C-0297,2026-05-28,CN01 ,W-03,30
S-009828,C-0299,2026-05-28,CN01,W-08,20
S-009829,C-0021,2026-05-29,CH02,W-03,120
S-009830,C-0028,2026-05-29,CN01,W-06,10
S-009831,C-0034,2026-05-29,PH01,W-03,20
S-009832,C-0041,2026-05-29,CO02,W-11,90
S-009833,C-0042,2026-05-29,CH02,W-01,90
S-009834,C-0070,2026-05-29,CN01,W-01,30
S-009835,C-0070,2026-05-29,TR01,W-01,15
S-009836,C-0086,2026-05-29,PH01,W-10,15
S-009837,C-0097,2026-05-29,CN01,W-09,10
S-009838,C-0110,2026-05-29,CN01,W-02,10
S-009839,C-0114,2026-05-29,FA01,W-08,30
S-009840,C-0124,2026-05-29,RF01,W-03,15
S-009841,C-0128,2026-05-29,CN01,W-09,30
S-009842,C-0128,2026-05-29,CO02,W-12,90
S-009843,C-0134,2026-05-29,CH02,W-06,90
S-009844,C-0147,2026-05-29,CO01,W-11,60
S-009845,C-0159,2026-05-29,RF01,W-07,15
S-009846,C-0163,2026-05-29,HV01,W-02,120
S-009847,C-0174,2026-05-29,ID01,W-02,45
S-009848,C-0186,2026-05-29,CO01,W-12,90
S-009849,C-0200,2026-05-29,CO02,W-12,50
S-009850,C-0200,2026-05-29,PH01,W-04,5
S-009851,C-0201,2026-05-29,FA02,W-13,15
S-009852,C-0220,2026-05-29,CN01,W-02,30
S-009853,C-0220,2026-05-29,CN01,W-02,10
S-009854,C-0245,2026-05-29,CO01,W-12,90
S-009855,C-0255,2026-05-29,CN01,W-03,15
S-009856,C-0259,2026-05-29,CN01,W-10,20
S-009857,C-0273,2026-05-29,CO02,W-12,90
S-009858,C-0285,2026-05-29,CN01,W-08,15
S-009859,C-0285,2026-05-29,FA01,W-08,20
S-009860,C-0295,2026-05-29,FA03,W-14,45
S-009861,C-0002,2026-05-30,CH02,W-03,60
S-009862,C-0008,2026-05-30,CN01,W-09,15
S-009863,C-0018,2026-05-30,PH01,W-05,10
S-009864,C-0026,2026-05-30,CO01,W-12,60
S-009865,C-0026,2026-05-30,PH01,W-10,5
S-009866,C-0034,2026-05-30,CH02,W-03,120
S-009867,C-0043,2026-05-30,HV01,W-03,120
S-009868,C-0057,2026-05-30,FA02,W-13,15
S-009869,C-0058,2026-05-30,FA02,W-13,15
S-009870,C-0063,2026-05-30,HV01,W-05,90
S-009871,C-0069,2026-05-30,CN01,W-09,20
S-009872,C-0086,2026-05-30,CN01,W-10,15
S-009873,C-0095,2026-05-30,CH02,W-02,120
S-009874,C-0114,2026-05-30,PH01,W-08,10
S-009875,C-0119,2026-05-30,IN01,W-03,15
S-009876,C-0126,2026-05-30,FA03,W-13,15
S-009877,C-0129,2026-05-30,FA01,W-04,30
S-009878,C-0133,2026-05-30,CN01,W-09,10
S-009879,C-0189,2026-05-30,CO01,W-12,60
S-009880,C-0193,2026-05-30,PH01,W-01,20
S-009881,C-0204,2026-05-30,CH02,W-04,120
S-009882,C-0204,2026-05-30,CO01,W-11,90
S-009883,C-0222,2026-05-30,ID01,W-05,45
S-009884,C-0223,2026-05-30,CN01,W-06,15
S-009885,C-0234,2026-05-30,ID01,W-07,15
S-009886,C-0256,2026-05-30,CO01,W-12,50
S-009887,C-0256,2026-05-30,PH01,W-03,15
S-009888,C-0265,2026-05-30,CN01 ,W-10,20
S-009889,C-0271,2026-05-30,IN01,W-02,30
S-009890,C-0277,2026-05-30,TR01,W-01,30
S-009891,C-0285,2026-05-30,TR02,W-08,30
S-009892,C-0298,2026-05-30,ID01,W-07,30
S-009893,C-0299,2026-05-30,CN01,W-08,15
S-009894,C-0300,2026-05-30,ID01,W-05,30
S-009895,C-0300,2026-05-30,PH01,W-05,10
S-009896,C-0034,2026-05-31,CH02,W-05,45
S-009897,C-0044,2026-05-31,CN01,W-03,30
S-009897,C-0044,2026-05-31,CN01,W-03,30
S-009898,C-0060,2026-05-31,IN01,W-07,45
S-009899,C-0063,2026-05-31,PH01,W-06,15
S-009900,C-0065,2026-05-31,tr02,W-02,15
S-009901,C-0087,2026-05-31,CH02,W-06,90
S-009902,C-0095,2026-05-31,PH01 ,W-06,15
S-009903,C-0114,2026-05-31,CN01,W-08,15
S-009904,C-0114,2026-05-31,HV01,W-02,60
S-009905,C-0115,2026-05-31,HV01,W-01,120
S-009906,C-0123,2026-05-31,CN01,W-09,30
S-009907,C-0123,2026-05-31,CN01,W-09,20
S-009908,C-0126,2026-05-31,FA01,W-02,30
S-009909,C-0126,2026-05-31,HV01,W-06,90
S-009910,C-0129,2026-05-31,CN01,W-04,30
S-009911,C-0130,2026-05-31,CN01,W-04,15
S-009912,C-0131,2026-05-31,CO01 ,W-11,90
S-009913,C-0148,2026-05-31,CN01,W-06,10
S-009914,C-0148,2026-05-31,PH01,W-06,20
S-009915,C-0166,2026-05-31,TR02,W-01,20
S-009916,C-0172,2026-05-31,HV01,W-04,120
S-009917,C-0172,2026-05-31,PH01,W-06,15
S-009918,C-0188,2026-05-31,CN01,W-07,10
S-009919,C-0191,2026-05-31,RF01,W-05,30
S-009920,C-0194,2026-05-31,PH01,W-02,15
S-009921,C-0196,2026-05-31,RF01,W-05,20
S-009922,C-0217,2026-05-31,TR01,W-01,15
S-009923,C-0238,2026-05-31,CH02,W-03,45
S-009924,C-0257,2026-05-31,TR01,W-05,45
S-009925,C-0278,2026-05-31,CN01 ,W-02,20
S-009926,C-0279,2026-05-31,PH01,W-03,5
S-009927,C-0294,2026-05-31,RF01,W-03,15
S-009928,C-0298,2026-05-31,TR02,W-07,15
S-009929,C-0012,2026-06-01,FA01,W-02,20
S-009930,C-0017,2026-06-01,FA02,W-14,20
S-009931,C-0024,2026-06-01,CO02,W-12,50
S-009932,C-0037,2026-06-01,CN01,W-02,30
S-009933,C-0042,2026-06-01,CO01,W-11,50
S-009934,C-0046,2026-06-01,RF01,W-06,15
S-009935,C-0046,2026-06-01,RF01,W-06,30
S-009936,C-0048,2026-06-01,PH01,W-02,5
S-009937,C-0092,2026-06-01,CO01,W-11,50
S-009938,C-0095,2026-06-01,PH01,W-06,10
S-009939,C-0106,2026-06-01,CH02,W-03,120
S-009940,C-0110,2026-06-01,PH01,W-02,5
S-009941,C-0119,2026-06-01,CN01,W-03,10
S-009942,C-0120,2026-06-01,FA01,W-10,20
S-009943,C-0130,2026-06-01,PH01,W-04,20
S-009944,C-0142,2026-06-01,FA02,W-14,30
S-009945,C-0144,2026-06-01,FA02,W-14,45
S-009946,C-0147,2026-06-01,CN01,W-02,20
S-009947,C-0156,2026-06-01,CH02,W-04,60
S-009948,C-0156,2026-06-01,CN01,W-05,30
S-009949,C-0161,2026-06-01,IN01,W-08,15
S-009950,C-0181,2026-06-01,CO01,W-12,50
S-009951,C-0188,2026-06-01,IN01,W-07,30
S-009952,C-0217,2026-06-01,TR01,W-01,20
S-009953,C-0261,2026-06-01,IN01,W-06,15
S-009954,C-0273,2026-06-01,RF01,W-01,30
S-009955,C-0279,2026-06-01,CH02,W-04,60
S-009956,C-0285,2026-06-01,TR02,W-08,20
S-009957,C-0287,2026-06-01,PH01,W-06,5
S-009958,C-0034,2026-06-02,HV01,W-02,90
S-009959,C-0035,2026-06-02,HV01,W-04,60
S-009960,C-0043,2026-06-02,FA01,W-02,20
S-009961,C-0048,2026-06-02,CN01,W-02,30
S-009962,C-0069,2026-06-02,CO01,W-11,90
S-009963,C-0071,2026-06-02,IN01,W-09,20
S-009964,C-0089,2026-06-02,CN01,W-06,15
S-009965,C-0120,2026-06-02,ph01,W-10,5
S-009966,C-0123,2026-06-02,PH01,W-09,15
S-009967,C-0123,2026-06-02,TR01,W-09,30
S-009968,C-0130,2026-06-02,CH02,W-06,60
S-009969,C-0130,2026-06-02,CN01,W-04,20
S-009970,C-0130,2026-06-02,ID01,W-04,30
S-009971,C-0134,2026-06-02,ID01,W-07,15
S-009972,C-0148,2026-06-02,HV01,W-06,120
S-009973,C-0148,2026-06-02,CN01,W-06,20
S-009974,C-0152,2026-06-02,PH01,W-08,5
S-009975,C-0152,2026-06-02,CH02,W-04,45
S-009976,C-0156,2026-06-02,PH01,W-05,20
S-009977,C-0196,2026-06-02,FA03,W-13,30
S-009978,C-0205,2026-06-02,TR02,W-04,30
S-009979,C-0217,2026-06-02,CN01,W-01,10
S-009980,C-0220,2026-06-02,CN01 ,W-02,15
S-009981,C-0236,2026-06-02,RF01,W-01,30
S-009982,C-0246,2026-06-02,RF01,W-10,20
S-009983,C-0255,2026-06-02,RF01,W-03,10
S-009984,C-0278,2026-06-02,IN01,W-02,15
S-009985,C-0285,2026-06-02,HV01,W-05,60
S-009986,C-0285,2026-06-02,CN01,W-08,15
S-009987,C-0297,2026-06-02,CO01,W-12,90
S-009988,C-0297,2026-06-02,CO02,W-12,60
S-009989,C-0007,2026-06-03,,W-05,60
S-009990,C-0011,2026-06-03,HV01,W-04,120
S-009991,C-0012,2026-06-03,HV01,W-01,120
S-009992,C-0016,2026-06-03,CN01,W-09,20
S-009993,C-0035,2026-06-03,CN01,W-03,10
S-009994,C-0037,2026-06-03,CO02,W-11,50
S-009995,C-0040,2026-06-03,FA01,W-02,15
S-009996,C-0041,2026-06-03,CN01,W-05,10
S-009997,C-0042,2026-06-03,CO01,W-11,60
S-009998,C-0063,2026-06-03,PH01,W-06,20
S-009999,C-0064,2026-06-03,CN01,W-03,20
S-010000,C-0066,2026-06-03,RF01,W-05,20
S-010001,C-0086,2026-06-03,FA03,W-14,20
S-010002,C-0095,2026-06-03,CH02,W-02,90
S-010003,C-0096,2026-06-03,FA02,W-13,15
S-010004,C-0103,2026-06-03,PH01,W-06,10
S-010005,C-0110,2026-06-03,PH01,W-02,20
S-010006,C-0128,2026-06-03,FA01,W-09,20
S-010007,C-0141,2026-06-03,PH01,W-09,10
S-010008,C-0161,2026-06-03,CN01,W-08,15
S-010009,C-0164,2026-06-03,CH02,W-06,45
S-010010,C-0172,2026-06-03,CN01,W-06,20
S-010011,C-0191,2026-06-03,CO02,W-11,50
S-010012,C-0193,2026-06-03,CO02,W-11,50
S-010013,C-0204,2026-06-03,FA02,W-13,30
S-010014,C-0212,2026-06-03,TR01,W-04,45
S-010015,C-0236,2026-06-03,TR02,W-01,30
S-010016,C-0245,2026-06-03,RF01,W-03,30
S-010017,C-0265,2026-06-03,CH02,W-05,45
S-010018,C-0271,2026-06-03,HV01,W-01,60
S-010019,C-0295,2026-06-03,PH01,W-04,10
S-010020,C-0297,2026-06-03,CN01,W-03,30
S-010021,C-0002,2026-06-04,FA01,W-08,20
S-010022,C-0026,2026-06-04,IN01,W-10,15
S-010023,C-0026,2026-06-04,FA03 ,W-13,45
S-010024,C-0034,2026-06-04,FA01,W-03,20
S-010025,C-0046,2026-06-04,RF01,W-06,30
S-010026,C-0058,2026-06-04,CN01,W-09,20
S-010027,C-0063,2026-06-04,FA03,W-14,15
S-010028,C-0096,2026-06-04,PH01,W-07,20
S-010029,C-0104,2026-06-04,IN01,W-10,45
S-010030,C-0110,2026-06-04,RF01,W-02,15
S-010031,C-0114,2026-06-04,CO02,W-12,60
S-010032,C-0115,2026-06-04,HV01,W-01,90
S-010033,C-0119,2026-06-04,PH01,W-03,15
S-010034,C-0130,2026-06-04,CO02,W-12,50
S-010035,C-0138,2026-06-04,PH01,W-04,10
S-010036,C-0142,2026-06-04,HV01,W-02,45
S-010037,C-0148,2026-06-04,FA02,W-13,15
S-010038,C-0166,2026-06-04,PH01,W-01,20
S-010039,C-0168,2026-06-04,PH01,W-04,20
S-010040,C-0174,2026-06-04,HV01,W-05,90
S-010041,C-0179,2026-06-04,CH02,W-01,90
S-010042,C-0183,2026-06-04,PH01,W-05,5
S-010043,C-0193,2026-06-04,CO01,W-11,60
S-010043,C-0193,2026-06-04,CO01,W-11,60
S-010044,C-0196,2026-06-04,FA01,W-05,30
S-010045,C-0205,2026-06-04,CH02,W-01,120
S-010046,C-0217,2026-06-04,CO01,W-11,50
S-010047,C-0223,2026-06-04,CO01,W-11,50
S-010048,C-0236,2026-06-04, cn01  ,W-01,15
S-010049,C-0236,2026-06-04,IN01,W-01,30
S-010050,C-0246,2026-06-04,CO01,W-11,50
S-010051,C-0256,2026-06-04,PH01,W-03,5
S-010052,C-0265,2026-06-04,CO01,W-11,50
S-010053,C-0271,2026-06-04,IN01,W-02,15
S-010054,C-0297,2026-06-04,PH01,W-03,20
S-010055,C-0004,2026-06-05,ID01,W-07,20
S-010056,C-0028,2026-06-05,CN01,W-06,10
S-010057,C-0042,2026-06-05,CN01 ,W-07,30
S-010058,C-0050,2026-06-05,CN01,W-06,10
S-010059,C-0055,2026-06-05,CN01,W-09,15
S-010060,C-0063,2026-06-05,HV01,W-01,60
S-010061,C-0074,2026-06-05,RF01,W-02,15
S-010062,C-0097,2026-06-05,FA03,W-13,20
S-010063,C-0097,2026-06-05,CN01,W-09,10
S-010064,C-0110,2026-06-05,PH01,W-02,5
S-010065,C-0115,2026-06-05,ID01,W-04,15
S-010066,C-0115,2026-06-05,CN01,W-04,10
S-010067,C-0124,2026-06-05,FA01,W-03,20
S-010068,C-0138,2026-06-05,CH02,W-02,60
S-010069,C-0144,2026-06-05,PH01,W-05,5
S-010070,C-0146,2026-06-05,HV01,W-03,60
S-010071,C-0160,2026-06-05,RF01,W-05,30
S-010072,C-0169,2026-06-05,CN01,W-07,15
S-010073,C-0174,2026-06-05,PH01,W-02,10
S-010074,C-0193,2026-06-05,CN01,W-01,30
S-010075,C-0197,2026-06-05,CH02 ,W-06,45
S-010076,C-0200,2026-06-05,TR02,W-04,45
S-010077,C-0204,2026-06-05,FA02,W-14,45
S-010078,C-0207,2026-06-05,RF01,W-10,15
S-010079,C-0214,2026-06-05,TR02,W-09,15
S-010080,C-0224,2026-06-05,CH02,W-06,90
S-010081,C-0228,2026-06-05,HV01,W-05,120
S-010082,C-0244,2026-06-05,CN01,W-06,10
S-010083,C-0273,2026-06-05,CO01,W-12,60
S-010084,C-0287,2026-06-05,CO01,W-11,50
S-010085,C-0289,2026-06-05,hv01,W-02,120
S-010086,C-0295,2026-06-05,TR02,W-04,45
S-010087,C-0297,2026-06-05,CO02,W-11,50
S-010088,C-0297,2026-06-05,PH01,W-03,20
S-010089,C-0008,2026-06-06,PH01,W-09,15
S-010090,C-0016,2026-06-06,TR01,W-09,30
S-010091,C-0026,2026-06-06,TR01,W-10,30
S-010092,C-0034,2026-06-06,IN01,W-03,15
S-010093,C-0037,2026-06-06,CN01,W-02,30
S-010094,C-0040,2026-06-06,PH01,W-02,15
S-010095,C-0057,2026-06-06,PH01,W-02,15
S-010096,C-0058,2026-06-06,PH01,W-09,20
S-010097,C-0065,2026-06-06,HV01,W-04,60
S-010098,C-0071,2026-06-06,ID01,W-09,15
S-010098,C-0071,2026-06-06,ID01,W-09,15
S-010099,C-0086,2026-06-06,FA01,W-10,15
S-010100,C-0097,2026-06-06,CN01,W-09,15
S-010101,C-0104,2026-06-06,CN01,W-10,10
S-010102,C-0120,2026-06-06,TR02,W-10,20
S-010103,C-0124,2026-06-06,CN01,W-03,20
S-010104,C-0129,2026-06-06,ID01,W-04,30
S-010105,C-0131,2026-06-06,PH01,W-09,5
S-010106,C-0133,2026-06-06,IN01,W-09,15
S-010107,C-0141,2026-06-06,FA02,W-13,15
S-010108,C-0161,2026-06-06,HV01,W-05,90
S-010109,C-0171,2026-06-06,PH01,W-07,10
S-010110,C-0171,2026-06-06,CN01,W-07,20
S-010111,C-0179,2026-06-06,CO01,W-11,60
S-010112,C-0180,2026-06-06,FA01,W-02,15
S-010113,C-0181,2026-06-06,TR02,W-10,30
S-010114,C-0182,2026-06-06,HV01,W-01,120
S-010115,C-0187,2026-06-06,FA01,W-06,30
S-010116,C-0193,2026-06-06,RF01,W-01,30
S-010117,C-0227,2026-06-06,CO02,W-11,90
S-010118,C-0245,2026-06-06,CH02,W-04,90
S-010119,C-0245,2026-06-06,IN01,W-03,20
S-010120,C-0256,2026-06-06,CO01,W-12,50
S-010121,C-0261,2026-06-06,hv01,W-01,45
S-010122,C-0279,2026-06-06,TR01,W-03,45
S-010123,C-0284,2026-06-06,CN01,W-08,15
S-010124,C-0297,2026-06-06,CO01,W-11,90
S-010125,C-0007,2026-06-07,ID01,W-06,30
S-010126,C-0010,2026-06-07,TR02,W-01,45
S-010127,C-0012,2026-06-07,cn01,W-02,30
S-010128,C-0018,2026-06-07,CN01,W-05,15
S-010129,C-0018,2026-06-07,CN01,W-05,20
S-010130,C-0026,2026-06-07,CH02,W-05,45
S-010131,C-0034,2026-06-07,CN01,W-03,15
S-010132,C-0041,2026-06-07,FA01,W-05,30
S-010133,C-0041,2026-06-07,CN01,W-05,20
S-010134,C-0042,2026-06-07,HV01,W-02,90
S-010135,C-0056,2026-06-07,CO01,W-12,90
S-010136,C-0062,2026-06-07,CN01,W-10,15
S-010137,C-0065,2026-06-07,TR02,W-02,20
S-010138,C-0065,2026-06-07,CN01,W-02,20
S-010139,C-0065,2026-06-07,ID01,W-02,30
S-010140,C-0095,2026-06-07,TR02,W-06,30
S-010141,C-0098,2026-06-07,TR01,W-09,45
S-010142,C-0103,2026-06-07,CO02,W-12,90
S-010143,C-0111,2026-06-07,TR02,W-01,20
S-010144,C-0120,2026-06-07,CH02,W-05,120
S-010145,C-0126,2026-06-07,CN01,W-02,30
S-010146,C-0133,2026-06-07,ID01,W-09,45
S-010147,C-0138,2026-06-07,FA03,W-13,30
S-010148,C-0141,2026-06-07,CO02,W-12,60
S-010149,C-0142,2026-06-07,PH01,W-02,5
S-010150,C-0148,2026-06-07,TR01,W-06,30
S-010151,C-0169,2026-06-07,CN01,W-07,10
S-010152,C-0173,2026-06-07,CN01,W-04,20
S-010153,C-0173,2026-06-07,CH02,W-05,90
S-010154,C-0186,2026-06-07,CO01,W-12,60
S-010155,C-0194,2026-06-07,CN01,W-02,15
S-010156,C-0196,2026-06-07,ID01,W-05,30
S-010157,C-0196,2026-06-07,CH02,W-03,60
S-010158,C-0201,2026-06-07,FA03,W-14,30
S-010159,C-0207,2026-06-07,IN01,W-10,20
S-010160,C-0216,2026-06-07,CH02,W-05,90
S-010161,C-0219,2026-06-07,TR01,W-04,20
S-010162,C-0220,2026-06-07,TR01,W-02,15
S-010163,C-0224,2026-06-07,IN01,W-08,30
S-010164,C-0224,2026-06-07,FA01,W-08,15
S-010165,C-0255,2026-06-07,CO01,W-11,90
S-010166,C-0259,2026-06-07,ID01,W-10,30
S-010167,C-0265,2026-06-07,CN01,W-10,30
S-010168,C-0270,2026-06-07,FA02,W-14,20
S-010169,C-0278,2026-06-07,ID01,W-02,20
S-010170,C-0285,2026-06-07,PH01,W-08,10
S-010171,C-0287,2026-06-07,TR02,W-06,20
S-010172,C-0010,2026-06-08,CH02,W-03,45
S-010173,C-0024,2026-06-08,CN01,W-08,30
S-010174,C-0026,2026-06-08,FA01,W-10,30
S-010175,C-0035,2026-06-08,CO01,W-12,60
S-010176,C-0039,2026-06-08,PH01,W-06,5
S-010177,C-0044,2026-06-08,CH02,W-02,45
S-010178,C-0057,2026-06-08,FA01,W-02,15
S-010179,C-0060,2026-06-08,CH02,W-06,45
S-010180,C-0064,2026-06-08,ID01,W-03,45
S-010181,C-0069,2026-06-08,CN01,W-09,20
S-010182,C-0070,2026-06-08,CN01,W-01,30
S-010183,C-0074,2026-06-08,CN01,W-02,15
S-010184,C-0082,2026-06-08,HV01,W-03,60
S-010185,C-0103,2026-06-08,HV01,W-03,90
S-010186,C-0111,2026-06-08,CN01,W-01,20
S-010187,C-0129,2026-06-08,CN01,W-04,20
S-010188,C-0133,2026-06-08,IN01,W-09,45
S-010189,C-0148,2026-06-08,RF01,W-06,30
S-010190,C-0152,2026-06-08,RF01,W-08,30
S-010191,C-0159,2026-06-08,PH01,W-07,20
S-010192,C-0160,2026-06-08,RF01,W-05,30
S-010193,C-0167,2026-06-08,CH02 ,W-03,90
S-010194,C-0168,2026-06-08,CO02,W-12,60
S-010195,C-0173,2026-06-08,ID01,W-04,20
S-010196,C-0182,2026-06-08,CO01,W-11,60
S-010197,C-0186,2026-06-08,CO02,W-12,50
S-010198,C-0188,2026-06-08,HV01,W-05,60
S-010199,C-0193,2026-06-08,RF01,W-01,30
S-010200,C-0195,2026-06-08,CN01,W-07,20
S-010201,C-0196,2026-06-08,PH01,W-05,5
S-010202,C-0196,2026-06-08,PH01,W-05,20
S-010203,C-0207,2026-06-08,CH02,W-02,120
S-010204,C-0219,2026-06-08,PH01,W-04,15
S-010205,C-0220,2026-06-08,CO01,W-12,90
S-010206,C-0248,2026-06-08,CH02,W-04,60
S-010207,C-0249,2026-06-08,hv01,W-05,45
S-010208,C-0256,2026-06-08,ph01,W-03,15
S-010209,C-0259,2026-06-08,CN01,W-10,15
S-010210,C-0261,2026-06-08,CH02,W-02,120
S-010211,C-0265,2026-06-08,TR02,W-10,30
S-010212,C-0265,2026-06-08,CO01,W-12,60
S-010213,C-0289,2026-06-08,FA01,W-10,20
S-010214,C-0295,2026-06-08,FA02 ,W-14,30
S-010215,C-0296,2026-06-08,CN01,W-10,10
S-010216,C-0013,2026-06-09,CO02,W-11,50
S-010217,C-0016,2026-06-09,FA03,W-14,15
S-010218,C-0042,2026-06-09,HV01,W-04,90
S-010219,C-0055,2026-06-09,IN01,W-09,15
S-010220,C-0055,2026-06-09,CO02,W-12,90
S-010221,C-0060,2026-06-09, rf01  ,W-07,15
S-010222,C-0065,2026-06-09,PH01,W-02,20
S-010223,C-0088,2026-06-09,hv01,W-02,60
S-010224,C-0092,2026-06-09,PH01,W-05,5
S-010225,C-0097,2026-06-09,PH01,W-09,20
S-010226,C-0103,2026-06-09,CN01,W-06,15
S-010227,C-0115,2026-06-09,CN01,W-04,15
S-010228,C-0115,2026-06-09,IN01,W-04,45
S-010229,C-0119,2026-06-09,FA02,W-13,15
S-010230,C-0126,2026-06-09,FA02,W-13,20
S-010231,C-0152,2026-06-09,FA01,W-08,30
S-010232,C-0164,2026-06-09,RF01,W-09,30
S-010233,C-0167,2026-06-09,CO01,W-12,60
S-010234,C-0173,2026-06-09,TR02,W-04,20
S-010235,C-0207,2026-06-09,FA03 ,W-13,30
S-010236,C-0212,2026-06-09,RF01,W-04,10
S-010237,C-0216,2026-06-09,PH01,W-09,5
S-010238,C-0224,2026-06-09,CH02,W-02,90
S-010239,C-0234,2026-06-09,PH01,W-07,15
S-010240,C-0234,2026-06-09,CN01,W-07,20
S-010241,C-0245,2026-06-09,PH01 ,W-03,15
S-010242,C-0277,2026-06-09,IN01 ,W-01,30
S-010243,C-0279,2026-06-09,FA02,W-13,15
S-010244,C-0299,2026-06-09,ID01,W-08,45
S-010245,C-0299,2026-06-09,HV01,W-04,60
S-010246,C-0300,2026-06-09,PH01,W-05,15
S-010247,C-0012,2026-06-10,TR01,W-02,30
S-010248,C-0026,2026-06-10,CN01,W-10,20
S-010249,C-0034,2026-06-10,PH01,W-03,5
S-010250,C-0034,2026-06-10,FA03,W-13,15
S-010251,C-0042,2026-06-10,FA02,W-14,45
S-010252,C-0046,2026-06-10,,W-06,15
S-010253,C-0058,2026-06-10,TR01,W-09,20
S-010254,C-0071,2026-06-10,IN01,W-09,15
S-010255,C-0092,2026-06-10,PH01,W-05,15
S-010256,C-0097,2026-06-10,HV01,W-04,90
S-010257,C-0097,2026-06-10,tr02,W-09,15
S-010258,C-0106,2026-06-10,CN01,W-03,15
S-010259,C-0110,2026-06-10,PH01,W-02,5
S-010260,C-0119,2026-06-10,CN01,W-03,30
S-010261,C-0121,2026-06-10,CN01,W-05,20
S-010262,C-0131,2026-06-10,CO01,W-11,90
S-010263,C-0160,2026-06-10,CN01,W-05,15
S-010264,C-0173,2026-06-10,PH01,W-04,10
S-010265,C-0173,2026-06-10,PH01,W-04,15
S-010266,C-0174,2026-06-10,IN01,W-02,30
S-010267,C-0196,2026-06-10,FA02,W-13,20
S-010268,C-0207,2026-06-10,HV01,W-03,90
S-010269,C-0208,2026-06-10,HV01,W-02,120
S-010270,C-0229,2026-06-10,CH02,W-05,60
S-010271,C-0234,2026-06-10,CH02,W-04,45
S-010272,C-0244,2026-06-10,ID01,W-06,45
S-010273,C-0244,2026-06-10,CO01,W-12,60
S-010274,C-0255,2026-06-10,HV01,W-04,60
S-010275,C-0284,2026-06-10,FA03,W-13,30
S-010276,C-0285,2026-06-10,HV01,W-02,45
S-010277,C-0292,2026-06-10,IN01,W-07,30
S-010278,C-0297,2026-06-10,CN01,W-03,30
S-010279,C-0011,2026-06-11,TR01,W-02,15
S-010280,C-0016,2026-06-11,HV01,W-02,60
S-010281,C-0024,2026-06-11,HV01,W-03,120
S-010282,C-0034,2026-06-11,HV01,W-05,90
S-010283,C-0041,2026-06-11,HV01,W-06,120
S-010284,C-0048,2026-06-11,PH01,W-02,10
S-010285,C-0060,2026-06-11,HV01,W-03,45
S-010286,C-0120,2026-06-11,CH02 ,W-06,45
S-010287,C-0129,2026-06-11,ID01,W-04,15
S-010288,C-0130,2026-06-11,ID01,W-04,20
S-010289,C-0146,2026-06-11,ID01,W-08,30
S-010290,C-0148,2026-06-11,PH01,W-06,15
S-010291,C-0161,2026-06-11,IN01,W-08,15
S-010292,C-0161,2026-06-11,IN01,W-08,20
S-010293,C-0178,2026-06-11,CN01,W-06,10
S-010294,C-0189,2026-06-11,CO02,W-11,60
S-010295,C-0189,2026-06-11,CN01,W-01,15
S-010296,C-0193,2026-06-11,fa03,W-13,45
S-010297,C-0207,2026-06-11,FA01,W-10,30
S-010298,C-0220,2026-06-11,CO01,W-11,90
S-010299,C-0238,2026-06-11,PH01,W-03,10
S-010300,C-0245,2026-06-11,PH01,W-03,10
S-010301,C-0256,2026-06-11,FA01,W-03,15
S-010302,C-0261,2026-06-11,HV01,W-01,45
S-010303,C-0265,2026-06-11,CH02,W-04,45
S-010304,C-0271,2026-06-11,ID01,W-02,20
S-010305,C-0271,2026-06-11,RF01,W-02,10
S-010306,C-0271,2026-06-11,CH02,W-02,120
S-010307,C-0273,2026-06-11,CO02,W-11,60
S-010308,C-0285,2026-06-11,FA03,W-14,30
S-010309,C-0287,2026-06-11,CN01,W-06,30
S-010310,C-0295,2026-06-11,FA03,W-14,20
S-010311,C-0295,2026-06-11,TR01,W-04,30
S-010312,C-0296,2026-06-11,HV01,W-01,120
S-010313,C-0299,2026-06-11,CO02,W-11,50
S-010314,C-0015,2026-06-12,CN01,W-05,20
S-010315,C-0015,2026-06-12,ch02,W-02,120
S-010316,C-0026,2026-06-12,CO01,W-11,60
S-010317,C-0026,2026-06-12,CO02,W-12,60
S-010318,C-0026,2026-06-12,PH01,W-10,20
S-010319,C-0042,2026-06-12,CN01,W-07,30
S-010320,C-0046,2026-06-12,TR01,W-06,45
S-010321,C-0054,2026-06-12,CO02,W-11,90
S-010322,C-0063,2026-06-12,CO01,W-11,90
S-010323,C-0082,2026-06-12,FA01,W-09,45
S-010324,C-0087,2026-06-12,PH01,W-01,20
S-010325,C-0104,2026-06-12,HV01,W-04,120
S-010326,C-0129,2026-06-12,IN01,W-04,45
S-010327,C-0138,2026-06-12,HV01,W-05,90
S-010328,C-0141,2026-06-12,CH02,W-04,90
S-010329,C-0144,2026-06-12,FA01,W-05,20
S-010330,C-0161,2026-06-12,CH02,W-04,60
S-010331,C-0187,2026-06-12,CN01,W-06,30
S-010332,C-0207,2026-06-12,FA02,W-13,20
S-010333,C-0220,2026-06-12,CO01,W-12,90
S-010334,C-0224,2026-06-12,FA03,W-14,30
S-010335,C-0244,2026-06-12,PH01,W-06,20
S-010336,C-0246,2026-06-12,HV01,W-01,60
S-010337,C-0264,2026-06-12,PH01,W-08,20
S-010338,C-0014,2026-06-13,FA03,W-13,20
S-010339,C-0016,2026-06-13,FA03,W-14,45
S-010340,C-0018,2026-06-13,TR02,W-05,45
S-010341,C-0034,2026-06-13,PH01,W-03,20
S-010342,C-0034,2026-06-13,HV01,W-02,120
S-010343,C-0037,2026-06-13,FA01,W-02,15
S-010344,C-0042,2026-06-13,CH02,W-02,120
S-010345,C-0042,2026-06-13,PH01,W-07,5
S-010346,C-0043,2026-06-13,CN01,W-02,30
S-010347,C-0048,2026-06-13,CN01,W-02,15
S-010348,C-0055,2026-06-13,PH01,W-09,10
S-010349,C-0055,2026-06-13,CO02,W-11,90
S-010350,C-0061,2026-06-13,CO01,W-11,90
S-010351,C-0064,2026-06-13,IN01,W-03,30
S-010352,C-0070,2026-06-13,PH01,W-01,10
S-010353,C-0082,2026-06-13,FA01,W-09,20
S-010354,C-0095,2026-06-13,ID01,W-06,30
S-010355,C-0099,2026-06-13,CN01,W-02,30
S-010356,C-0115,2026-06-13,RF01,W-04,20
S-010357,C-0123,2026-06-13,CO01,W-11,60
S-010358,C-0126,2026-06-13,PH01,W-02,5
S-010359,C-0161,2026-06-13,PH01,W-08,5
S-010360,C-0183,2026-06-13,FA01,W-05,45
S-010361,C-0193,2026-06-13,CN01,W-01,15
S-010362,C-0195,2026-06-13,id01,W-07,45
S-010363,C-0200,2026-06-13,PH01,W-04,15
S-010364,C-0205,2026-06-13,PH01,W-04,10
S-010365,C-0208,2026-06-13,FA01 ,W-09,20
S-010366,C-0212,2026-06-13,PH01,W-04,10
S-010367,C-0216,2026-06-13,fa03,W-13,45
S-010368,C-0219,2026-06-13,FA01,W-04,45
S-010369,C-0222,2026-06-13,FA03,W-14,45
S-010370,C-0241,2026-06-13,CH02,W-02,45
S-010371,C-0241,2026-06-13,CH02,W-02,45
S-010372,C-0256,2026-06-13,PH01,W-03,20
S-010373,C-0265,2026-06-13,ph01,W-10,10
S-010374,C-0265,2026-06-13,CO01,W-12,60
S-010375,C-0285,2026-06-13,FA03,W-14,45
S-010376,C-0298,2026-06-13,FA03,W-13,45
S-010377,C-0010,2026-06-14,TR01,W-01,20
S-010378,C-0026,2026-06-14,CN01,W-10,15
S-010379,C-0044,2026-06-14,CO01,W-12,60
S-010380,C-0086,2026-06-14,ID01,W-10,30
S-010381,C-0086,2026-06-14,FA03 ,W-13,30
S-010382,C-0088,2026-06-14,HV01,W-02,45
S-010383,C-0096,2026-06-14,fa01,W-07,15
S-010384,C-0106,2026-06-14,CO01,W-12,50
S-010385,C-0115,2026-06-14,PH01,W-04,15
S-010386,C-0124,2026-06-14,RF01,W-03,20
S-010387,C-0133,2026-06-14,co02,W-12,90
S-010388,C-0147,2026-06-14,FA02,W-13,30
S-010389,C-0147,2026-06-14,CH02,W-06,45
S-010390,C-0147,2026-06-14,TR01 ,W-02,20
S-010391,C-0168,2026-06-14,CH02,W-05,60
S-010392,C-0171,2026-06-14,FA02,W-13,15
S-010393,C-0173,2026-06-14,CH02,W-03,60
S-010394,C-0182,2026-06-14,HV01,W-03,120
S-010395,C-0193,2026-06-14,TR02,W-01,20
S-010396,C-0214,2026-06-14,HV01,W-05,120
S-010397,C-0220,2026-06-14,CH02,W-06,120
S-010398,C-0223,2026-06-14,RF01,W-06,30
S-010399,C-0245,2026-06-14,IN01,W-03,15
S-010400,C-0246,2026-06-14,CN01,W-10,20
S-010401,C-0256,2026-06-14,CN01,W-03,30
S-010402,C-0265,2026-06-14,CO01,W-11,50
S-010403,C-0270,2026-06-14,HV01,W-02,45
S-010404,C-0285,2026-06-14,TR02,W-08,15
S-010405,C-0287,2026-06-14,TR02,W-06,45
S-010406,C-0028,2026-06-15,PH01,W-06,10
S-010407,C-0034,2026-06-15,CN01,W-03,10
S-010408,C-0037,2026-06-15,TR02,W-02,45
S-010409,C-0037,2026-06-15,ID01,W-02,15
S-010410,C-0042,2026-06-15,CO01,W-12,60
S-010411,C-0043,2026-06-15,rf01,W-02,10
S-010412,C-0047,2026-06-15,HV01,W-05,90
S-010413,C-0048,2026-06-15,HV01,W-02,120
S-010414,C-0055,2026-06-15,PH01,W-09,5
S-010415,C-0063,2026-06-15,hv01,W-03,60
S-010416,C-0074,2026-06-15,PH01,W-02,20
S-010417,C-0082,2026-06-15,PH01,W-09,20
S-010418,C-0082,2026-06-15,FA01,W-09,20
S-010419,C-0086,2026-06-15,FA03,W-13,15
S-010420,C-0106,2026-06-15,CN01,W-03,10
S-010421,C-0115,2026-06-15,RF01,W-04,20
S-010422,C-0127,2026-06-15,TR01,W-08,15
S-010423,C-0128,2026-06-15,IN01,W-09,30
S-010424,C-0131,2026-06-15,CN01,W-09,20
S-010425,C-0131,2026-06-15,RF01,W-09,15
S-010426,C-0134,2026-06-15,PH01,W-07,20
S-010427,C-0142,2026-06-15,CN01,W-02,15
S-010428,C-0157,2026-06-15,CO01,W-11,60
S-010429,C-0159,2026-06-15,FA03,W-14,30
S-010430,C-0160,2026-06-15,CN01,W-05,10
S-010431,C-0161,2026-06-15,RF01,W-08,15
S-010432,C-0166,2026-06-15,CN01,W-01,30
S-010433,C-0172,2026-06-15,CN01,W-06,20
S-010434,C-0182,2026-06-15,CN01,W-05,10
S-010435,C-0191,2026-06-15,PH01,W-05,15
S-010436,C-0194,2026-06-15,TR02,W-02,15
S-010437,C-0200,2026-06-15,CN01,W-04,30
S-010438,C-0212,2026-06-15,RF01 ,W-04,20
S-010439,C-0219,2026-06-15,IN01,W-04,30
S-010440,C-0245,2026-06-15,CN01,W-03,30
S-010441,C-0277,2026-06-15,PH01,W-01,15
S-010442,C-0279,2026-06-15,CH02,W-04,120
S-010443,C-0295,2026-06-15,FA02,W-14,15
S-010444,C-0296,2026-06-15,CO01,W-12,60
S-010445,C-0001,2026-06-16,FA02,W-14,30
S-010446,C-0012,2026-06-16,ID01,W-02,15
S-010447,C-0015,2026-06-16,CN01,W-05,30
S-010448,C-0016,2026-06-16,PH01,W-09,10
S-010449,C-0024,2026-06-16,TR02,W-08,45
S-010450,C-0026,2026-06-16,HV01,W-03,60
S-010451,C-0065,2026-06-16,CO02,W-11,50
S-010452,C-0069,2026-06-16,HV01,W-04,60
S-010453,C-0071,2026-06-16,CO01,W-11,60
S-010454,C-0091,2026-06-16,HV01,W-02,90
S-010455,C-0104,2026-06-16,TR02,W-10,30
S-010456,C-0111,2026-06-16,CH02,W-02,45
S-010457,C-0130,2026-06-16,HV01,W-06,90
S-010458,C-0131,2026-06-16,HV01,W-06,90
S-010459,C-0138,2026-06-16,RF01,W-04,20
S-010460,C-0141,2026-06-16,CH02,W-03,45
S-010461,C-0152,2026-06-16,FA03,W-13,15
S-010462,C-0161,2026-06-16,CN01,W-08,20
S-010463,C-0180,2026-06-16, co01  ,W-11,50
S-010464,C-0214,2026-06-16,FA01,W-09,45
S-010465,C-0216,2026-06-16,TR01 ,W-09,45
S-010466,C-0220,2026-06-16,RF01,W-02,15
S-010467,C-0223,2026-06-16,PH01,W-06,20
S-010468,C-0229,2026-06-16,CN01,W-02,20
S-010469,C-0255,2026-06-16,CO01,W-11,60
S-010470,C-0277,2026-06-16,FA03,W-13,20
S-010471,C-0277,2026-06-16,IN01,W-01,45
S-010472,C-0299,2026-06-16,FA01,W-08,20
S-010473,C-0299,2026-06-16,PH01,W-08,15
S-010474,C-0300,2026-06-16,PH01,W-05,10
S-010475,C-0002,2026-06-17,TR01,W-08,20
S-010476,C-0018,2026-06-17,PH01,W-05,10
S-010477,C-0021,2026-06-17,FA01,W-07,20
S-010478,C-0026,2026-06-17,HV01,W-06,60
S-010479,C-0026,2026-06-17,ID01,W-10,30
S-010480,C-0028,2026-06-17,,W-06,10
S-010481,C-0064,2026-06-17,CN01,W-03,20
S-010482,C-0071,2026-06-17,CN01,W-09,20
S-010483,C-0087,2026-06-17,HV01,W-04,45
S-010484,C-0111,2026-06-17,HV01,W-03,90
S-010485,C-0120,2026-06-17,PH01,W-10,10
S-010486,C-0127,2026-06-17,CN01,W-08,20
S-010487,C-0134,2026-06-17,IN01,W-07,20
S-010488,C-0138,2026-06-17,CN01,W-04,30
S-010489,C-0138,2026-06-17,RF01,W-04,20
S-010490,C-0156,2026-06-17,CN01,W-05,15
S-010491,C-0161,2026-06-17,HV01,W-05,120
S-010491,C-0161,2026-06-17,HV01,W-05,120
S-010492,C-0193,2026-06-17,TR01,W-01,20
S-010493,C-0194,2026-06-17, cn01  ,W-02,15
S-010494,C-0195,2026-06-17,FA01,W-07,15
S-010495,C-0212,2026-06-17,FA03,W-13,30
S-010496,C-0214,2026-06-17,ID01,W-09,20
S-010497,C-0214,2026-06-17,PH01,W-09,20
S-010498,C-0238,2026-06-17,RF01,W-03,15
S-010499,C-0248,2026-06-17,RF01,W-04,20
S-010500,C-0255,2026-06-17,TR02,W-03,30
S-010501,C-0264,2026-06-17,tr02,W-08,15
S-010502,C-0285,2026-06-17,FA02,W-14,45
S-010503,C-0287,2026-06-17,HV01,W-01,60
S-010504,C-0295,2026-06-17,CH02,W-01,120
S-010505,C-0007,2026-06-18,ID01,W-06,30
S-010506,C-0018,2026-06-18,PH01,W-05,20
S-010507,C-0026,2026-06-18,FA02,W-13,20
S-010508,C-0040,2026-06-18,TR01,W-02,15
S-010509,C-0046,2026-06-18,RF01,W-06,20
S-010510,C-0047,2026-06-18,TR02,W-07,30
S-010511,C-0055,2026-06-18,TR01 ,W-09,45
S-010512,C-0063,2026-06-18,PH01,W-06,10
S-010513,C-0065,2026-06-18,TR02,W-02,20
S-010514,C-0065,2026-06-18,PH01,W-02,20
S-010515,C-0066,2026-06-18,PH01,W-05,5
S-010516,C-0095,2026-06-18,FA01,W-06,30
S-010517,C-0103,2026-06-18,RF01,W-06,10
S-010518,C-0111,2026-06-18,PH01,W-01,10
S-010519,C-0114,2026-06-18,CH02,W-02,60
S-010520,C-0115,2026-06-18,CH02,W-03,90
S-010521,C-0120,2026-06-18,PH01,W-10,20
S-010522,C-0123,2026-06-18,FA03,W-13,15
S-010523,C-0130,2026-06-18,CO02,W-11,50
S-010524,C-0147,2026-06-18,IN01,W-02,15
S-010525,C-0148,2026-06-18,TR01,W-06,45
S-010526,C-0163,2026-06-18,CN01,W-01,10
S-010527,C-0186,2026-06-18,CN01,W-06,30
S-010528,C-0188,2026-06-18,PH01,W-07,10
S-010529,C-0200,2026-06-18,CO01,W-11,50
S-010530,C-0205,2026-06-18,CN01,W-04,15
S-010531,C-0223,2026-06-18,CO01,W-11,60
S-010532,C-0236,2026-06-18,PH01,W-01,20
S-010533,C-0236,2026-06-18,PH01,W-01,20
S-010534,C-0246,2026-06-18,CO01,W-11,90
S-010535,C-0255,2026-06-18,FA01,W-03,15
S-010536,C-0269,2026-06-18,RF01,W-06,20
S-010537,C-0284,2026-06-18,TR02,W-08,15
S-010538,C-0287,2026-06-18,CH02,W-04,45
S-010539,C-0016,2026-06-19,PH01,W-09,5
S-010540,C-0024,2026-06-19,HV01,W-02,45
S-010541,C-0034,2026-06-19,FA03,W-13,30
S-010542,C-0046,2026-06-19,FA01,W-06,30
S-010543,C-0058,2026-06-19,CH02,W-01,45
S-010544,C-0060,2026-06-19,CN01,W-07,15
S-010545,C-0086,2026-06-19,CH02,W-04,45
S-010546,C-0104,2026-06-19,TR02,W-10,15
S-010547,C-0104,2026-06-19,FA01,W-10,45
S-010548,C-0111,2026-06-19,TR02,W-01,20
S-010549,C-0124,2026-06-19,CN01,W-03,30
S-010550,C-0127,2026-06-19,PH01,W-08,20
S-010551,C-0128,2026-06-19,FA02,W-13,30
S-010552,C-0141,2026-06-19,TR02,W-09,15
S-010553,C-0144,2026-06-19,PH01,W-05,10
S-010554,C-0147,2026-06-19,HV01,W-02,60
S-010555,C-0163,2026-06-19,FA02,W-14,20
S-010556,C-0171,2026-06-19,CN01,W-07,20
S-010557,C-0171,2026-06-19,FA01,W-07,15
S-010558,C-0171,2026-06-19,FA01,W-07,45
S-010559,C-0186,2026-06-19,PH01,W-06,5
S-010560,C-0188,2026-06-19,IN01,W-07,45
S-010561,C-0193,2026-06-19,PH01,W-01,20
S-010562,C-0196,2026-06-19,CN01,W-05,10
S-010563,C-0222,2026-06-19,CN01,W-05,20
S-010564,C-0223,2026-06-19, ph01  ,W-06,5
S-010565,C-0223,2026-06-19,CO01,W-12,60
S-010566,C-0229,2026-06-19,CN01,W-02,30
S-010567,C-0234,2026-06-19, fa01  ,W-07,20
S-010568,C-0236,2026-06-19,IN01,W-01,45
S-010569,C-0241,2026-06-19,HV01,W-04,60
S-010570,C-0246,2026-06-19,PH01,W-10,10
S-010571,C-0248,2026-06-19,CO02,W-11,90
S-010572,C-0249,2026-06-19,FA03 ,W-13,20
S-010573,C-0257,2026-06-19,HV01,W-03,45
S-010574,C-0265,2026-06-19,PH01 ,W-10,10
S-010575,C-0273,2026-06-19,CO01,W-11,60
S-010576,C-0295,2026-06-19,TR02,W-04,15
S-010577,C-0006,2026-06-20,PH01,W-03,5
S-010578,C-0008,2026-06-20,RF01 ,W-09,30
S-010579,C-0012,2026-06-20,CN01,W-02,10
S-010580,C-0014,2026-06-20,CO02,W-12,50
S-010581,C-0015,2026-06-20,ID01,W-05,45
S-010582,C-0026,2026-06-20,CN01,W-10,20
S-010583,C-0034,2026-06-20,HV01,W-01,90
S-010584,C-0040,2026-06-20,TR01,W-02,45
S-010585,C-0049,2026-06-20,HV01,W-06,90
S-010586,C-0058,2026-06-20,RF01,W-09,15
S-010587,C-0058,2026-06-20,FA01,W-09,30
S-010588,C-0060,2026-06-20,FA01,W-07,45
S-010589,C-0063,2026-06-20,FA02,W-13,20
S-010590,C-0098,2026-06-20,CN01,W-09,15
S-010591,C-0110,2026-06-20,FA02,W-14,45
S-010592,C-0110,2026-06-20,CO02 ,W-12,60
S-010593,C-0110,2026-06-20,HV01,W-02,90
S-010594,C-0114,2026-06-20,RF01,W-08,20
S-010595,C-0126,2026-06-20,CH02,W-03,60
S-010596,C-0134,2026-06-20,FA03,W-14,45
S-010597,C-0134,2026-06-20,HV01,W-01,45
S-010598,C-0141,2026-06-20,FA03,W-14,30
S-010599,C-0141,2026-06-20,RF01,W-09,15
S-010600,C-0141,2026-06-20,CN01,W-09,30
S-010601,C-0152,2026-06-20,cn01,W-08,30
S-010602,C-0152,2026-06-20,CO01,W-12,60
S-010603,C-0156,2026-06-20,HV01,W-02,45
S-010604,C-0161,2026-06-20,CH02,W-03,60
S-010605,C-0164,2026-06-20,CN01,W-09,20
S-010605,C-0164,2026-06-20,CN01,W-09,20
S-010606,C-0169,2026-06-20,HV01,W-06,90
S-010607,C-0174,2026-06-20,RF01,W-02,20
S-010608,C-0181,2026-06-20,CO01,W-12,90
S-010609,C-0193,2026-06-20,CO02,W-11,90
S-010610,C-0197,2026-06-20,CO01,W-12,90
S-010611,C-0201,2026-06-20,ID01,W-05,15
S-010612,C-0201,2026-06-20,CH02,W-01,120
S-010613,C-0204,2026-06-20,CH02,W-03,45
S-010614,C-0205,2026-06-20,IN01,W-04,20
S-010615,C-0205,2026-06-20,CN01,W-04,15
S-010616,C-0207,2026-06-20,PH01,W-10,5
S-010617,C-0208,2026-06-20,PH01,W-09,15
S-010618,C-0212,2026-06-20,CH02,W-03,120
S-010619,C-0214,2026-06-20,CN01,W-09,15
S-010620,C-0217,2026-06-20,CH02,W-06,90
S-010621,C-0223,2026-06-20,HV01,W-01,60
S-010622,C-0229,2026-06-20,CH02,W-03,90
S-010623,C-0236,2026-06-20,CN01,W-01,30
S-010624,C-0241,2026-06-20,FA01,W-04,20
S-010625,C-0244,2026-06-20,CH02,W-02,120
S-010626,C-0248,2026-06-20,CN01,W-04,20
S-010627,C-0249,2026-06-20,cn01,W-02,30
S-010628,C-0269,2026-06-20,ph01,W-06,20
S-010629,C-0270,2026-06-20,HV01,W-06,120
S-010630,C-0279,2026-06-20,FA03,W-14,15
S-010631,C-0289,2026-06-20,PH01,W-10,10
S-010632,C-0295,2026-06-20,CN01,W-04,10
S-010633,C-0299,2026-06-20,CN01,W-08,10
S-010634,C-0009,2026-06-21,IN01,W-05,45
S-010635,C-0010,2026-06-21,ID01,W-01,20
S-010636,C-0012,2026-06-21,RF01,W-02,10
S-010637,C-0017,2026-06-21,HV01,W-06,120
S-010638,C-0035,2026-06-21,CO01,W-12,50
S-010638,C-0035,2026-06-21,CO01,W-12,50
S-010639,C-0037,2026-06-21,CN01,W-02,15
S-010640,C-0041,2026-06-21,TR02,W-05,45
S-010641,C-0041,2026-06-21,PH01,W-05,20
S-010642,C-0048,2026-06-21,RF01,W-02,30
S-010643,C-0049,2026-06-21,CN01,W-05,20
S-010644,C-0054,2026-06-21,TR02,W-07,20
S-010645,C-0055,2026-06-21,CN01,W-09,30
S-010646,C-0056,2026-06-21,TR02,W-01,15
S-010647,C-0087,2026-06-21,CO01,W-11,50
S-010648,C-0111,2026-06-21,CN01,W-01,20
S-010649,C-0111,2026-06-21,CN01,W-01,15
S-010650,C-0114,2026-06-21,CN01,W-08,30
S-010651,C-0120,2026-06-21,CN01,W-10,15
S-010652,C-0133,2026-06-21,IN01,W-09,30
S-010653,C-0134,2026-06-21,CN01 ,W-07,15
S-010654,C-0181,2026-06-21,IN01,W-10,30
S-010655,C-0189,2026-06-21,PH01,W-01,20
S-010656,C-0189,2026-06-21,TR01,W-01,45
S-010657,C-0193,2026-06-21,TR02,W-01,45
S-010658,C-0193,2026-06-21,CO02,W-12,60
S-010659,C-0196,2026-06-21,FA01,W-05,30
S-010660,C-0205,2026-06-21,CN01 ,W-04,10
S-010661,C-0217,2026-06-21,PH01 ,W-01,15
S-010662,C-0236,2026-06-21,PH01,W-01,5
S-010663,C-0236,2026-06-21,RF01,W-01,20
S-010664,C-0006,2026-06-22,TR02,W-03,45
S-010665,C-0015,2026-06-22,CH02,W-05,45
S-010666,C-0015,2026-06-22,rf01,W-05,30
S-010667,C-0021,2026-06-22,CN01,W-07,30
S-010668,C-0026,2026-06-22,CN01,W-10,10
S-010669,C-0035,2026-06-22,CO01,W-12,60
S-010670,C-0046,2026-06-22,PH01,W-06,15
S-010671,C-0047,2026-06-22,CO01,W-12,90
S-010672,C-0055,2026-06-22,CN01,W-09,10
S-010673,C-0063,2026-06-22,FA03,W-14,45
S-010674,C-0065,2026-06-22,TR01,W-02,15
S-010675,C-0071,2026-06-22,FA01,W-09,30
S-010676,C-0089,2026-06-22,TR01,W-06,15
S-010677,C-0099,2026-06-22,TR02,W-02,15
S-010678,C-0100,2026-06-22,PH01,W-09,10
S-010678,C-0100,2026-06-22,PH01,W-09,10
S-010679,C-0103,2026-06-22,CO01,W-11,90
S-010680,C-0103,2026-06-22,TR02,W-06,20
S-010681,C-0106,2026-06-22,CN01,W-03,20
S-010682,C-0115,2026-06-22,RF01,W-04,20
S-010683,C-0133,2026-06-22,CN01,W-09,20
S-010684,C-0133,2026-06-22,TR01,W-09,20
S-010685,C-0146,2026-06-22,CN01,W-08,15
S-010686,C-0169,2026-06-22,HV01,W-04,90
S-010687,C-0174,2026-06-22,CN01,W-02,30
S-010688,C-0189,2026-06-22,PH01 ,W-01,15
S-010689,C-0196,2026-06-22,HV01,W-06,60
S-010690,C-0214,2026-06-22,HV01,W-05,45
S-010691,C-0223,2026-06-22,RF01,W-06,10
S-010692,C-0255,2026-06-22,PH01,W-03,5
S-010693,C-0270,2026-06-22,CO01,W-12,90
S-010694,C-0004,2026-06-23,CN01,W-07,10
S-010695,C-0006,2026-06-23,HV01,W-03,120
S-010695,C-0006,2026-06-23,HV01,W-03,120
S-010696,C-0008,2026-06-23,CN01,W-09,30
S-010697,C-0009,2026-06-23,CN01,W-05,15
S-010698,C-0024,2026-06-23,CN01,W-08,10
S-010699,C-0026,2026-06-23,RF01,W-10,10
S-010700,C-0034,2026-06-23,ID01,W-03,20
S-010701,C-0037,2026-06-23,CO01,W-12,90
S-010702,C-0042,2026-06-23,CN01,W-07,15
S-010703,C-0049,2026-06-23,CH02 ,W-02,60
S-010704,C-0063,2026-06-23,PH01,W-06,15
S-010705,C-0071,2026-06-23,PH01,W-09,10
S-010706,C-0087,2026-06-23,FA01,W-01,20
S-010707,C-0097,2026-06-23,FA02,W-14,15
S-010708,C-0106,2026-06-23,CH02,W-03,120
S-010709,C-0106,2026-06-23,ph01,W-03,10
S-010710,C-0106,2026-06-23,CN01,W-03,15
S-010711,C-0110,2026-06-23,RF01,W-02,30
S-010712,C-0111,2026-06-23,CH02 ,W-01,90
S-010713,C-0114,2026-06-23,,W-08,5
S-010714,C-0115,2026-06-23,IN01,W-04,15
S-010715,C-0126,2026-06-23,FA02,W-14,20
S-010716,C-0133,2026-06-23,FA01,W-09,30
S-010717,C-0141,2026-06-23,CN01,W-09,15
S-010718,C-0173,2026-06-23,FA01,W-04,45
S-010719,C-0173,2026-06-23,PH01,W-04,10
S-010720,C-0174,2026-06-23,HV01,W-06,60
S-010721,C-0182,2026-06-23,HV01,W-04,45
S-010722,C-0189,2026-06-23,TR02,W-01,15
S-010723,C-0196,2026-06-23,CN01,W-05,20
S-010724,C-0204,2026-06-23,FA02,W-13,20
S-010725,C-0214,2026-06-23,CN01,W-09,10
S-010726,C-0216,2026-06-23,CH02,W-01,45
S-010727,C-0222,2026-06-23,CN01,W-05,30
S-010728,C-0234,2026-06-23,TR01,W-07,15
S-010729,C-0245,2026-06-23,HV01,W-02,45
S-010730,C-0255,2026-06-23,PH01,W-03,5
S-010731,C-0255,2026-06-23,cn01,W-03,15
S-010732,C-0256,2026-06-23, co02  ,W-12,60
S-010733,C-0259,2026-06-23,IN01,W-10,30
S-010734,C-0264,2026-06-23,CH02,W-02,45
S-010735,C-0277,2026-06-23,,W-06,60
S-010736,C-0009,2026-06-24,RF01,W-05,10
S-010737,C-0014,2026-06-24,CN01,W-09,10
S-010738,C-0016,2026-06-24,CN01,W-09,15
S-010739,C-0017,2026-06-24,ch02,W-05,60
S-010740,C-0021,2026-06-24,HV01,W-03,45
S-010741,C-0034,2026-06-24,PH01,W-03,15
S-010742,C-0041,2026-06-24,CH02,W-06,60
S-010743,C-0042,2026-06-24,CO02,W-11,50
S-010744,C-0049,2026-06-24,RF01,W-05,15
S-010745,C-0063,2026-06-24,HV01,W-05,45
S-010746,C-0064,2026-06-24,TR02,W-03,20
S-010747,C-0065,2026-06-24,hv01,W-06,120
S-010748,C-0098,2026-06-24,ID01,W-09,15
S-010749,C-0103,2026-06-24,PH01,W-06,20
S-010750,C-0103,2026-06-24,PH01,W-06,15
S-010751,C-0104,2026-06-24,TR01,W-10,15
S-010752,C-0111,2026-06-24,CO02,W-11,90
S-010753,C-0114,2026-06-24,TR02,W-08,20
S-010754,C-0127,2026-06-24,CO02,W-12,90
S-010755,C-0131,2026-06-24,CO01,W-12,60
S-010756,C-0148,2026-06-24,CN01,W-06,30
S-010757,C-0148,2026-06-24,FA02,W-14,15
S-010758,C-0151,2026-06-24,ID01,W-02,45
S-010759,C-0152,2026-06-24,HV01,W-04,90
S-010760,C-0168,2026-06-24,TR01,W-04,20
S-010761,C-0169,2026-06-24,PH01,W-07,10
S-010762,C-0181,2026-06-24,CN01,W-10,20
S-010763,C-0195,2026-06-24,IN01,W-07,15
S-010764,C-0223,2026-06-24,FA01,W-06,20
S-010765,C-0226,2026-06-24,RF01,W-04,15
S-010766,C-0229,2026-06-24,TR01,W-02,30
S-010767,C-0235,2026-06-24,CN01,W-09,15
S-010768,C-0248,2026-06-24,CO02,W-12,90
S-010769,C-0248,2026-06-24,CN01,W-04,15
S-010770,C-0269,2026-06-24,CH02,W-02,60
S-010771,C-0271,2026-06-24,HV01,W-01,45
S-010772,C-0284,2026-06-24,PH01,W-08,15
S-010773,C-0285,2026-06-24,CN01,W-08,10
S-010774,C-0285,2026-06-24,CN01,W-08,10
S-010775,C-0295,2026-06-24,TR01,W-04,20
S-010776,C-0295,2026-06-24,RF01,W-04,15
S-010777,C-0300,2026-06-24,CO01,W-12,60
S-010778,C-0006,2026-06-25,CO02,W-12,50
S-010779,C-0007,2026-06-25,FA01,W-06,30
S-010780,C-0009,2026-06-25,PH01,W-05,15
S-010781,C-0012,2026-06-25,PH01,W-02,20
S-010782,C-0028,2026-06-25,CN01,W-06,20
S-010783,C-0034,2026-06-25,CH02,W-03,60
S-010784,C-0049,2026-06-25, rf01  ,W-05,15
S-010785,C-0055,2026-06-25,CO01,W-11,50
S-010786,C-0060,2026-06-25,CN01,W-07,30
S-010787,C-0097,2026-06-25,TR02,W-09,45
S-010788,C-0097,2026-06-25,CN01,W-09,30
S-010789,C-0106,2026-06-25,PH01,W-03,15
S-010790,C-0123,2026-06-25,HV01,W-01,45
S-010791,C-0126,2026-06-25,TR02,W-02,20
S-010792,C-0134,2026-06-25,ID01,W-07,20
S-010793,C-0138,2026-06-25,IN01,W-04,15
S-010794,C-0144,2026-06-25,CN01,W-05,15
S-010795,C-0148,2026-06-25,TR02,W-06,20
S-010796,C-0151,2026-06-25,RF01,W-02,10
S-010797,C-0152,2026-06-25,FA03,W-14,15
S-010798,C-0182,2026-06-25,FA03,W-13,30
S-010799,C-0183,2026-06-25,CN01,W-05,10
S-010800,C-0187,2026-06-25,CN01,W-06,15
S-010801,C-0196,2026-06-25,FA03,W-14,45
S-010802,C-0201,2026-06-25,PH01,W-05,10
S-010803,C-0206,2026-06-25,CO01,W-11,50
S-010804,C-0207,2026-06-25,FA01,W-10,20
S-010805,C-0212,2026-06-25,TR01,W-04,20
S-010806,C-0249,2026-06-25,FA01,W-02,45
S-010806,C-0249,2026-06-25,FA01,W-02,45
S-010807,C-0249,2026-06-25,CH02,W-04,90
S-010808,C-0277,2026-06-25,IN01,W-01,15
S-010809,C-0287,2026-06-25,CO02,W-12,90
S-010810,C-0004,2026-06-26,PH01,W-07,5
S-010811,C-0006,2026-06-26,HV01,W-04,120
S-010811,C-0006,2026-06-26,HV01,W-04,120
S-010812,C-0006,2026-06-26,TR02,W-03,15
S-010813,C-0012,2026-06-26,FA01,W-02,30
S-010814,C-0012,2026-06-26,CN01,W-02,15
S-010815,C-0017,2026-06-26,TR02,W-09,15
S-010816,C-0034,2026-06-26,FA03,W-13,15
S-010817,C-0042,2026-06-26,CN01,W-07,30
S-010818,C-0060,2026-06-26,,W-07,15
S-010819,C-0065,2026-06-26,CO01,W-12,90
S-010820,C-0065,2026-06-26,HV01,W-02,45
S-010821,C-0069,2026-06-26, co02  ,W-12,50
S-010822,C-0086,2026-06-26,PH01,W-10,5
S-010823,C-0087,2026-06-26,CN01,W-01,30
S-010824,C-0095,2026-06-26, rf01  ,W-06,10
S-010825,C-0096,2026-06-26,CN01,W-07,10
S-010826,C-0100,2026-06-26,CH02,W-03,90
S-010827,C-0103,2026-06-26,CO01,W-11,50
S-010828,C-0104,2026-06-26,ph01,W-10,15
S-010829,C-0114,2026-06-26,CH02,W-06,120
S-010830,C-0126,2026-06-26,FA01,W-02,30
S-010831,C-0127,2026-06-26,CO01,W-11,60
S-010832,C-0130,2026-06-26,HV01,W-04,90
S-010833,C-0133,2026-06-26,FA03,W-13,45
S-010834,C-0133,2026-06-26,CN01,W-09,15
S-010835,C-0148,2026-06-26,CN01,W-06,10
S-010836,C-0148,2026-06-26,PH01,W-06,20
S-010837,C-0160,2026-06-26,HV01,W-02,45
S-010838,C-0166,2026-06-26,CN01,W-01,15
S-010839,C-0173,2026-06-26,TR02,W-04,15
S-010840,C-0186,2026-06-26,RF01,W-06,20
S-010841,C-0189,2026-06-26,CN01,W-01,10
S-010842,C-0194,2026-06-26,HV01,W-03,90
S-010843,C-0194,2026-06-26,CH02,W-06,120
S-010844,C-0197,2026-06-26,HV01,W-04,120
S-010845,C-0201,2026-06-26,TR01,W-05,15
S-010846,C-0206,2026-06-26,CO01,W-11,90
S-010847,C-0207,2026-06-26,HV01,W-01,90
S-010848,C-0219,2026-06-26,PH01,W-04,20
S-010849,C-0238,2026-06-26,PH01,W-03,15
S-010850,C-0277,2026-06-26,CN01,W-01,20
S-010851,C-0277,2026-06-26,IN01,W-01,15
S-010852,C-0285,2026-06-26,CN01,W-08,15
S-010853,C-0292,2026-06-26,FA02,W-14,45
S-010854,C-0292,2026-06-26,ID01,W-07,15
S-010855,C-0292,2026-06-26,CN01,W-07,10
S-010856,C-0299,2026-06-26,IN01,W-08,20
S-010857,C-0007,2026-06-27,CN01,W-06,30
S-010858,C-0026,2026-06-27,FA02,W-14,20
S-010859,C-0040,2026-06-27,CN01,W-02,10
S-010860,C-0042,2026-06-27,CO01,W-11,60
S-010861,C-0042,2026-06-27,CO02,W-11,60
S-010862,C-0043,2026-06-27,FA02,W-14,20
S-010863,C-0054,2026-06-27,TR01,W-07,30
S-010864,C-0054,2026-06-27,PH01,W-07,5
S-010865,C-0062,2026-06-27,rf01,W-10,10
S-010866,C-0066,2026-06-27,ch02,W-04,45
S-010867,C-0069,2026-06-27,PH01,W-09,10
S-010868,C-0092,2026-06-27,CN01,W-05,30
S-010869,C-0095,2026-06-27,ID01,W-06,30
S-010870,C-0103,2026-06-27,TR02,W-06,30
S-010871,C-0106,2026-06-27,RF01,W-03,20
S-010872,C-0106,2026-06-27,FA02,W-13,15
S-010873,C-0114,2026-06-27,CO01,W-11,50
S-010874,C-0124,2026-06-27,CN01 ,W-03,20
S-010875,C-0126,2026-06-27,CO02,W-12,50
S-010876,C-0130,2026-06-27,PH01,W-04,20
S-010877,C-0141,2026-06-27,FA01,W-09,45
S-010878,C-0142,2026-06-27,CO01,W-12,90
S-010879,C-0157,2026-06-27,CN01,W-02,15
S-010880,C-0181,2026-06-27,CO01,W-12,60
S-010881,C-0182,2026-06-27,PH01,W-05,20
S-010882,C-0188,2026-06-27,FA02,W-13,15
S-010883,C-0201,2026-06-27,CN01,W-05,15
S-010884,C-0201,2026-06-27,HV01,W-04,45
S-010885,C-0205,2026-06-27,CO01,W-12,50
S-010886,C-0214,2026-06-27,CN01,W-09,15
S-010887,C-0229,2026-06-27,CN01,W-02,20
S-010888,C-0271,2026-06-27,CN01,W-02,10
S-010889,C-0271,2026-06-27,PH01,W-02,5
S-010890,C-0285,2026-06-27,HV01,W-02,120
S-010891,C-0287,2026-06-27,CN01,W-06,15
S-010892,C-0292,2026-06-27,CN01,W-07,10
S-010893,C-0292,2026-06-27,CN01 ,W-07,15
S-010894,C-0298,2026-06-27,CO01,W-11,50
S-010895,C-0006,2026-06-28,CH02,W-04,120
S-010896,C-0014,2026-06-28,CN01,W-09,10
S-010897,C-0016,2026-06-28,CN01,W-09,15
S-010898,C-0024,2026-06-28,FA02 ,W-14,45
S-010899,C-0048,2026-06-28,CN01,W-02,30
S-010900,C-0058,2026-06-28,CH02,W-04,90
S-010901,C-0058,2026-06-28,IN01,W-09,45
S-010902,C-0065,2026-06-28,CN01 ,W-02,10
S-010903,C-0104,2026-06-28,CN01,W-10,20
S-010904,C-0111,2026-06-28,TR02,W-01,45
S-010905,C-0124,2026-06-28,TR01,W-03,20
S-010906,C-0130,2026-06-28,PH01,W-04,15
S-010907,C-0142,2026-06-28,CN01,W-02,20
S-010908,C-0147,2026-06-28,PH01,W-02,10
S-010909,C-0151,2026-06-28,FA01,W-02,45
S-010910,C-0152,2026-06-28,FA02,W-14,20
S-010911,C-0168,2026-06-28,CO02,W-11,50
S-010912,C-0196,2026-06-28,TR02,W-05,30
S-010913,C-0201,2026-06-28,FA02,W-14,45
S-010914,C-0204,2026-06-28,HV01,W-04,90
S-010915,C-0205,2026-06-28,PH01 ,W-04,20
S-010916,C-0222,2026-06-28,FA01,W-05,45
S-010917,C-0222,2026-06-28,IN01,W-05,15
S-010918,C-0224,2026-06-28,IN01,W-08,15
S-010919,C-0234,2026-06-28,CN01,W-07,20
S-010920,C-0238,2026-06-28,IN01,W-03,15
S-010921,C-0248,2026-06-28,CO01,W-11,50
S-010922,C-0279,2026-06-28,HV01,W-01,45
S-010923,C-0298,2026-06-28,HV01,W-04,60
S-010924,C-0300,2026-06-28,HV01,W-04,45
S-010925,C-0300,2026-06-28,CH02,W-05,90
S-010926,C-0015,2026-06-29,ID01 ,W-05,30
S-010927,C-0016,2026-06-29,FA02,W-13,45
S-010928,C-0042,2026-06-29,PH01,W-07,10
S-010929,C-0055,2026-06-29,HV01,W-01,90
S-010930,C-0069,2026-06-29,TR01,W-09,15
S-010931,C-0074,2026-06-29, ch02  ,W-01,120
S-010932,C-0086,2026-06-29,HV01,W-02,60
S-010933,C-0095,2026-06-29,IN01,W-06,20
S-010934,C-0096,2026-06-29,ch02,W-05,120
S-010935,C-0142,2026-06-29,RF01,W-02,20
S-010936,C-0142,2026-06-29,FA02,W-14,45
S-010937,C-0147,2026-06-29,PH01,W-02,20
S-010938,C-0148,2026-06-29,CH02,W-04,60
S-010939,C-0161,2026-06-29,ID01,W-08,20
S-010940,C-0169,2026-06-29,FA02,W-14,45
S-010941,C-0173,2026-06-29,CN01,W-04,10
S-010942,C-0174,2026-06-29,FA01,W-02,30
S-010943,C-0201,2026-06-29,CN01,W-05,30
S-010944,C-0217,2026-06-29,HV01,W-03,90
S-010945,C-0229,2026-06-29,ID01,W-02,30
S-010946,C-0236,2026-06-29,CN01,W-01,15
S-010947,C-0248,2026-06-29,CO01,W-12,90
S-010948,C-0249,2026-06-29,FA02,W-13,30
S-010949,C-0259,2026-06-29,CO01,W-12,60
S-010950,C-0264,2026-06-29,CN01,W-08,10
S-010951,C-0265,2026-06-29,HV01,W-02,90
S-010952,C-0288,2026-06-29,TR02,W-10,15
S-010953,C-0300,2026-06-29,CO01 ,W-12,90
S-010954,C-0016,2026-06-30,FA03,W-14,20
S-010955,C-0021,2026-06-30,HV01,W-01,90
S-010956,C-0041,2026-06-30,CH02,W-05,120
S-010957,C-0048,2026-06-30,TR02,W-02,20
S-010958,C-0055,2026-06-30,PH01,W-09,10
S-010959,C-0055,2026-06-30,CN01,W-09,10
S-010960,C-0061,2026-06-30,FA01,W-06,20
S-010961,C-0065,2026-06-30,ID01,W-02,20
S-010962,C-0070,2026-06-30,CN01,W-01,10
S-010963,C-0086,2026-06-30,TR01,W-10,45
S-010964,C-0096,2026-06-30,IN01,W-07,20
S-010965,C-0096,2026-06-30,PH01,W-07,20
S-010966,C-0114,2026-06-30,PH01,W-08,10
S-010967,C-0141,2026-06-30,CH02,W-05,60
S-010968,C-0156,2026-06-30,ID01,W-05,15
S-010969,C-0156,2026-06-30,CN01 ,W-05,20
S-010970,C-0163,2026-06-30,CN01,W-01,15
S-010970,C-0163,2026-06-30,CN01,W-01,15
S-010971,C-0180,2026-06-30,HV01,W-04,90
S-010972,C-0195,2026-06-30,RF01,W-07,20
S-010973,C-0200,2026-06-30,HV01 ,W-02,120
S-010974,C-0223,2026-06-30,PH01,W-06,10
S-010975,C-0224,2026-06-30,IN01,W-08,15
S-010976,C-0246,2026-06-30,CN01,W-10,30
S-010977,C-0256,2026-06-30,PH01,W-03,5
S-010978,C-0261,2026-06-30,IN01,W-06,45
S-010979,C-0265,2026-06-30,FA01,W-10,15
S-010980,C-0287,2026-06-30,TR02,W-06,15
S-010981,C-0295,2026-06-30,TR02,W-04,30
S-010982,C-0300,2026-06-30,PH01,W-05,20
S-010983,C-0015,2026-07-01,HV01,W-03,45
S-010984,C-0040,2026-07-01,CH02,W-04,120
S-010985,C-0043,2026-07-01,PH01,W-02,10
S-010986,C-0058,2026-07-01,RF01,W-09,15
S-010987,C-0060,2026-07-01,CO01,W-12,60
S-010988,C-0071,2026-07-01,IN01,W-09,20
S-010989,C-0073,2026-07-01,CO01,W-12,90
S-010990,C-0087,2026-07-01,TR02,W-01,30
S-010991,C-0096,2026-07-01,CO01,W-11,50
S-010992,C-0103,2026-07-01,CO02,W-11,60
S-010993,C-0104,2026-07-01,CN01,W-10,10
S-010994,C-0114,2026-07-01,CH02,W-06,45
S-010995,C-0115,2026-07-01,RF01,W-04,15
S-010996,C-0115,2026-07-01,IN01,W-04,20
S-010997,C-0147,2026-07-01,FA02,W-14,20
S-010998,C-0156,2026-07-01,CN01,W-05,10
S-010999,C-0160,2026-07-01,CN01,W-05,30
S-011000,C-0181,2026-07-01,FA01 ,W-10,20
S-011001,C-0182,2026-07-01,CO01,W-11,50
S-011002,C-0182,2026-07-01,TR02,W-05,45
S-011003,C-0189,2026-07-01,IN01,W-01,20
S-011004,C-0195,2026-07-01,RF01 ,W-07,30
S-011005,C-0195,2026-07-01,ch02,W-03,120
S-011006,C-0197,2026-07-01,CN01,W-01,20
S-011007,C-0206,2026-07-01,CO01,W-12,90
S-011008,C-0207,2026-07-01,HV01,W-06,120
S-011009,C-0214,2026-07-01,TR01,W-09,30
S-011010,C-0220,2026-07-01,CO01,W-12,50
S-011011,C-0226,2026-07-01,CO01,W-11,90
S-011012,C-0228,2026-07-01,TR01,W-02,20
S-011013,C-0236,2026-07-01,FA01,W-01,45
S-011014,C-0244,2026-07-01,CN01,W-06,30
S-011015,C-0261,2026-07-01,FA02,W-13,45
S-011016,C-0295,2026-07-01,CN01,W-04,10
S-011017,C-0295,2026-07-01,CH02,W-03,45
S-011018,C-0300,2026-07-01,ID01,W-05,45
S-011019,C-0016,2026-07-02,TR01,W-09,45
S-011020,C-0048,2026-07-02,HV01,W-05,120
S-011021,C-0063,2026-07-02,HV01,W-05,45
S-011022,C-0063,2026-07-02,CN01,W-06,30
S-011023,C-0071,2026-07-02,ID01,W-09,15
S-011024,C-0073,2026-07-02,CO01,W-11,90
S-011025,C-0086,2026-07-02,PH01,W-10,5
S-011026,C-0087,2026-07-02,CO02,W-12,60
S-011027,C-0092,2026-07-02,CN01,W-05,15
S-011028,C-0095,2026-07-02,CH02,W-05,60
S-011029,C-0098,2026-07-02,CN01,W-09,15
S-011030,C-0100,2026-07-02,CN01,W-09,30
S-011031,C-0111,2026-07-02,RF01,W-01,10
S-011032,C-0115,2026-07-02,TR01,W-04,15
S-011033,C-0115,2026-07-02,fa03,W-14,45
S-011034,C-0130,2026-07-02,CN01,W-04,30
S-011035,C-0138,2026-07-02,RF01,W-04,10
S-011036,C-0142,2026-07-02,PH01,W-02,15
S-011037,C-0156,2026-07-02,TR01,W-05,45
S-011038,C-0168,2026-07-02,CN01,W-04,30
S-011039,C-0173,2026-07-02,PH01,W-04,20
S-011040,C-0174,2026-07-02,CH02,W-05,60
S-011041,C-0174,2026-07-02,FA03,W-14,45
S-011042,C-0182,2026-07-02,PH01,W-05,10
S-011043,C-0186,2026-07-02,FA03,W-14,30
S-011044,C-0186,2026-07-02,CO02,W-11,90
S-011045,C-0197,2026-07-02,CN01,W-01,20
S-011046,C-0197,2026-07-02,PH01,W-01,10
S-011047,C-0197,2026-07-02,CO01,W-12,50
S-011048,C-0220,2026-07-02,PH01,W-02,5
S-011049,C-0222,2026-07-02,CN01,W-05,10
S-011050,C-0223,2026-07-02,CH02,W-06,120
S-011051,C-0241,2026-07-02,ID01,W-04,30
S-011052,C-0256,2026-07-02,CN01,W-03,15
S-011053,C-0264,2026-07-02,CO02,W-12,50
S-011054,C-0265,2026-07-02,CO01,W-12,60
S-011055,C-0279,2026-07-02,HV01,W-01,60
S-011056,C-0295,2026-07-02,TR01,W-04,15
S-011057,C-0299,2026-07-02,PH01,W-08,5
S-011058,C-0300,2026-07-02,HV01,W-02,45
S-011059,C-0008,2026-07-03,HV01,W-02,90
S-011060,C-0008,2026-07-03,PH01,W-09,10
S-011061,C-0009,2026-07-03,HV01,W-04,120
S-011062,C-0009,2026-07-03,ID01,W-05,20
S-011063,C-0012,2026-07-03,CN01,W-02,20
S-011064,C-0016,2026-07-03,FA01 ,W-09,45
S-011065,C-0024,2026-07-03,CN01,W-08,15
S-011066,C-0034,2026-07-03,FA03,W-14,45
S-011067,C-0034,2026-07-03,CN01,W-03,15
S-011068,C-0049,2026-07-03,CH02,W-01,120
S-011069,C-0065,2026-07-03,HV01,W-03,90
S-011070,C-0087,2026-07-03,co02,W-11,90
S-011071,C-0104,2026-07-03,RF01,W-10,20
S-011072,C-0111,2026-07-03,CO01,W-12,50
S-011073,C-0133,2026-07-03,IN01,W-09,20
S-011074,C-0133,2026-07-03,PH01,W-09,5
S-011075,C-0141,2026-07-03,RF01,W-09,20
S-011076,C-0157,2026-07-03,CN01,W-02,15
S-011077,C-0188,2026-07-03,CN01,W-07,10
S-011078,C-0200,2026-07-03,CN01,W-04,10
S-011079,C-0208,2026-07-03,PH01,W-09,20
S-011080,C-0214,2026-07-03,CH02,W-06,45
S-011081,C-0220,2026-07-03,CO01,W-12,60
S-011082,C-0222,2026-07-03, tr02  ,W-05,45
S-011083,C-0238,2026-07-03,IN01,W-03,30
S-011084,C-0246,2026-07-03,TR01,W-10,20
S-011085,C-0256,2026-07-03,CN01,W-03,30
S-011086,C-0257,2026-07-03,PH01 ,W-05,5
S-011087,C-0265,2026-07-03,HV01,W-03,90
S-011088,C-0269,2026-07-03,TR02,W-06,15
S-011089,C-0284,2026-07-03,CN01,W-08,20
S-011090,C-0296,2026-07-03,ID01 ,W-10,20
S-011091,C-0296,2026-07-03,PH01,W-10,5
S-011092,C-0299,2026-07-03,RF01,W-08,15
S-011093,C-0299,2026-07-03,CO01,W-12,60
S-011094,C-0300,2026-07-03,HV01,W-05,90
S-011095,C-0300,2026-07-03,CO02,W-11,50
S-011095,C-0300,2026-07-03,CO02,W-11,50
S-011096,C-0007,2026-07-04,CN01,W-06,20
S-011097,C-0009,2026-07-04,PH01,W-05,15
S-011098,C-0021,2026-07-04,CN01,W-07,30
S-011099,C-0026,2026-07-04,IN01,W-10,15
S-011100,C-0037,2026-07-04,CN01,W-02,20
S-011101,C-0039,2026-07-04,CN01,W-06,10
S-011102,C-0049,2026-07-04,TR02,W-05,20
S-011103,C-0061,2026-07-04,PH01,W-06,15
S-011104,C-0073,2026-07-04,rf01,W-02,30
S-011105,C-0073,2026-07-04,HV01,W-02,60
S-011106,C-0087,2026-07-04,RF01,W-01,20
S-011107,C-0120,2026-07-04,HV01,W-06,120
S-011108,C-0134,2026-07-04,PH01 ,W-07,15
S-011109,C-0141,2026-07-04,IN01,W-09,30
S-011110,C-0159,2026-07-04,FA01,W-07,20
S-011111,C-0173,2026-07-04,PH01,W-04,5
S-011112,C-0173,2026-07-04,CO02,W-12,60
S-011113,C-0173,2026-07-04,CN01,W-04,15
S-011114,C-0173,2026-07-04,CO02,W-12,50
S-011115,C-0188,2026-07-04,IN01,W-07,20
S-011116,C-0196,2026-07-04,RF01,W-05,10
S-011117,C-0204,2026-07-04,PH01,W-04,15
S-011118,C-0212,2026-07-04,TR01,W-04,20
S-011119,C-0216,2026-07-04,CN01,W-09,15
S-011120,C-0222,2026-07-04,PH01,W-05,10
S-011121,C-0228,2026-07-04,CN01,W-02,30
S-011122,C-0228,2026-07-04,HV01,W-05,60
S-011123,C-0228,2026-07-04,PH01,W-02,10
S-011124,C-0246,2026-07-04,FA03,W-13,45
S-011125,C-0246,2026-07-04,CN01,W-10,10
S-011126,C-0255,2026-07-04,HV01,W-04,120
S-011127,C-0256,2026-07-04,CN01,W-03,15
S-011128,C-0270,2026-07-04,HV01,W-02,60
S-011129,C-0279,2026-07-04,PH01,W-03,5
S-011130,C-0279,2026-07-04,ID01,W-03,20
S-011131,C-0288,2026-07-04,CH02,W-03,90
S-011132,C-0300,2026-07-04,CN01,W-05,20
S-011133,C-0300,2026-07-04,CN01,W-05,20
S-011134,C-0006,2026-07-05,HV01,W-01,45
S-011135,C-0015,2026-07-05,CO02,W-11,50
S-011136,C-0016,2026-07-05,HV01,W-03,45
S-011137,C-0034,2026-07-05,FA03,W-14,15
S-011138,C-0040,2026-07-05,RF01,W-02,20
S-011139,C-0042,2026-07-05,RF01,W-07,10
S-011140,C-0048,2026-07-05,TR02,W-02,15
S-011141,C-0063,2026-07-05,CN01,W-06,10
S-011142,C-0071,2026-07-05,PH01,W-09,10
S-011143,C-0073,2026-07-05,CO01,W-11,90
S-011144,C-0087,2026-07-05,PH01,W-01,20
S-011145,C-0087,2026-07-05,CH02,W-01,60
S-011146,C-0096,2026-07-05,HV01,W-04,45
S-011147,C-0097,2026-07-05,TR02,W-09,45
S-011148,C-0121,2026-07-05,TR02,W-05,45
S-011149,C-0124,2026-07-05,CN01,W-03,15
S-011150,C-0127,2026-07-05,RF01,W-08,20
S-011151,C-0128,2026-07-05,CH02,W-03,120
S-011152,C-0130,2026-07-05,CN01,W-04,20
S-011153,C-0141,2026-07-05,TR01,W-09,30
S-011154,C-0147,2026-07-05,IN01,W-02,20
S-011155,C-0160,2026-07-05,HV01,W-02,45
S-011156,C-0171,2026-07-05,FA02,W-14,30
S-011157,C-0186,2026-07-05,PH01,W-06,20
S-011158,C-0188,2026-07-05,CN01,W-07,20
S-011159,C-0195,2026-07-05,hv01,W-06,90
S-011160,C-0201,2026-07-05,PH01,W-05,15
S-011161,C-0201,2026-07-05,PH01,W-05,10
S-011162,C-0216,2026-07-05,PH01,W-09,15
S-011163,C-0217,2026-07-05,CO01,W-11,60
S-011164,C-0223,2026-07-05,CN01,W-06,20
S-011165,C-0229,2026-07-05,TR02,W-02,15
S-011166,C-0230,2026-07-05,ID01,W-02,45
S-011167,C-0234,2026-07-05,CN01,W-07,30
S-011168,C-0238,2026-07-05,CN01 ,W-03,20
S-011169,C-0256,2026-07-05,CN01,W-03,30
S-011170,C-0261,2026-07-05,CO01,W-12,50
S-011171,C-0279,2026-07-05,CO01,W-12,90
S-011172,C-0281,2026-07-05,CO02,W-11,60
S-011173,C-0285,2026-07-05,FA02,W-14,45
S-011174,C-0299,2026-07-05,CN01,W-08,15
S-011175,C-0007,2026-07-06,CN01,W-06,30
S-011176,C-0013,2026-07-06,IN01,W-09,15
S-011177,C-0016,2026-07-06,PH01,W-09,20
S-011178,C-0035,2026-07-06,CH02,W-03,45
S-011179,C-0056,2026-07-06,HV01,W-01,45
S-011180,C-0063,2026-07-06,TR02,W-06,15
S-011181,C-0091,2026-07-06,CH02,W-06,60
S-011182,C-0091,2026-07-06,CH02,W-05,60
S-011183,C-0095,2026-07-06,CN01,W-06,30
S-011184,C-0104,2026-07-06,CN01,W-10,15
S-011185,C-0104,2026-07-06,ID01,W-10,30
S-011186,C-0104,2026-07-06,FA01,W-10,45
S-011187,C-0115,2026-07-06,CN01,W-04,10
S-011188,C-0126,2026-07-06,CH02,W-02,90
S-011189,C-0133,2026-07-06,CN01,W-09,10
S-011190,C-0151,2026-07-06,HV01,W-01,45
S-011191,C-0152,2026-07-06,ID01,W-08,15
S-011192,C-0168,2026-07-06,FA01,W-04,45
S-011193,C-0180,2026-07-06,TR02,W-02,30
S-011194,C-0201,2026-07-06,ch02,W-05,90
S-011195,C-0201,2026-07-06,CN01,W-05,20
S-011196,C-0205,2026-07-06,PH01,W-04,10
S-011197,C-0214,2026-07-06,FA01,W-09,45
S-011198,C-0217,2026-07-06,CO01,W-12,90
S-011199,C-0226,2026-07-06,RF01,W-04,10
S-011200,C-0230,2026-07-06,CH02,W-06,120
S-011201,C-0245,2026-07-06,CO02,W-11,60
S-011202,C-0246,2026-07-06,HV01,W-03,45
S-011203,C-0256,2026-07-06,HV01,W-03,60
S-011204,C-0264,2026-07-06,CN01,W-08,30
S-011205,C-0264,2026-07-06,CO02,W-12,90
S-011206,C-0268,2026-07-06,TR01,W-07,30
S-011207,C-0269,2026-07-06,CN01,W-06,10
S-011208,C-0285,2026-07-06,CH02,W-04,120
S-011209,C-0292,2026-07-06,rf01,W-07,15
S-011210,C-0002,2026-07-07,rf01,W-08,10
S-011211,C-0017,2026-07-07,TR01,W-09,30
S-011212,C-0018,2026-07-07,CO01,W-12,50
S-011213,C-0028,2026-07-07,CO02,W-11,60
S-011214,C-0042,2026-07-07,TR02,W-07,20
S-011215,C-0044,2026-07-07,PH01,W-03,5
S-011216,C-0044,2026-07-07,CO01,W-12,60
S-011217,C-0049,2026-07-07,CH02,W-02,120
S-011218,C-0052,2026-07-07,CH02,W-01,90
S-011219,C-0063,2026-07-07,FA02,W-14,15
S-011220,C-0065,2026-07-07,ph01,W-02,5
S-011221,C-0088,2026-07-07,TR02,W-06,30
S-011222,C-0088,2026-07-07,HV01,W-02,120
S-011223,C-0097,2026-07-07,FA03,W-14,45
S-011224,C-0099,2026-07-07,CH02,W-04,45
S-011225,C-0104,2026-07-07, in01  ,W-10,45
S-011226,C-0106,2026-07-07,fa01,W-03,30
S-011227,C-0115,2026-07-07,RF01,W-04,10
S-011228,C-0133,2026-07-07,CH02,W-02,120
S-011229,C-0138,2026-07-07,CO01 ,W-12,50
S-011230,C-0138,2026-07-07,CN01,W-04,15
S-011231,C-0141,2026-07-07,CN01,W-09,30
S-011232,C-0142,2026-07-07,ID01,W-02,30
S-011233,C-0148,2026-07-07,CN01,W-06,15
S-011234,C-0171,2026-07-07,FA03,W-13,15
S-011235,C-0182,2026-07-07,RF01,W-05,10
S-011236,C-0182,2026-07-07,CH02,W-03,60
S-011237,C-0205,2026-07-07,PH01,W-04,5
S-011238,C-0229,2026-07-07,CH02,W-02,90
S-011239,C-0229,2026-07-07,RF01,W-02,15
S-011240,C-0249,2026-07-07,TR01,W-02,15
S-011241,C-0264,2026-07-07,PH01,W-08,15
S-011242,C-0269,2026-07-07,ID01,W-06,45
S-011243,C-0279,2026-07-07,RF01,W-03,30
S-011244,C-0292,2026-07-07,co01,W-12,90
S-011245,C-0008,2026-07-08,RF01,W-09,20
S-011246,C-0017,2026-07-08,ID01,W-09,15
S-011247,C-0018,2026-07-08,PH01,W-05,5
S-011248,C-0042,2026-07-08,CN01,W-07,10
S-011249,C-0042,2026-07-08,TR02,W-07,30
S-011250,C-0058,2026-07-08,CN01,W-09,15
S-011251,C-0061,2026-07-08,RF01,W-06,10
S-011252,C-0063,2026-07-08,TR02 ,W-06,30
S-011253,C-0070,2026-07-08,,W-04,45
S-011254,C-0071,2026-07-08,HV01,W-04,60
S-011255,C-0073,2026-07-08,CN01,W-02,30
S-011256,C-0087,2026-07-08,CO01,W-12,50
S-011257,C-0096,2026-07-08,HV01,W-05,120
S-011258,C-0100,2026-07-08,PH01 ,W-09,20
S-011259,C-0103,2026-07-08,HV01,W-02,90
S-011260,C-0106,2026-07-08,CH02,W-06,45
S-011261,C-0114,2026-07-08,CN01,W-08,15
S-011262,C-0120,2026-07-08,FA01,W-10,20
S-011263,C-0123,2026-07-08,FA02,W-14,15
S-011264,C-0152,2026-07-08,CN01,W-08,30
S-011265,C-0156,2026-07-08,IN01,W-05,30
S-011266,C-0160,2026-07-08,CN01,W-05,30
S-011267,C-0171,2026-07-08,FA02,W-13,15
S-011268,C-0174,2026-07-08,IN01,W-02,15
S-011269,C-0195,2026-07-08,CO02,W-11,60
S-011270,C-0195,2026-07-08,PH01,W-07,15
S-011271,C-0220,2026-07-08,IN01,W-02,20
S-011272,C-0222,2026-07-08,CN01,W-05,30
S-011273,C-0226,2026-07-08,RF01,W-04,15
S-011274,C-0228,2026-07-08,FA02,W-13,30
S-011275,C-0228,2026-07-08,IN01,W-02,30
S-011276,C-0229,2026-07-08,FA01,W-02,15
S-011277,C-0241,2026-07-08,RF01,W-04,30
S-011278,C-0248,2026-07-08,CN01,W-04,20
S-011279,C-0255,2026-07-08,CO01,W-12,90
S-011280,C-0273,2026-07-08,PH01 ,W-01,20
S-011281,C-0287,2026-07-08,co02,W-12,90
S-011282,C-0287,2026-07-08,CO01,W-11,50
S-011283,C-0006,2026-07-09,CN01,W-03,30
S-011284,C-0012,2026-07-09,CH02,W-05,60
S-011285,C-0014,2026-07-09,CH02 ,W-01,60
S-011286,C-0021,2026-07-09,CH02,W-03,90
S-011287,C-0037,2026-07-09,CO01,W-12,60
S-011288,C-0046,2026-07-09,CO01,W-11,90
S-011289,C-0047,2026-07-09,TR02,W-07,20
S-011290,C-0052,2026-07-09,CN01,W-02,15
S-011291,C-0058,2026-07-09,IN01,W-09,30
S-011292,C-0064,2026-07-09,TR02,W-03,45
S-011293,C-0121,2026-07-09,CN01,W-05,20
S-011294,C-0127,2026-07-09, hv01  ,W-02,120
S-011295,C-0127,2026-07-09,CN01,W-08,30
S-011296,C-0128,2026-07-09,CN01,W-09,10
S-011297,C-0130,2026-07-09,RF01,W-04,10
S-011298,C-0141,2026-07-09,CN01,W-09,15
S-011299,C-0146,2026-07-09,CO01,W-12,60
S-011300,C-0151,2026-07-09,ID01,W-02,45
S-011301,C-0181,2026-07-09,PH01,W-10,10
S-011302,C-0191,2026-07-09,CH02,W-03,90
S-011303,C-0193,2026-07-09,CN01,W-01,30
S-011304,C-0204,2026-07-09,RF01,W-04,10
S-011305,C-0206,2026-07-09,CO01,W-11,60
S-011306,C-0216,2026-07-09,CN01 ,W-09,10
S-011307,C-0224,2026-07-09,FA03,W-14,20
S-011308,C-0224,2026-07-09,FA02,W-13,30
S-011309,C-0226,2026-07-09,PH01,W-04,15
S-011310,C-0229,2026-07-09,TR01,W-02,45
S-011311,C-0269,2026-07-09,CN01,W-06,15
S-011312,C-0271,2026-07-09,HV01 ,W-05,45
S-011313,C-0281,2026-07-09,TR01,W-01,30
S-011314,C-0026,2026-07-10,CN01,W-10,20
S-011315,C-0028,2026-07-10,RF01,W-06,20
S-011316,C-0042,2026-07-10,PH01,W-07,15
S-011317,C-0052,2026-07-10,FA02 ,W-14,30
S-011318,C-0052,2026-07-10,HV01,W-01,90
S-011319,C-0058,2026-07-10,PH01,W-09,15
S-011320,C-0091,2026-07-10,IN01,W-10,20
S-011321,C-0098,2026-07-10,FA02,W-14,30
S-011322,C-0111,2026-07-10,FA01,W-01,30
S-011323,C-0115,2026-07-10,RF01,W-04,10
S-011324,C-0121,2026-07-10,CN01,W-05,30
S-011325,C-0124,2026-07-10,FA02 ,W-14,15
S-011326,C-0130,2026-07-10,PH01,W-04,20
S-011327,C-0142,2026-07-10,TR02,W-02,15
S-011328,C-0182,2026-07-10,RF01,W-05,20
S-011329,C-0194,2026-07-10,CN01,W-02,10
S-011330,C-0195,2026-07-10,FA02,W-14,30
S-011331,C-0196,2026-07-10,PH01,W-05,5
S-011332,C-0197,2026-07-10,CN01,W-01,30
S-011333,C-0200,2026-07-10, rf01  ,W-04,30
S-011334,C-0205,2026-07-10,FA02,W-14,30
S-011335,C-0207,2026-07-10,CN01,W-10,20
S-011336,C-0208,2026-07-10,CN01,W-09,30
S-011337,C-0214,2026-07-10,PH01,W-09,15
S-011338,C-0222,2026-07-10,CN01,W-05,20
S-011339,C-0230,2026-07-10,CO02,W-11,60
S-011340,C-0241,2026-07-10,IN01,W-04,20
S-011341,C-0241,2026-07-10,CN01,W-04,20
S-011341,C-0241,2026-07-10,CN01,W-04,20
S-011342,C-0246,2026-07-10,CO01,W-12,60
S-011343,C-0255,2026-07-10,CO01,W-11,90
S-011344,C-0256,2026-07-10,RF01,W-03,20
S-011345,C-0261,2026-07-10,FA01,W-06,15
S-011346,C-0279,2026-07-10,HV01,W-03,45
S-011347,C-0295,2026-07-10,CN01,W-04,30
S-011348,C-0300,2026-07-10,CO02,W-12,90
S-011349,C-0035,2026-07-11,CO01,W-12,50
S-011350,C-0047,2026-07-11,CH02,W-04,60
S-011351,C-0052,2026-07-11,ID01,W-02,45
S-011352,C-0064,2026-07-11,ID01,W-03,20
S-011353,C-0088,2026-07-11,FA03,W-14,20
S-011354,C-0088,2026-07-11,FA02 ,W-14,20
S-011355,C-0091,2026-07-11,CN01,W-10,10
S-011356,C-0103,2026-07-11,FA02 ,W-13,15
S-011357,C-0111,2026-07-11,CN01,W-01,20
S-011358,C-0120,2026-07-11,CO01,W-11,90
S-011359,C-0131,2026-07-11,CN01,W-09,20
S-011360,C-0166,2026-07-11,TR02,W-01,20
S-011361,C-0171,2026-07-11,TR01,W-07,15
S-011362,C-0171,2026-07-11,TR01,W-07,30
S-011363,C-0173,2026-07-11,PH01,W-04,15
S-011364,C-0204,2026-07-11,CN01,W-04,15
S-011365,C-0205,2026-07-11,CN01,W-04,30
S-011366,C-0205,2026-07-11,ID01,W-04,45
S-011367,C-0214,2026-07-11,TR02,W-09,15
S-011368,C-0216,2026-07-11,FA02,W-14,20
S-011369,C-0216,2026-07-11,HV01 ,W-04,45
S-011370,C-0217,2026-07-11,CN01 ,W-01,20
S-011371,C-0238,2026-07-11,IN01,W-03,45
S-011372,C-0246,2026-07-11,CN01,W-10,30
S-011373,C-0248,2026-07-11,cn01,W-04,30
S-011374,C-0255,2026-07-11,CO01,W-12,60
S-011375,C-0255,2026-07-11,IN01,W-03,20
S-011376,C-0256,2026-07-11,RF01,W-03,30
S-011377,C-0279,2026-07-11,CN01,W-03,20
S-011378,C-0285,2026-07-11,CH02,W-04,60
S-011379,C-0299,2026-07-11,PH01,W-08,10
S-011380,C-0001,2026-07-12,CN01,W-04,30
S-011381,C-0009,2026-07-12,HV01,W-06,60
S-011382,C-0009,2026-07-12,CN01,W-05,20
S-011383,C-0018,2026-07-12,CH02,W-02,120
S-011383,C-0018,2026-07-12,CH02,W-02,120
S-011384,C-0040,2026-07-12,FA01,W-02,30
S-011385,C-0060,2026-07-12,rf01,W-07,30
S-011386,C-0061,2026-07-12,CH02,W-01,120
S-011387,C-0063,2026-07-12,FA03,W-13,30
S-011388,C-0065,2026-07-12,HV01,W-01,60
S-011389,C-0073,2026-07-12,CH02,W-04,60
S-011390,C-0076,2026-07-12,HV01,W-05,90
S-011391,C-0082,2026-07-12,ph01,W-09,15
S-011392,C-0086,2026-07-12,CO01,W-12,90
S-011393,C-0088,2026-07-12,PH01,W-06,15
S-011394,C-0095,2026-07-12,HV01,W-05,45
S-011394,C-0095,2026-07-12,HV01,W-05,45
S-011395,C-0106,2026-07-12,HV01,W-06,120
S-011396,C-0114,2026-07-12,RF01,W-08,30
S-011397,C-0120,2026-07-12,TR02,W-10,45
S-011398,C-0130,2026-07-12,CN01,W-04,30
S-011399,C-0141,2026-07-12,CN01,W-09,10
S-011400,C-0146,2026-07-12,IN01,W-08,15
S-011401,C-0166,2026-07-12,CO01,W-12,60
S-011402,C-0171,2026-07-12,CN01,W-07,20
S-011403,C-0179,2026-07-12,CO01,W-12,60
S-011404,C-0186,2026-07-12,CO02,W-12,90
S-011405,C-0195,2026-07-12,IN01,W-07,30
S-011406,C-0200,2026-07-12,PH01,W-04,20
S-011407,C-0205,2026-07-12,CO01,W-12,90
S-011408,C-0214,2026-07-12,TR02,W-09,45
S-011409,C-0216,2026-07-12,CN01,W-09,15
S-011410,C-0216,2026-07-12,PH01,W-09,15
S-011411,C-0220,2026-07-12,TR02,W-02,20
S-011412,C-0223,2026-07-12,CO01,W-11,60
S-011413,C-0223,2026-07-12,CN01,W-06,30
S-011414,C-0228,2026-07-12,FA01,W-02,45
S-011415,C-0230,2026-07-12,CH02,W-05,45
S-011416,C-0233,2026-07-12,CN01,W-09,20
S-011417,C-0235,2026-07-12, rf01  ,W-09,15
S-011418,C-0236,2026-07-12,CO02,W-12,60
S-011419,C-0241,2026-07-12,RF01,W-04,10
S-011420,C-0241,2026-07-12,FA03,W-13,30
S-011421,C-0245,2026-07-12,CN01,W-03,15
S-011422,C-0248,2026-07-12,HV01,W-04,90
S-011423,C-0249,2026-07-12,CN01,W-02,10
S-011424,C-0256,2026-07-12,co01,W-12,50
S-011425,C-0272,2026-07-12,CN01,W-02,20
S-011426,C-0273,2026-07-12,TR02,W-01,20
S-011427,C-0004,2026-07-13,PH01,W-07,10
S-011428,C-0013,2026-07-13,CH02,W-04,90
S-011429,C-0018,2026-07-13,TR02,W-05,20
S-011430,C-0021,2026-07-13,CN01,W-07,10
S-011431,C-0037,2026-07-13,RF01,W-02,30
S-011432,C-0042,2026-07-13,CO01,W-11,60
S-011433,C-0048,2026-07-13,FA02,W-13,15
S-011434,C-0048,2026-07-13,HV01,W-02,120
S-011435,C-0055,2026-07-13,ID01,W-09,45
S-011436,C-0060,2026-07-13,FA02,W-13,45
S-011437,C-0063,2026-07-13,CH02,W-06,45
S-011438,C-0064,2026-07-13,FA02,W-14,45
S-011439,C-0074,2026-07-13,RF01,W-02,20
S-011440,C-0095,2026-07-13,CH02,W-01,45
S-011441,C-0106,2026-07-13,HV01,W-05,120
S-011442,C-0118,2026-07-13,HV01,W-01,45
S-011443,C-0120,2026-07-13,CO02,W-12,90
S-011444,C-0130,2026-07-13,CN01,W-04,20
S-011445,C-0130,2026-07-13,CN01,W-04,10
S-011446,C-0131,2026-07-13,CH02,W-06,45
S-011447,C-0138,2026-07-13,CH02,W-01,60
S-011448,C-0138,2026-07-13,CN01,W-04,10
S-011449,C-0168,2026-07-13,CO02,W-11,50
S-011450,C-0168,2026-07-13,ID01,W-04,30
S-011451,C-0173,2026-07-13,TR01,W-04,15
S-011452,C-0178,2026-07-13,CO01,W-12,90
S-011453,C-0182,2026-07-13,IN01,W-05,15
S-011454,C-0186,2026-07-13,CO01,W-11,90
S-011455,C-0188,2026-07-13,PH01,W-07,10
S-011456,C-0194,2026-07-13,ID01,W-02,20
S-011457,C-0195,2026-07-13,RF01,W-07,20
S-011458,C-0207,2026-07-13,FA02,W-13,30
S-011459,C-0214,2026-07-13,RF01,W-09,10
S-011460,C-0216,2026-07-13,FA01,W-09,20
S-011461,C-0220,2026-07-13,CH02,W-01,90
S-011462,C-0232,2026-07-13,TR02,W-01,30
S-011463,C-0232,2026-07-13,FA01,W-01,30
S-011464,C-0232,2026-07-13,IN01,W-01,20
S-011465,C-0236,2026-07-13,hv01,W-06,60
S-011466,C-0241,2026-07-13,PH01 ,W-04,20
S-011467,C-0261,2026-07-13,TR02,W-06,20
S-011468,C-0270,2026-07-13,CH02,W-03,90
S-011469,C-0279,2026-07-13,RF01,W-03,10
S-011470,C-0279,2026-07-13,hv01,W-01,60
S-011471,C-0289,2026-07-13,CH02,W-01,120
S-011472,C-0295,2026-07-13,CN01,W-04,10
S-011473,C-0295,2026-07-13,FA01,W-04,45
S-011474,C-0299,2026-07-13,CH02 ,W-05,60
S-011475,C-0007,2026-07-14,CN01,W-06,20
S-011476,C-0016,2026-07-14,ID01,W-09,30
S-011477,C-0016,2026-07-14,TR01,W-09,15
S-011478,C-0024,2026-07-14,FA03,W-13,20
S-011479,C-0047,2026-07-14,CN01,W-07,10
S-011480,C-0048,2026-07-14,FA02,W-14,30
S-011481,C-0052,2026-07-14,CN01,W-02,15
S-011482,C-0058,2026-07-14,CH02,W-01,120
S-011483,C-0065,2026-07-14,PH01,W-02,10
S-011484,C-0095,2026-07-14,FA02,W-13,30
S-011485,C-0111,2026-07-14,CN01,W-01,10
S-011486,C-0114,2026-07-14,HV01,W-02,45
S-011487,C-0114,2026-07-14,FA01,W-08,15
S-011488,C-0141,2026-07-14,HV01,W-01,45
S-011489,C-0156,2026-07-14,PH01,W-05,15
S-011490,C-0159,2026-07-14,CN01,W-07,20
S-011491,C-0171,2026-07-14,CN01,W-07,30
S-011492,C-0171,2026-07-14,HV01 ,W-04,45
S-011493,C-0173,2026-07-14,CO02,W-12,50
S-011494,C-0196,2026-07-14,PH01,W-05,20
S-011495,C-0207,2026-07-14,CN01,W-10,30
S-011496,C-0208,2026-07-14,HV01,W-02,120
S-011497,C-0212,2026-07-14,CN01,W-04,10
S-011498,C-0214,2026-07-14,PH01,W-09,20
S-011499,C-0223,2026-07-14,CO02,W-11,90
S-011500,C-0241,2026-07-14,FA01,W-04,20
S-011501,C-0245,2026-07-14,CH02,W-02,120
S-011502,C-0255,2026-07-14,CO01,W-12,50
S-011503,C-0269,2026-07-14,PH01,W-06,5
S-011504,C-0269,2026-07-14,TR02,W-06,20
S-011505,C-0271,2026-07-14,CN01,W-02,20
S-011506,C-0272,2026-07-14,IN01,W-02,45
S-011507,C-0278,2026-07-14,CN01,W-02,15
S-011508,C-0284,2026-07-14,CO02 ,W-12,90
S-011509,C-0285,2026-07-14,TR02,W-08,30
S-011510,C-0001,2026-07-15,FA03,W-13,20
S-011511,C-0006,2026-07-15,FA01,W-03,30
S-011512,C-0009,2026-07-15,CN01,W-05,15
S-011513,C-0019,2026-07-15,CN01,W-09,15
S-011514,C-0026,2026-07-15,IN01,W-10,45
S-011515,C-0034,2026-07-15,CH02,W-02,120
S-011516,C-0042,2026-07-15,CO02,W-11,90
S-011517,C-0048,2026-07-15,PH01,W-02,20
S-011518,C-0048,2026-07-15,FA02,W-13,30
S-011519,C-0049,2026-07-15,TR01,W-05,20
S-011520,C-0095,2026-07-15,TR02,W-06,30
S-011521,C-0114,2026-07-15,HV01 ,W-01,60
S-011522,C-0141,2026-07-15,IN01,W-09,45
S-011523,C-0144,2026-07-15,HV01,W-06,45
S-011524,C-0148,2026-07-15,FA02,W-14,20
S-011525,C-0152,2026-07-15,IN01,W-08,45
S-011526,C-0171,2026-07-15,RF01,W-07,30
S-011527,C-0174,2026-07-15,CN01,W-02,10
S-011528,C-0186,2026-07-15,CO01,W-11,90
S-011529,C-0186,2026-07-15,RF01,W-06,15
S-011530,C-0186,2026-07-15,CN01,W-06,30
S-011531,C-0188,2026-07-15, rf01  ,W-07,30
S-011532,C-0189,2026-07-15,PH01,W-01,20
S-011533,C-0196,2026-07-15,HV01,W-01,60
S-011534,C-0200,2026-07-15,CO02,W-11,50
S-011535,C-0204,2026-07-15,FA01,W-04,20
S-011536,C-0208,2026-07-15,HV01,W-06,45
S-011537,C-0208,2026-07-15,PH01,W-09,20
S-011538,C-0214,2026-07-15,CN01,W-09,20
S-011539,C-0217,2026-07-15,CN01,W-01,15
S-011540,C-0226,2026-07-15,IN01,W-04,20
S-011541,C-0229,2026-07-15,TR02 ,W-02,30
S-011542,C-0241,2026-07-15,PH01,W-04,15
S-011543,C-0248,2026-07-15,CH02,W-03,90
S-011544,C-0269,2026-07-15,PH01,W-06,20
S-011545,C-0269,2026-07-15,CO02,W-11,50
S-011546,C-0270,2026-07-15,FA02,W-13,20
S-011547,C-0270,2026-07-15,TR02,W-08,45
S-011548,C-0299,2026-07-15,CN01,W-08,30
S-011549,C-0009,2026-07-16,IN01,W-05,45
S-011550,C-0012,2026-07-16,CO01,W-11,50
S-011551,C-0024,2026-07-16,PH01,W-08,15
S-011552,C-0028,2026-07-16,TR01,W-06,20
S-011553,C-0042,2026-07-16,cn01,W-07,30
S-011554,C-0042,2026-07-16,ID01,W-07,30
S-011555,C-0044,2026-07-16,cn01,W-03,30
S-011556,C-0048,2026-07-16,CH02,W-06,45
S-011557,C-0058,2026-07-16,ID01,W-09,30
S-011558,C-0063,2026-07-16,CN01,W-06,10
S-011559,C-0069,2026-07-16,CO02,W-12,90
S-011560,C-0096,2026-07-16,HV01,W-03,60
S-011561,C-0103,2026-07-16,TR01,W-06,20
S-011562,C-0104,2026-07-16,ID01,W-10,30
S-011563,C-0111,2026-07-16,PH01,W-01,5
S-011564,C-0115,2026-07-16,CN01,W-04,10
S-011565,C-0131,2026-07-16,CN01,W-09,30
S-011566,C-0142,2026-07-16,HV01,W-05,120
S-011567,C-0146,2026-07-16,CH02,W-04,120
S-011568,C-0151,2026-07-16,HV01,W-02,45
S-011569,C-0161,2026-07-16,TR01 ,W-08,20
S-011570,C-0161,2026-07-16,CN01,W-08,10
S-011571,C-0171,2026-07-16,IN01,W-07,15
S-011572,C-0188,2026-07-16,PH01,W-07,10
S-011573,C-0195,2026-07-16,IN01,W-07,20
S-011574,C-0195,2026-07-16,IN01,W-07,45
S-011575,C-0197,2026-07-16,CH02,W-06,90
S-011576,C-0201,2026-07-16,PH01,W-05,5
S-011577,C-0205,2026-07-16, tr02  ,W-04,45
S-011578,C-0206,2026-07-16,CO01,W-11,60
S-011579,C-0207,2026-07-16,FA01,W-10,20
S-011580,C-0207,2026-07-16,TR02,W-10,30
S-011581,C-0212,2026-07-16,ch02,W-03,45
S-011582,C-0232,2026-07-16,IN01,W-01,30
S-011583,C-0246,2026-07-16,CN01,W-10,20
S-011584,C-0262,2026-07-16,CN01,W-03,15
S-011585,C-0279,2026-07-16,in01,W-03,15
S-011586,C-0281,2026-07-16,CO02,W-12,50
S-011587,C-0001,2026-07-17,CN01,W-04,10
S-011588,C-0048,2026-07-17,FA01,W-02,20
S-011589,C-0052,2026-07-17,IN01,W-02,30
S-011590,C-0071,2026-07-17,CN01,W-09,20
S-011591,C-0073,2026-07-17,CO01,W-12,50
S-011592,C-0091,2026-07-17,ID01,W-10,30
S-011593,C-0099,2026-07-17,TR01,W-02,45
S-011594,C-0103,2026-07-17,FA01 ,W-06,45
S-011595,C-0103,2026-07-17,TR01,W-06,30
S-011596,C-0104,2026-07-17,PH01,W-10,10
S-011597,C-0106,2026-07-17,CH02,W-01,90
S-011598,C-0127,2026-07-17, tr01  ,W-08,45
S-011599,C-0131,2026-07-17,PH01,W-09,5
S-011600,C-0141,2026-07-17,RF01,W-09,15
S-011601,C-0147,2026-07-17,PH01,W-02,20
S-011602,C-0147,2026-07-17,ID01,W-02,20
S-011603,C-0147,2026-07-17,FA01,W-02,45
S-011604,C-0148,2026-07-17,HV01 ,W-03,60
S-011605,C-0151,2026-07-17,RF01,W-02,15
S-011606,C-0174,2026-07-17,TR01,W-02,20
S-011607,C-0174,2026-07-17,RF01,W-02,20
S-011608,C-0174,2026-07-17,HV01,W-06,90
S-011609,C-0186,2026-07-17,PH01,W-06,15
S-011610,C-0195,2026-07-17,CN01,W-07,10
S-011611,C-0197,2026-07-17,CN01,W-01,20
S-011612,C-0200,2026-07-17,PH01,W-04,10
S-011613,C-0208,2026-07-17,PH01,W-09,15
S-011614,C-0223,2026-07-17,RF01,W-06,10
S-011615,C-0226,2026-07-17,CN01,W-04,10
S-011616,C-0228,2026-07-17,CN01,W-02,20
S-011617,C-0235,2026-07-17,FA02,W-14,45
S-011618,C-0236,2026-07-17,CN01,W-01,30
S-011619,C-0238,2026-07-17,FA01,W-03,45
S-011620,C-0245,2026-07-17,ID01,W-03,45
S-011621,C-0248,2026-07-17,CN01,W-04,30
S-011622,C-0256,2026-07-17,CO01,W-11,60
S-011623,C-0257,2026-07-17,CN01,W-05,10
S-011624,C-0259,2026-07-17,PH01,W-10,5
S-011625,C-0289,2026-07-17,CN01,W-10,15
S-011626,C-0004,2026-07-18,RF01,W-07,30
S-011627,C-0004,2026-07-18,CH02,W-04,60
S-011628,C-0006,2026-07-18,TR01,W-03,15
S-011629,C-0010,2026-07-18,IN01,W-01,45
S-011630,C-0012,2026-07-18,TR01,W-02,20
S-011631,C-0021,2026-07-18,FA01,W-07,45
S-011632,C-0034,2026-07-18,tr02,W-03,20
S-011633,C-0034,2026-07-18,CN01,W-03,30
S-011634,C-0034,2026-07-18,fa02,W-13,45
S-011635,C-0049,2026-07-18,CO01,W-11,50
S-011636,C-0063,2026-07-18,CH02,W-05,90
S-011637,C-0063,2026-07-18,FA02,W-14,45
S-011638,C-0089,2026-07-18,PH01 ,W-06,5
S-011639,C-0091,2026-07-18,CN01,W-10,10
S-011640,C-0092,2026-07-18,CN01,W-05,30
S-011641,C-0103,2026-07-18,PH01,W-06,15
S-011642,C-0130,2026-07-18,FA01,W-04,45
S-011643,C-0130,2026-07-18,TR01,W-04,15
S-011644,C-0131,2026-07-18,CO01,W-11,60
S-011645,C-0134,2026-07-18,CH02,W-06,90
S-011646,C-0148,2026-07-18,IN01,W-06,15
S-011647,C-0166,2026-07-18,PH01,W-01,15
S-011648,C-0193,2026-07-18,HV01,W-03,60
S-011649,C-0194,2026-07-18,FA03,W-13,30
S-011650,C-0197,2026-07-18,CO01,W-11,90
S-011651,C-0205,2026-07-18,FA03,W-14,45
S-011652,C-0224,2026-07-18,TR02,W-08,30
S-011653,C-0234,2026-07-18,ID01,W-07,15
S-011654,C-0248,2026-07-18,TR01,W-04,30
S-011655,C-0256,2026-07-18,HV01,W-03,90
S-011656,C-0278,2026-07-18,FA01,W-02,30
S-011657,C-0279,2026-07-18,FA01,W-03,20
S-011658,C-0287,2026-07-18,CO01,W-11,60
S-011659,C-0006,2026-07-19,co01,W-11,50
S-011660,C-0012,2026-07-19,CN01,W-02,15
S-011661,C-0028,2026-07-19,CN01,W-06,10
S-011662,C-0034,2026-07-19,CN01,W-03,10
S-011663,C-0048,2026-07-19,HV01,W-04,60
S-011664,C-0052,2026-07-19,FA02,W-14,45
S-011665,C-0052,2026-07-19,FA01,W-02,20
S-011666,C-0060,2026-07-19,CN01,W-07,15
S-011667,C-0095,2026-07-19,PH01,W-06,15
S-011668,C-0095,2026-07-19,TR02,W-06,45
S-011669,C-0096,2026-07-19,TR02,W-07,20
S-011670,C-0096,2026-07-19,CN01,W-07,10
S-011671,C-0101,2026-07-19,HV01,W-06,45
S-011672,C-0103,2026-07-19,RF01,W-06,15
S-011673,C-0103,2026-07-19, ch02  ,W-05,90
S-011674,C-0118,2026-07-19,PH01,W-07,15
S-011675,C-0120,2026-07-19,ID01,W-10,20
S-011676,C-0121,2026-07-19,CO02,W-11,60
S-011677,C-0130,2026-07-19,CH02,W-04,120
S-011678,C-0141,2026-07-19,CN01,W-09,15
S-011679,C-0146,2026-07-19,CN01,W-08,10
S-011680,C-0148,2026-07-19,CH02,W-01,45
S-011681,C-0171,2026-07-19,CH02,W-01,45
S-011682,C-0174,2026-07-19,FA01,W-02,45
S-011683,C-0183,2026-07-19,CN01,W-05,30
S-011684,C-0197,2026-07-19,CO01,W-11,90
S-011685,C-0197,2026-07-19,CH02,W-03,60
S-011686,C-0204,2026-07-19,FA01,W-04,45
S-011687,C-0207,2026-07-19,CN01,W-10,10
S-011688,C-0216,2026-07-19,TR02,W-09,45
S-011689,C-0217,2026-07-19,HV01,W-04,45
S-011690,C-0245,2026-07-19,RF01,W-03,15
S-011691,C-0249,2026-07-19,CO02,W-11,90
S-011692,C-0251,2026-07-19,IN01,W-08,15
S-011693,C-0273,2026-07-19,CO01,W-12,60
S-011694,C-0277,2026-07-19,IN01,W-01,20
S-011695,C-0285,2026-07-19,FA02,W-14,20
S-011696,C-0007,2026-07-20,CN01,W-06,30
S-011697,C-0007,2026-07-20,FA02,W-13,20
S-011698,C-0009,2026-07-20,HV01,W-05,45
S-011699,C-0020,2026-07-20,CN01,W-08,20
S-011700,C-0022,2026-07-20,FA01,W-02,45
S-011700,C-0022,2026-07-20,FA01,W-02,45
S-011701,C-0042,2026-07-20,CO02,W-11,60
S-011702,C-0048,2026-07-20,FA02,W-14,30
S-011703,C-0052,2026-07-20,FA03,W-13,15
S-011704,C-0088,2026-07-20,FA03,W-13,45
S-011705,C-0103,2026-07-20,RF01,W-06,10
S-011706,C-0104,2026-07-20,CO01,W-12,90
S-011707,C-0114,2026-07-20,HV01,W-03,120
S-011708,C-0126,2026-07-20,PH01,W-02,5
S-011709,C-0147,2026-07-20,IN01,W-02,45
S-011710,C-0152,2026-07-20,CH02,W-02,45
S-011711,C-0166,2026-07-20,CO01,W-12,90
S-011712,C-0166,2026-07-20,cn01,W-01,20
S-011713,C-0169,2026-07-20,PH01,W-07,15
S-011714,C-0173,2026-07-20,CN01,W-04,10
S-011715,C-0197,2026-07-20,TR02,W-01,15
S-011716,C-0205,2026-07-20,CO01,W-12,50
S-011717,C-0207,2026-07-20,CN01,W-10,15
S-011718,C-0212,2026-07-20,PH01,W-04,10
S-011719,C-0222,2026-07-20,FA01,W-05,20
S-011720,C-0228,2026-07-20,CN01,W-02,10
S-011721,C-0234,2026-07-20,CO02,W-11,50
S-011722,C-0255,2026-07-20,PH01,W-03,10
S-011723,C-0255,2026-07-20,CN01,W-03,20
S-011724,C-0265,2026-07-20,PH01,W-10,10
S-011725,C-0269,2026-07-20,CN01,W-06,20
S-011726,C-0269,2026-07-20,CN01,W-06,20
S-011727,C-0270,2026-07-20,HV01,W-05,60
S-011728,C-0273,2026-07-20,CO01,W-12,50
S-011729,C-0278,2026-07-20,CH02,W-04,120
S-011730,C-0287,2026-07-20,CO01,W-11,90
S-011731,C-0299,2026-07-20,TR01,W-08,20
S-011732,C-0001,2026-07-21,CN01,W-04,10
S-011733,C-0014,2026-07-21,PH01,W-09,10
S-011734,C-0016,2026-07-21,CN01,W-09,20
S-011735,C-0018,2026-07-21,PH01,W-05,10
S-011736,C-0037,2026-07-21,PH01,W-02,10
S-011737,C-0048,2026-07-21,FA01,W-02,15
S-011738,C-0049,2026-07-21,IN01,W-05,15
S-011739,C-0058,2026-07-21,PH01,W-09,20
S-011740,C-0073,2026-07-21,CO02,W-12,50
S-011741,C-0074,2026-07-21,FA01,W-02,30
S-011742,C-0082,2026-07-21,IN01,W-09,15
S-011743,C-0092,2026-07-21,CN01,W-05,20
S-011744,C-0097,2026-07-21,TR01,W-09,20
S-011745,C-0103,2026-07-21,TR02,W-06,30
S-011746,C-0118,2026-07-21,FA01,W-07,15
S-011747,C-0134,2026-07-21,FA03,W-14,45
S-011748,C-0146,2026-07-21,CH02,W-05,90
S-011749,C-0157,2026-07-21,CO01,W-11,50
S-011750,C-0174,2026-07-21,CN01,W-02,15
S-011751,C-0197,2026-07-21,CN01,W-01,10
S-011752,C-0201,2026-07-21,HV01,W-05,90
S-011753,C-0207,2026-07-21,CN01,W-10,10
S-011754,C-0222,2026-07-21,IN01,W-05,15
S-011755,C-0224,2026-07-21,CN01,W-08,10
S-011756,C-0224,2026-07-21,CH02,W-05,45
S-011757,C-0230,2026-07-21,CO02,W-12,90
S-011758,C-0232,2026-07-21,CN01,W-01,15
S-011759,C-0249,2026-07-21,FA02,W-14,20
S-011760,C-0265,2026-07-21, ph01  ,W-10,5
S-011761,C-0268,2026-07-21,RF01,W-07,30
S-011762,C-0271,2026-07-21,CN01,W-02,20
S-011763,C-0008,2026-07-22,CN01,W-09,30
S-011764,C-0012,2026-07-22,CO02,W-12,60
S-011765,C-0014,2026-07-22,CH02,W-01,90
S-011766,C-0020,2026-07-22,CO01,W-11,50
S-011767,C-0020,2026-07-22,FA02,W-14,20
S-011768,C-0026,2026-07-22,FA01,W-10,30
S-011769,C-0026,2026-07-22,PH01,W-10,20
S-011770,C-0034,2026-07-22,CN01,W-03,10
S-011771,C-0052,2026-07-22,FA02,W-13,30
S-011772,C-0055,2026-07-22,TR01,W-09,15
S-011773,C-0060,2026-07-22,HV01,W-02,90
S-011774,C-0073,2026-07-22,CO02 ,W-11,90
S-011775,C-0076,2026-07-22,TR02,W-08,20
S-011776,C-0087,2026-07-22,PH01,W-01,15
S-011777,C-0087,2026-07-22,CN01,W-01,10
S-011778,C-0088,2026-07-22,CN01,W-06,20
S-011779,C-0092,2026-07-22,PH01,W-05,10
S-011780,C-0103,2026-07-22,CN01,W-06,15
S-011781,C-0115,2026-07-22,CO01,W-11,50
S-011782,C-0118,2026-07-22,CN01,W-07,10
S-011783,C-0120,2026-07-22,IN01,W-10,20
S-011784,C-0126,2026-07-22,ID01,W-02,30
S-011785,C-0131,2026-07-22,CO01,W-12,90
S-011786,C-0131,2026-07-22,TR02,W-09,30
S-011787,C-0151,2026-07-22,IN01,W-02,30
S-011788,C-0160,2026-07-22,HV01,W-05,45
S-011789,C-0160,2026-07-22,CH02,W-04,60
S-011790,C-0163,2026-07-22,CN01,W-01,10
S-011791,C-0163,2026-07-22,HV01,W-02,45
S-011792,C-0171,2026-07-22,HV01,W-02,120
S-011793,C-0173,2026-07-22,IN01,W-04,30
S-011794,C-0174,2026-07-22,IN01,W-02,45
S-011795,C-0174,2026-07-22,CH02,W-03,60
S-011796,C-0182,2026-07-22,IN01,W-05,45
S-011797,C-0184,2026-07-22,TR01,W-09,15
S-011798,C-0189,2026-07-22,CO01,W-11,50
S-011799,C-0206,2026-07-22,PH01,W-04,10
S-011800,C-0214,2026-07-22,FA03,W-14,20
S-011801,C-0223,2026-07-22, co01  ,W-11,90
S-011802,C-0226,2026-07-22,CH02,W-03,45
S-011803,C-0229,2026-07-22,FA03,W-13,20
S-011804,C-0245,2026-07-22,TR01,W-03,30
S-011805,C-0246,2026-07-22,CN01,W-10,20
S-011806,C-0246,2026-07-22,PH01,W-10,10
S-011807,C-0259,2026-07-22,HV01,W-05,120
S-011808,C-0279,2026-07-22,HV01,W-04,120
S-011809,C-0281,2026-07-22,PH01,W-01,10
S-011810,C-0284,2026-07-22,TR01,W-08,20
S-011811,C-0285,2026-07-22,HV01,W-06,90
S-011812,C-0287,2026-07-22,TR01,W-06,45
S-011813,C-0295,2026-07-22,HV01,W-03,90
S-011814,C-0295,2026-07-22,HV01,W-06,90
S-011815,C-0002,2026-07-23,CO02,W-11,90
S-011816,C-0009,2026-07-23,CN01,W-05,20
S-011817,C-0015,2026-07-23,ID01,W-05,30
S-011818,C-0026,2026-07-23,HV01,W-05,90
S-011819,C-0028,2026-07-23,TR01,W-06,30
S-011820,C-0034,2026-07-23,TR01,W-03,15
S-011821,C-0042,2026-07-23,PH01,W-07,20
S-011822,C-0043,2026-07-23,HV01,W-01,60
S-011823,C-0049,2026-07-23,CO01,W-12,50
S-011824,C-0066,2026-07-23,CN01,W-05,30
S-011825,C-0074,2026-07-23,RF01,W-02,20
S-011826,C-0088,2026-07-23,TR02,W-06,30
S-011827,C-0100,2026-07-23,IN01,W-09,15
S-011828,C-0106,2026-07-23,PH01,W-03,5
S-011829,C-0114,2026-07-23,CH02,W-06,120
S-011830,C-0126,2026-07-23,PH01,W-02,20
S-011831,C-0131,2026-07-23,CN01,W-09,20
S-011832,C-0156,2026-07-23,CN01,W-05,20
S-011833,C-0159,2026-07-23,FA01,W-07,30
S-011834,C-0184,2026-07-23,CN01,W-09,20
S-011835,C-0191,2026-07-23,PH01,W-05,20
S-011836,C-0194,2026-07-23,CN01,W-02,15
S-011837,C-0195,2026-07-23,CN01,W-07,15
S-011838,C-0206,2026-07-23,CO01,W-12,90
S-011839,C-0207,2026-07-23,CO01,W-12,60
S-011840,C-0209,2026-07-23,CH02,W-01,120
S-011841,C-0209,2026-07-23,PH01,W-05,5
S-011842,C-0209,2026-07-23,TR02,W-05,20
S-011843,C-0224,2026-07-23,RF01,W-08,10
S-011844,C-0238,2026-07-23,CN01,W-03,20
S-011845,C-0238,2026-07-23,ID01,W-03,20
S-011846,C-0245,2026-07-23,PH01,W-03,20
S-011847,C-0248,2026-07-23,PH01,W-04,20
S-011848,C-0257,2026-07-23,PH01,W-05,20
S-011849,C-0261,2026-07-23,FA01,W-06,30
S-011850,C-0261,2026-07-23,HV01,W-05,45
S-011851,C-0262,2026-07-23,fa03,W-13,30
S-011852,C-0278,2026-07-23,CN01,W-02,15
S-011853,C-0292,2026-07-23,HV01,W-03,45
S-011854,C-0298,2026-07-23,RF01,W-07,20
S-011855,C-0300,2026-07-23,RF01,W-05,15
S-011856,C-0300,2026-07-23,CN01,W-05,15
S-011857,C-0004,2026-07-24,PH01,W-07,20
S-011858,C-0012,2026-07-24,HV01,W-02,90
S-011859,C-0016,2026-07-24,RF01,W-09,10
S-011860,C-0018,2026-07-24,RF01,W-05,15
S-011861,C-0020,2026-07-24,ch02,W-06,45
S-011862,C-0020,2026-07-24,PH01,W-08,15
S-011863,C-0020,2026-07-24,CN01,W-08,30
S-011864,C-0022,2026-07-24,HV01,W-01,120
S-011865,C-0034,2026-07-24,HV01,W-02,120
S-011866,C-0052,2026-07-24,FA02,W-13,20
S-011867,C-0058,2026-07-24,CO01,W-11,90
S-011868,C-0071,2026-07-24,TR02 ,W-09,45
S-011869,C-0074,2026-07-24,CN01,W-02,30
S-011870,C-0076,2026-07-24,TR02,W-08,45
S-011871,C-0087,2026-07-24,CO01,W-12,50
S-011872,C-0089,2026-07-24,CN01,W-06,20
S-011873,C-0115,2026-07-24,HV01,W-06,120
S-011874,C-0133,2026-07-24,CN01,W-09,20
S-011875,C-0144,2026-07-24,CN01,W-05,15
S-011876,C-0147,2026-07-24,IN01,W-02,45
S-011877,C-0151,2026-07-24,HV01,W-04,90
S-011878,C-0191,2026-07-24,CO02,W-11,90
S-011879,C-0196,2026-07-24,FA02,W-14,20
S-011880,C-0212,2026-07-24,PH01,W-04,15
S-011881,C-0222,2026-07-24,ID01,W-05,20
S-011882,C-0236,2026-07-24,PH01,W-01,20
S-011883,C-0248,2026-07-24,CO01,W-11,90
S-011884,C-0256,2026-07-24,TR02,W-03,30
S-011885,C-0261,2026-07-24,ID01,W-06,45
S-011886,C-0264,2026-07-24,PH01,W-08,15
S-011887,C-0281,2026-07-24,CO02,W-11,60
S-011888,C-0285,2026-07-24,HV01 ,W-04,120
S-011889,C-0285,2026-07-24,CN01,W-08,15
S-011890,C-0287,2026-07-24,CN01,W-06,10
S-011891,C-0289,2026-07-24,CN01,W-10,30
S-011892,C-0292,2026-07-24,TR01,W-07,20
S-011893,C-0295,2026-07-24,RF01,W-04,30
S-011894,C-0010,2026-07-25,CH02,W-06,120
S-011895,C-0015,2026-07-25,CO01,W-12,90
S-011896,C-0018,2026-07-25,PH01,W-05,15
S-011897,C-0019,2026-07-25,FA01,W-09,20
S-011898,C-0026,2026-07-25,FA01,W-10,15
S-011899,C-0041,2026-07-25,CO02,W-12,60
S-011900,C-0056,2026-07-25,CO02,W-12,60
S-011901,C-0065,2026-07-25,FA02,W-14,30
S-011902,C-0074,2026-07-25,TR02,W-02,30
S-011903,C-0076,2026-07-25,CO01,W-11,60
S-011904,C-0087,2026-07-25,FA02,W-13,20
S-011905,C-0095,2026-07-25,HV01,W-06,120
S-011906,C-0103,2026-07-25,CO02,W-12,60
S-011907,C-0104,2026-07-25,RF01,W-10,30
S-011908,C-0106,2026-07-25,PH01,W-03,15
S-011909,C-0111,2026-07-25,PH01,W-01,15
S-011910,C-0124,2026-07-25,HV01,W-04,90
S-011911,C-0124,2026-07-25,TR01,W-03,15
S-011912,C-0131,2026-07-25,co02,W-11,90
S-011913,C-0161,2026-07-25,ID01,W-08,15
S-011914,C-0181,2026-07-25,FA01,W-10,45
S-011915,C-0182,2026-07-25,CH02,W-03,45
S-011916,C-0182,2026-07-25,HV01,W-06,60
S-011917,C-0183,2026-07-25,CN01,W-05,15
S-011918,C-0184,2026-07-25,PH01,W-09,5
S-011919,C-0186,2026-07-25,TR02 ,W-06,15
S-011920,C-0189,2026-07-25,CO01,W-11,60
S-011921,C-0193,2026-07-25,CO01,W-11,90
S-011922,C-0197,2026-07-25,RF01,W-01,10
S-011923,C-0205,2026-07-25,CN01,W-04,20
S-011924,C-0207,2026-07-25,HV01,W-03,45
S-011925,C-0208,2026-07-25,FA01,W-09,30
S-011926,C-0230,2026-07-25,cn01,W-02,30
S-011927,C-0232,2026-07-25,RF01,W-01,30
S-011928,C-0232,2026-07-25,hv01,W-05,60
S-011929,C-0232,2026-07-25,CH02,W-04,45
S-011930,C-0233,2026-07-25,PH01,W-09,15
S-011931,C-0246,2026-07-25, co02  ,W-12,60
S-011932,C-0257,2026-07-25,PH01,W-05,20
S-011933,C-0262,2026-07-25,RF01,W-03,30
S-011934,C-0265,2026-07-25,CN01 ,W-10,10
S-011935,C-0285,2026-07-25,HV01,W-03,90
S-011936,C-0001,2026-07-26,CN01,W-04,20
S-011937,C-0008,2026-07-26,CO01,W-11,50
S-011938,C-0034,2026-07-26,FA03,W-13,30
S-011939,C-0034,2026-07-26,TR02,W-03,20
S-011940,C-0037,2026-07-26,CH02,W-05,120
S-011941,C-0039,2026-07-26,FA03,W-13,15
S-011942,C-0055,2026-07-26,PH01,W-09,10
S-011943,C-0073,2026-07-26,CN01,W-02,30
S-011944,C-0082,2026-07-26,PH01,W-09,5
S-011945,C-0086,2026-07-26,HV01,W-06,45
S-011946,C-0087,2026-07-26,CO02,W-12,60
S-011947,C-0088,2026-07-26,CH02,W-05,120
S-011948,C-0126,2026-07-26,CH02,W-01,45
S-011949,C-0128,2026-07-26,FA01,W-09,30
S-011950,C-0144,2026-07-26,PH01,W-05,10
S-011951,C-0147,2026-07-26,FA01,W-02,15
S-011952,C-0152,2026-07-26,TR01,W-08,15
S-011953,C-0173,2026-07-26,ID01,W-04,45
S-011954,C-0187,2026-07-26,RF01,W-06,20
S-011955,C-0189,2026-07-26,TR02,W-01,45
S-011956,C-0193,2026-07-26,PH01,W-01,20
S-011957,C-0193,2026-07-26,PH01,W-01,20
S-011958,C-0195,2026-07-26,IN01,W-07,30
S-011959,C-0207,2026-07-26,HV01,W-01,60
S-011960,C-0207,2026-07-26,FA03,W-13,30
S-011961,C-0212,2026-07-26, hv01  ,W-01,60
S-011962,C-0216,2026-07-26,HV01,W-05,60
S-011963,C-0229,2026-07-26,PH01 ,W-02,10
S-011964,C-0229,2026-07-26,TR01,W-02,30
S-011965,C-0232,2026-07-26,IN01,W-01,20
S-011966,C-0264,2026-07-26,CN01,W-08,15
S-011967,C-0265,2026-07-26,CN01,W-10,30
S-011968,C-0269,2026-07-26,RF01,W-06,20
S-011969,C-0270,2026-07-26,CO01,W-12,50
S-011970,C-0288,2026-07-26,TR01,W-10,15
S-011971,C-0296,2026-07-26,CN01,W-10,10
S-011972,C-0002,2026-07-27,RF01,W-08,30
S-011973,C-0009,2026-07-27,CO01 ,W-12,50
S-011974,C-0013,2026-07-27,CH02,W-03,45
S-011975,C-0016,2026-07-27,FA03,W-13,30
S-011976,C-0016,2026-07-27,PH01,W-09,20
S-011977,C-0022,2026-07-27,TR01,W-02,15
S-011978,C-0041,2026-07-27,TR02,W-05,45
S-011979,C-0042,2026-07-27,PH01,W-07,5
S-011980,C-0044,2026-07-27,CO01,W-12,90
S-011981,C-0056,2026-07-27,CH02,W-06,45
S-011982,C-0070,2026-07-27,IN01,W-01,20
S-011983,C-0070,2026-07-27,HV01,W-05,120
S-011984,C-0071,2026-07-27,CH02,W-03,120
S-011985,C-0074,2026-07-27,PH01,W-02,10
S-011985,C-0074,2026-07-27,PH01,W-02,10
S-011986,C-0087,2026-07-27,CO01,W-11,60
S-011987,C-0088,2026-07-27,CN01 ,W-06,30
S-011988,C-0092,2026-07-27,PH01,W-05,5
S-011989,C-0100,2026-07-27,PH01,W-09,5
S-011990,C-0101,2026-07-27,FA01,W-01,15
S-011991,C-0104,2026-07-27,RF01,W-10,10
S-011992,C-0111,2026-07-27,IN01,W-01,20
S-011993,C-0133,2026-07-27,FA03,W-13,45
S-011994,C-0138,2026-07-27,CN01,W-04,15
S-011995,C-0148,2026-07-27,FA01 ,W-06,15
S-011996,C-0163,2026-07-27,CN01,W-01,30
S-011997,C-0179,2026-07-27,TR02,W-05,15
S-011998,C-0189,2026-07-27,FA01,W-01,15
S-011999,C-0207,2026-07-27,CN01,W-10,20
S-012000,C-0208,2026-07-27,PH01,W-09,15
S-012001,C-0209,2026-07-27,CO01,W-11,60
S-012002,C-0226,2026-07-27,PH01,W-04,5
S-012003,C-0256,2026-07-27,CN01,W-03,15
S-012004,C-0264,2026-07-27,PH01,W-08,10
S-012005,C-0268,2026-07-27,IN01,W-07,15
S-012006,C-0270,2026-07-27,CN01,W-08,30
S-012007,C-0278,2026-07-27,CN01,W-02,20
S-012008,C-0289,2026-07-27,HV01,W-02,45
S-012009,C-0001,2026-07-28,TR01,W-04,45
S-012010,C-0004,2026-07-28,HV01,W-01,60
S-012011,C-0006,2026-07-28,CN01,W-03,15
S-012012,C-0008,2026-07-28,CO02,W-11,60
S-012013,C-0014,2026-07-28,FA02,W-13,45
S-012014,C-0015,2026-07-28,CO02,W-12,90
S-012015,C-0022,2026-07-28,PH01,W-02,10
S-012016,C-0029,2026-07-28,CN01,W-08,10
S-012017,C-0034,2026-07-28,CN01,W-03,20
S-012018,C-0037,2026-07-28,FA02,W-13,30
S-012019,C-0058,2026-07-28,CN01,W-09,10
S-012020,C-0063,2026-07-28,FA03,W-13,30
S-012021,C-0069,2026-07-28,CN01,W-09,10
S-012022,C-0069,2026-07-28,CN01,W-09,20
S-012023,C-0073,2026-07-28,HV01,W-04,60
S-012024,C-0092,2026-07-28,CN01,W-05,20
S-012025,C-0096,2026-07-28,FA03,W-13,30
S-012026,C-0100,2026-07-28,CN01,W-09,30
S-012027,C-0114,2026-07-28,CN01,W-08,10
S-012027,C-0114,2026-07-28,CN01,W-08,10
S-012028,C-0115,2026-07-28,,W-04,20
S-012029,C-0115,2026-07-28,cn01,W-04,10
S-012030,C-0120,2026-07-28,PH01,W-10,15
S-012031,C-0121,2026-07-28,CN01,W-05,20
S-012032,C-0126,2026-07-28,PH01,W-02,10
S-012033,C-0126,2026-07-28,RF01,W-02,10
S-012034,C-0134,2026-07-28,CN01,W-07,20
S-012035,C-0141,2026-07-28,TR01,W-09,45
S-012036,C-0146,2026-07-28,RF01,W-08,10
S-012037,C-0182,2026-07-28,TR02,W-05,20
S-012038,C-0184,2026-07-28,FA02,W-13,20
S-012039,C-0186,2026-07-28,CO01,W-12,60
S-012040,C-0201,2026-07-28,ID01,W-05,15
S-012041,C-0207,2026-07-28,CH02,W-03,120
S-012042,C-0224,2026-07-28,PH01,W-08,20
S-012043,C-0227,2026-07-28,PH01,W-08,15
S-012044,C-0232,2026-07-28,TR01,W-01,15
S-012045,C-0234,2026-07-28,PH01,W-07,10
S-012046,C-0236,2026-07-28,HV01,W-03,120
S-012047,C-0241,2026-07-28,FA02,W-14,15
S-012048,C-0246,2026-07-28,CH02,W-03,120
S-012049,C-0251,2026-07-28,PH01,W-08,20
S-012050,C-0268,2026-07-28,CN01,W-07,15
S-012051,C-0273,2026-07-28,FA01,W-01,45
S-012052,C-0280,2026-07-28,PH01,W-04,15
S-012053,C-0289,2026-07-28,FA02,W-14,30
S-012054,C-0293,2026-07-28,CO01,W-11,60
S-012055,C-0295,2026-07-28,TR02,W-04,15
S-012056,C-0299,2026-07-28,CN01,W-08,10
S-012057,C-0006,2026-07-29,PH01,W-03,5
S-012058,C-0013,2026-07-29,HV01,W-02,90
S-012059,C-0014,2026-07-29,HV01,W-04,90
S-012060,C-0014,2026-07-29,HV01,W-04,120
S-012061,C-0017,2026-07-29,ID01,W-09,20
S-012062,C-0020,2026-07-29,CH02,W-04,45
S-012063,C-0022,2026-07-29,CN01,W-02,30
S-012064,C-0022,2026-07-29,CN01,W-02,15
S-012065,C-0034,2026-07-29,PH01,W-03,10
S-012066,C-0070,2026-07-29,CN01,W-01,30
S-012067,C-0087,2026-07-29,TR02,W-01,15
S-012068,C-0091,2026-07-29,RF01,W-10,30
S-012069,C-0095,2026-07-29,PH01,W-06,5
S-012070,C-0101,2026-07-29,PH01,W-01,15
S-012071,C-0111,2026-07-29,CH02,W-01,60
S-012072,C-0126,2026-07-29, ph01  ,W-02,10
S-012073,C-0130,2026-07-29,FA01,W-04,45
S-012074,C-0148,2026-07-29,CN01,W-06,30
S-012075,C-0152,2026-07-29,CN01,W-08,30
S-012076,C-0163,2026-07-29,FA02,W-14,20
S-012077,C-0179,2026-07-29,HV01,W-05,60
S-012078,C-0204,2026-07-29,HV01,W-01,120
S-012079,C-0229,2026-07-29,CO01,W-12,90
S-012080,C-0230,2026-07-29,TR02,W-02,20
S-012081,C-0241,2026-07-29,RF01,W-04,20
S-012082,C-0255,2026-07-29,TR02,W-03,20
S-012083,C-0264,2026-07-29,FA03,W-14,30
S-012084,C-0279,2026-07-29,CN01 ,W-03,10
S-012085,C-0279,2026-07-29,ID01,W-03,30
S-012086,C-0289,2026-07-29,CN01,W-10,20
S-012087,C-0289,2026-07-29,CN01,W-10,10
S-012088,C-0292,2026-07-29,CH02,W-04,120
S-012089,C-0293,2026-07-29,TR02,W-01,45
S-012090,C-0298,2026-07-29,PH01,W-07,20
S-012091,C-0012,2026-07-30,TR01,W-02,30
S-012092,C-0016,2026-07-30,RF01,W-09,20
S-012093,C-0037,2026-07-30,CO01,W-11,90
S-012094,C-0037,2026-07-30,PH01,W-02,20
S-012095,C-0048,2026-07-30,PH01,W-02,10
S-012096,C-0058,2026-07-30,IN01,W-09,15
S-012097,C-0060,2026-07-30,IN01,W-07,45
S-012098,C-0065,2026-07-30,CH02,W-01,60
S-012099,C-0088,2026-07-30,RF01,W-06,30
S-012100,C-0096,2026-07-30,CH02,W-04,90
S-012101,C-0099,2026-07-30,IN01,W-02,45
S-012102,C-0099,2026-07-30,FA03,W-14,45
S-012103,C-0104,2026-07-30,HV01,W-06,45
S-012104,C-0111,2026-07-30,CN01,W-01,20
S-012105,C-0118,2026-07-30,FA01,W-07,45
S-012106,C-0120,2026-07-30,TR02,W-10,30
S-012107,C-0133,2026-07-30,PH01,W-09,20
S-012108,C-0141,2026-07-30,CH02,W-04,45
S-012109,C-0148,2026-07-30,CN01,W-06,30
S-012110,C-0150,2026-07-30,CO01,W-12,50
S-012111,C-0156,2026-07-30,TR01,W-05,15
S-012112,C-0156,2026-07-30,CH02,W-03,90
S-012113,C-0160,2026-07-30,PH01,W-05,5
S-012114,C-0171,2026-07-30,HV01,W-04,90
S-012115,C-0173,2026-07-30,CN01,W-04,15
S-012116,C-0173,2026-07-30,CO02,W-11,60
S-012117,C-0180,2026-07-30,CH02 ,W-02,90
S-012118,C-0181,2026-07-30,CO01,W-11,50
S-012119,C-0188,2026-07-30,TR01,W-07,45
S-012120,C-0189,2026-07-30,CN01,W-01,30
S-012121,C-0189,2026-07-30,CO02,W-12,60
S-012122,C-0205,2026-07-30,PH01,W-04,10
S-012123,C-0209,2026-07-30,HV01,W-05,60
S-012124,C-0223,2026-07-30,PH01,W-06,20
S-012125,C-0233,2026-07-30,TR01,W-09,30
S-012126,C-0234,2026-07-30,CH02,W-01,45
S-012127,C-0241,2026-07-30,HV01,W-06,60
S-012128,C-0246,2026-07-30,PH01,W-10,10
S-012129,C-0255,2026-07-30,CO01,W-11,50
S-012130,C-0256,2026-07-30,CH02,W-02,45
S-012131,C-0261,2026-07-30,CO02,W-12,50
S-012132,C-0262,2026-07-30,CH02,W-05,120
S-012133,C-0262,2026-07-30,CN01,W-03,10
S-012134,C-0293,2026-07-30,CO01,W-11,90
S-012135,C-0006,2026-07-31,ph01,W-03,15
S-012136,C-0009,2026-07-31,CH02,W-04,45
S-012137,C-0014,2026-07-31,CH02,W-05,120
S-012138,C-0035,2026-07-31,CH02,W-06,90
S-012139,C-0058,2026-07-31,HV01,W-06,120
S-012140,C-0073,2026-07-31,CO01,W-12,90
S-012141,C-0092,2026-07-31,CO02,W-11,90
S-012142,C-0095,2026-07-31,ph01,W-06,10
S-012143,C-0099,2026-07-31,RF01,W-02,10
S-012144,C-0101,2026-07-31,HV01,W-02,45
S-012145,C-0106,2026-07-31,TR02,W-03,30
S-012146,C-0114,2026-07-31,RF01,W-08,30
S-012147,C-0115,2026-07-31,FA02,W-14,30
S-012148,C-0115,2026-07-31,ID01,W-04,20
S-012149,C-0120,2026-07-31,FA02,W-13,15
S-012150,C-0130,2026-07-31,TR01,W-04,30
S-012151,C-0133,2026-07-31,CN01,W-09,15
S-012152,C-0152,2026-07-31,TR01,W-08,20
S-012153,C-0156,2026-07-31,IN01,W-05,20
S-012154,C-0165,2026-07-31,tr01,W-10,15
S-012155,C-0171,2026-07-31,PH01,W-07,5
S-012156,C-0172,2026-07-31,IN01,W-06,20
S-012157,C-0184,2026-07-31,CN01,W-09,30
S-012158,C-0191,2026-07-31,FA01,W-05,20
S-012159,C-0193,2026-07-31,CN01,W-01,15
S-012160,C-0194,2026-07-31,HV01,W-06,45
S-012161,C-0196,2026-07-31,RF01,W-05,10
S-012162,C-0201,2026-07-31,TR02,W-05,15
S-012163,C-0212,2026-07-31,CN01,W-04,15
S-012164,C-0229,2026-07-31,CH02,W-05,45
S-012165,C-0229,2026-07-31,PH01,W-02,20
S-012166,C-0233,2026-07-31,CO02,W-12,60
S-012167,C-0246,2026-07-31,FA02,W-14,45
S-012168,C-0255,2026-07-31,CO01,W-12,90
S-012169,C-0269,2026-07-31,FA03,W-13,20
S-012170,C-0270,2026-07-31,HV01,W-06,90
S-012171,C-0271,2026-07-31,FA03,W-14,45
S-012172,C-0278,2026-07-31,PH01,W-02,10
S-012173,C-0280,2026-07-31,FA03,W-14,15
S-012174,C-0293,2026-07-31,HV01,W-01,60
S-012175,C-0295,2026-07-31,PH01,W-04,20
S-012176,C-0296,2026-07-31,CN01,W-10,30
S-012177,C-0299,2026-07-31,in01,W-08,30
S-012178,C-0009,2026-08-01,CH02,W-05,60
S-012179,C-0010,2026-08-01,CH02 ,W-06,45
S-012180,C-0019,2026-08-01,HV01,W-02,60
S-012181,C-0020,2026-08-01,FA02,W-14,30
S-012182,C-0025,2026-08-01,CO02,W-12,50
S-012183,C-0026,2026-08-01,FA01,W-10,15
S-012183,C-0026,2026-08-01,FA01,W-10,15
S-012184,C-0034,2026-08-01,CN01,W-03,15
S-012185,C-0054,2026-08-01,TR02,W-07,20
S-012186,C-0063,2026-08-01,co02,W-11,50
S-012187,C-0087,2026-08-01,PH01,W-01,15
S-012188,C-0095,2026-08-01,IN01,W-06,45
S-012189,C-0097,2026-08-01,CH02,W-01,90
S-012190,C-0101,2026-08-01,FA03,W-14,45
S-012191,C-0106,2026-08-01,TR02,W-03,15
S-012192,C-0117,2026-08-01,FA02 ,W-14,20
S-012193,C-0117,2026-08-01,CH02,W-06,45
S-012194,C-0124,2026-08-01,CH02,W-06,120
S-012195,C-0127,2026-08-01,FA01,W-08,45
S-012196,C-0128,2026-08-01,CN01,W-09,20
S-012197,C-0151,2026-08-01,CH02,W-01,90
S-012198,C-0166,2026-08-01,CN01,W-01,15
S-012199,C-0178,2026-08-01,CO01,W-12,60
S-012200,C-0179,2026-08-01,RF01,W-05,20
S-012201,C-0196,2026-08-01,PH01,W-05,10
S-012202,C-0197,2026-08-01,CO01,W-11,60
S-012203,C-0200,2026-08-01,CH02,W-01,120
S-012204,C-0205,2026-08-01,CO01,W-12,60
S-012205,C-0214,2026-08-01,TR02,W-09,45
S-012206,C-0216,2026-08-01,TR01,W-09,45
S-012207,C-0238,2026-08-01,FA01,W-03,30
S-012208,C-0241,2026-08-01,IN01,W-04,15
S-012209,C-0255,2026-08-01,CN01,W-03,20
S-012210,C-0255,2026-08-01,CN01,W-03,15
S-012211,C-0256,2026-08-01,HV01,W-06,45
S-012212,C-0256,2026-08-01,RF01,W-03,15
S-012213,C-0256,2026-08-01,CO01,W-11,90
S-012214,C-0265,2026-08-01,CO02,W-11,90
S-012215,C-0271,2026-08-01,FA01,W-02,15
S-012216,C-0280,2026-08-01,TR02,W-04,45
S-012217,C-0295,2026-08-01,FA02,W-13,30
S-012218,C-0299,2026-08-01,HV01,W-04,45
S-012219,C-0015,2026-08-02,HV01,W-03,45
S-012220,C-0016,2026-08-02,PH01,W-09,20
S-012221,C-0017,2026-08-02,PH01,W-09,15
S-012222,C-0028,2026-08-02,PH01,W-06,15
S-012223,C-0028,2026-08-02,PH01,W-06,10
S-012224,C-0029,2026-08-02,CH02,W-05,45
S-012225,C-0034,2026-08-02,CN01,W-03,30
S-012226,C-0042,2026-08-02,TR02,W-07,15
S-012227,C-0043,2026-08-02,TR02 ,W-02,45
S-012228,C-0048,2026-08-02,FA01,W-02,30
S-012229,C-0088,2026-08-02,CN01,W-06,15
S-012230,C-0089,2026-08-02,CN01,W-06,20
S-012231,C-0091,2026-08-02,CN01,W-10,15
S-012232,C-0118,2026-08-02,HV01,W-06,120
S-012233,C-0118,2026-08-02,RF01,W-07,10
S-012234,C-0121,2026-08-02,CN01,W-05,20
S-012235,C-0163,2026-08-02,PH01,W-01,10
S-012236,C-0168,2026-08-02,CO01,W-12,90
S-012237,C-0171,2026-08-02,PH01,W-07,20
S-012238,C-0174,2026-08-02,CO01,W-11,50
S-012239,C-0181,2026-08-02,CN01,W-10,20
S-012240,C-0184,2026-08-02,TR01,W-09,45
S-012241,C-0188,2026-08-02,PH01,W-07,20
S-012242,C-0193,2026-08-02,CN01,W-01,10
S-012243,C-0195,2026-08-02,CN01,W-07,30
S-012244,C-0196,2026-08-02,FA03,W-14,30
S-012245,C-0205,2026-08-02,cn01,W-04,15
S-012246,C-0205,2026-08-02,PH01,W-04,5
S-012247,C-0208,2026-08-02,TR02,W-09,45
S-012248,C-0212,2026-08-02,CH02,W-01,45
S-012249,C-0229,2026-08-02,PH01,W-02,5
S-012250,C-0233,2026-08-02,CO02,W-11,60
S-012251,C-0233,2026-08-02,CN01,W-09,20
S-012252,C-0236,2026-08-02,CN01,W-01,30
S-012253,C-0238,2026-08-02,IN01 ,W-03,45
S-012254,C-0245,2026-08-02,ID01,W-03,15
S-012255,C-0261,2026-08-02,CN01,W-06,30
S-012256,C-0264,2026-08-02,FA01,W-08,20
S-012257,C-0264,2026-08-02,PH01,W-08,10
S-012258,C-0269,2026-08-02,TR01,W-06,15
S-012259,C-0272,2026-08-02,HV01,W-04,60
S-012260,C-0273,2026-08-02,TR01,W-01,45
S-012261,C-0277,2026-08-02,CN01 ,W-01,15
S-012262,C-0279,2026-08-02,ID01,W-03,20
S-012263,C-0298,2026-08-02,CN01,W-07,30
S-012264,C-0299,2026-08-02,FA02,W-14,15
S-012265,C-0300,2026-08-02,CN01,W-05,10
S-012266,C-0300,2026-08-02,HV01,W-01,45
S-012267,C-0006,2026-08-03,CH02,W-03,90
S-012268,C-0015,2026-08-03,HV01,W-06,45
S-012269,C-0018,2026-08-03,CH02,W-06,60
S-012270,C-0019,2026-08-03,CN01,W-09,30
S-012271,C-0025,2026-08-03,ID01,W-10,45
S-012272,C-0025,2026-08-03,CH02,W-06,90
S-012273,C-0026,2026-08-03,FA01,W-10,30
S-012274,C-0026,2026-08-03,CH02,W-02,60
S-012275,C-0060,2026-08-03,fa01,W-07,15
S-012276,C-0060,2026-08-03,TR02,W-07,15
S-012277,C-0087,2026-08-03,TR02,W-01,20
S-012278,C-0088,2026-08-03,CH02,W-02,45
S-012279,C-0088,2026-08-03,CN01,W-06,30
S-012280,C-0104,2026-08-03,CN01,W-10,30
S-012281,C-0117,2026-08-03,HV01,W-04,90
S-012282,C-0126,2026-08-03,CO01,W-11,90
S-012282,C-0126,2026-08-03,CO01,W-11,90
S-012283,C-0126,2026-08-03,HV01,W-06,60
S-012284,C-0127,2026-08-03,CN01,W-08,15
S-012285,C-0127,2026-08-03,ID01,W-08,15
S-012286,C-0130,2026-08-03,CN01,W-04,10
S-012287,C-0133,2026-08-03,CN01,W-09,10
S-012288,C-0151,2026-08-03,ID01,W-02,45
S-012289,C-0156,2026-08-03,CN01,W-05,15
S-012290,C-0156,2026-08-03,FA03,W-13,30
S-012291,C-0156,2026-08-03,PH01,W-05,15
S-012292,C-0160,2026-08-03,RF01,W-05,30
S-012293,C-0161,2026-08-03,FA02,W-13,45
S-012294,C-0166,2026-08-03,TR02,W-01,30
S-012295,C-0169,2026-08-03,TR01,W-07,20
S-012296,C-0171,2026-08-03,CN01,W-07,15
S-012297,C-0178,2026-08-03,CN01,W-06,20
S-012298,C-0181,2026-08-03,IN01 ,W-10,15
S-012299,C-0186,2026-08-03,HV01,W-06,120
S-012300,C-0187,2026-08-03,IN01,W-06,15
S-012301,C-0189,2026-08-03,CO01,W-11,60
S-012302,C-0224,2026-08-03,IN01,W-08,30
S-012303,C-0230,2026-08-03,rf01,W-02,30
S-012303,C-0230,2026-08-03,rf01,W-02,30
S-012304,C-0241,2026-08-03,CO01,W-12,90
S-012305,C-0248,2026-08-03,CO01,W-12,50
S-012306,C-0251,2026-08-03,CO02,W-12,50
S-012307,C-0256,2026-08-03,PH01,W-03,20
S-012308,C-0270,2026-08-03,CN01,W-08,30
S-012309,C-0272,2026-08-03,FA02,W-14,15
S-012310,C-0272,2026-08-03,,W-02,5
S-012311,C-0273,2026-08-03,TR01 ,W-01,15
S-012312,C-0292,2026-08-03,in01,W-07,15
S-012313,C-0292,2026-08-03,CN01,W-07,30
S-012314,C-0293,2026-08-03,PH01,W-01,20
S-012315,C-0299,2026-08-03,CH02,W-06,120
S-012316,C-0007,2026-08-04,CN01,W-06,20
S-012317,C-0010,2026-08-04,IN01,W-01,30
S-012318,C-0014,2026-08-04,RF01,W-09,30
S-012319,C-0019,2026-08-04,HV01,W-03,90
S-012320,C-0058,2026-08-04,IN01,W-09,45
S-012321,C-0060,2026-08-04,FA01,W-07,30
S-012322,C-0088,2026-08-04,TR01,W-06,15
S-012323,C-0096,2026-08-04,FA03,W-13,15
S-012324,C-0096,2026-08-04,HV01,W-06,45
S-012325,C-0100,2026-08-04,TR01,W-09,20
S-012326,C-0114,2026-08-04,HV01,W-01,45
S-012327,C-0133,2026-08-04,CN01,W-09,15
S-012328,C-0161,2026-08-04,ID01,W-08,45
S-012329,C-0173,2026-08-04,CN01,W-04,20
S-012330,C-0178,2026-08-04,RF01,W-06,20
S-012331,C-0182,2026-08-04,FA02,W-14,20
S-012332,C-0186,2026-08-04,RF01,W-06,30
S-012333,C-0205,2026-08-04,PH01,W-04,10
S-012334,C-0207,2026-08-04,FA01,W-10,15
S-012335,C-0212,2026-08-04,IN01,W-04,45
S-012336,C-0224,2026-08-04,TR01,W-08,15
S-012337,C-0228,2026-08-04,CN01,W-02,10
S-012338,C-0232,2026-08-04,IN01,W-01,30
S-012339,C-0233,2026-08-04,TR01,W-09,20
S-012340,C-0241,2026-08-04,RF01,W-04,10
S-012341,C-0261,2026-08-04,RF01,W-06,20
S-012342,C-0272,2026-08-04,CH02,W-04,120
S-012343,C-0279,2026-08-04,CO02,W-11,60
S-012344,C-0281,2026-08-04,TR02,W-01,20
S-012345,C-0285,2026-08-04,CN01,W-08,15
S-012346,C-0285,2026-08-04,CH02,W-01,90
S-012347,C-0285,2026-08-04,FA01,W-08,45
S-012348,C-0295,2026-08-04,CN01,W-04,15
S-012349,C-0296,2026-08-04,TR01,W-10,15
S-012350,C-0004,2026-08-05,CO01,W-12,60
S-012351,C-0016,2026-08-05,FA03,W-14,45
S-012352,C-0019,2026-08-05,PH01,W-09,5
S-012353,C-0026,2026-08-05,CN01 ,W-10,15
S-012354,C-0048,2026-08-05,FA01,W-02,45
S-012355,C-0049,2026-08-05,CH02,W-03,60
S-012356,C-0052,2026-08-05,HV01,W-06,60
S-012357,C-0073,2026-08-05,PH01,W-02,5
S-012358,C-0076,2026-08-05,CO01,W-11,50
S-012359,C-0086,2026-08-05,PH01,W-10,20
S-012360,C-0087,2026-08-05,HV01,W-02,45
S-012361,C-0088,2026-08-05,PH01,W-06,10
S-012362,C-0095,2026-08-05,FA02,W-13,20
S-012363,C-0138,2026-08-05,IN01 ,W-04,45
S-012364,C-0146,2026-08-05,ID01,W-08,45
S-012365,C-0146,2026-08-05,PH01 ,W-08,5
S-012366,C-0146,2026-08-05,CN01,W-08,30
S-012367,C-0150,2026-08-05,tr02,W-01,15
S-012368,C-0152,2026-08-05,fa02,W-14,45
S-012369,C-0172,2026-08-05,CN01,W-06,30
S-012370,C-0174,2026-08-05,CO01,W-11,90
S-012371,C-0174,2026-08-05,IN01,W-02,20
S-012372,C-0188,2026-08-05,FA01,W-07,20
S-012373,C-0191,2026-08-05,CO02,W-12,60
S-012374,C-0197,2026-08-05,RF01,W-01,30
S-012375,C-0207,2026-08-05,CN01,W-10,20
S-012376,C-0207,2026-08-05,FA01,W-10,30
S-012377,C-0209,2026-08-05,CO01,W-12,50
S-012378,C-0212,2026-08-05,HV01,W-03,90
S-012379,C-0223,2026-08-05,CN01,W-06,30
S-012380,C-0224,2026-08-05,RF01,W-08,15
S-012381,C-0230,2026-08-05,CO02,W-12,90
S-012382,C-0261,2026-08-05,TR01,W-06,15
S-012383,C-0262,2026-08-05,CN01,W-03,15
S-012384,C-0272,2026-08-05,ID01,W-02,30
S-012385,C-0272,2026-08-05,HV01,W-01,90
S-012386,C-0278,2026-08-05, id01  ,W-02,45
S-012387,C-0280,2026-08-05,FA02,W-14,30
S-012388,C-0281,2026-08-05,CO01,W-11,50
S-012389,C-0281,2026-08-05,CO01 ,W-11,90
S-012390,C-0292,2026-08-05,TR01 ,W-07,20
S-012391,C-0295,2026-08-05,CN01,W-04,15
S-012392,C-0299,2026-08-05,CN01,W-08,20
S-012393,C-0300,2026-08-05,PH01,W-05,10
S-012394,C-0006,2026-08-06,CN01,W-03,15
S-012395,C-0009,2026-08-06,PH01,W-05,15
S-012396,C-0012,2026-08-06,CO02,W-11,50
S-012397,C-0019,2026-08-06,FA01,W-09,20
S-012398,C-0037,2026-08-06,CO01,W-11,50
S-012399,C-0044,2026-08-06,HV01,W-06,60
S-012400,C-0048,2026-08-06,PH01,W-02,5
S-012401,C-0049,2026-08-06,CN01,W-05,30
S-012402,C-0051,2026-08-06,PH01,W-07,15
S-012403,C-0065,2026-08-06,PH01,W-02,20
S-012404,C-0073,2026-08-06,IN01,W-02,20
S-012405,C-0087,2026-08-06,co02,W-12,50
S-012406,C-0089,2026-08-06,CH02,W-05,60
S-012407,C-0095,2026-08-06,IN01,W-06,45
S-012408,C-0101,2026-08-06,PH01,W-01,20
S-012409,C-0101,2026-08-06,CO01,W-12,50
S-012410,C-0104,2026-08-06,IN01,W-10,20
S-012411,C-0106,2026-08-06,PH01,W-03,10
S-012412,C-0111,2026-08-06,CO02,W-12,90
S-012413,C-0115,2026-08-06,CN01,W-04,30
S-012414,C-0118,2026-08-06,IN01,W-07,20
S-012415,C-0147,2026-08-06,CN01,W-02,10
S-012416,C-0174,2026-08-06,FA02,W-13,15
S-012417,C-0196,2026-08-06,FA01,W-05,30
S-012418,C-0208,2026-08-06,FA02,W-14,15
S-012419,C-0232,2026-08-06,ID01,W-01,30
S-012420,C-0238,2026-08-06,FA01,W-03,30
S-012421,C-0255,2026-08-06,CO02,W-12,90
S-012422,C-0272,2026-08-06,FA03,W-13,30
S-012423,C-0278,2026-08-06,PH01,W-02,20
S-012424,C-0279,2026-08-06,tr02,W-03,45
S-012425,C-0281,2026-08-06,CH02,W-03,90
S-012426,C-0292,2026-08-06,PH01,W-07,5
S-012427,C-0012,2026-08-07,PH01,W-02,5
S-012428,C-0014,2026-08-07,FA01,W-09,45
S-012429,C-0019,2026-08-07,HV01,W-03,90
S-012430,C-0034,2026-08-07,PH01,W-03,10
S-012431,C-0048,2026-08-07,TR02 ,W-02,45
S-012432,C-0052,2026-08-07,TR01,W-02,30
S-012433,C-0063,2026-08-07, ph01  ,W-06,20
S-012434,C-0065,2026-08-07,HV01,W-02,90
S-012435,C-0069,2026-08-07,TR01,W-09,30
S-012436,C-0086,2026-08-07, fa03  ,W-14,30
S-012437,C-0088,2026-08-07,CN01,W-06,30
S-012438,C-0092,2026-08-07,HV01 ,W-05,60
S-012439,C-0095,2026-08-07,IN01,W-06,15
S-012440,C-0103,2026-08-07,FA01,W-06,45
S-012441,C-0104,2026-08-07,HV01,W-04,60
S-012442,C-0138,2026-08-07,HV01,W-01,120
S-012443,C-0142,2026-08-07,TR01,W-02,30
S-012444,C-0144,2026-08-07,TR01 ,W-05,15
S-012445,C-0147,2026-08-07,CH02,W-01,60
S-012446,C-0156,2026-08-07,CH02,W-01,120
S-012447,C-0160,2026-08-07,ph01,W-05,5
S-012448,C-0168,2026-08-07,CH02,W-01,90
S-012448,C-0168,2026-08-07,CH02,W-01,90
S-012449,C-0168,2026-08-07,CN01,W-04,20
S-012450,C-0168,2026-08-07,CO01,W-11,50
S-012451,C-0173,2026-08-07,CN01,W-04,30
S-012452,C-0188,2026-08-07, ch02  ,W-05,45
S-012453,C-0193,2026-08-07,FA03,W-14,45
S-012454,C-0196,2026-08-07,CN01,W-05,10
S-012455,C-0197,2026-08-07,CO01,W-12,90
S-012456,C-0197,2026-08-07,CN01,W-01,15
S-012457,C-0212,2026-08-07,CN01,W-04,10
S-012458,C-0248,2026-08-07,CN01,W-04,10
S-012459,C-0256,2026-08-07,HV01,W-04,60
S-012460,C-0261,2026-08-07,HV01,W-05,90
S-012461,C-0281,2026-08-07,CN01,W-01,15
S-012462,C-0281,2026-08-07,TR02,W-01,20
S-012463,C-0281,2026-08-07,PH01,W-01,20
S-012464,C-0022,2026-08-08,CN01,W-02,20
S-012465,C-0029,2026-08-08,TR02,W-08,45
S-012466,C-0034,2026-08-08,HV01,W-03,45
S-012467,C-0037,2026-08-08,CO01,W-12,50
S-012468,C-0042,2026-08-08,CN01,W-07,20
S-012469,C-0052,2026-08-08,RF01,W-02,30
S-012470,C-0061,2026-08-08,IN01,W-06,45
S-012471,C-0063,2026-08-08,CO01,W-11,50
S-012472,C-0069,2026-08-08,CO02,W-12,60
S-012473,C-0069,2026-08-08,PH01,W-09,5
S-012474,C-0074,2026-08-08,TR01 ,W-02,30
S-012475,C-0092,2026-08-08,CO01,W-11,50
S-012476,C-0097,2026-08-08,HV01,W-06,120
S-012477,C-0101,2026-08-08,FA01,W-01,15
S-012478,C-0101,2026-08-08,CO01,W-11,90
S-012479,C-0104,2026-08-08,IN01,W-10,15
S-012480,C-0131,2026-08-08,CN01,W-09,10
S-012481,C-0133,2026-08-08,IN01,W-09,45
S-012482,C-0138,2026-08-08,CN01,W-04,10
S-012483,C-0148,2026-08-08,CN01,W-06,10
S-012484,C-0152,2026-08-08,FA02,W-13,30
S-012485,C-0187,2026-08-08,CO01,W-11,90
S-012486,C-0195,2026-08-08,CH02,W-06,45
S-012487,C-0196,2026-08-08,CH02,W-06,60
S-012488,C-0200,2026-08-08,CN01,W-04,15
S-012489,C-0208,2026-08-08,TR01,W-09,15
S-012490,C-0209,2026-08-08,PH01,W-05,10
S-012491,C-0214,2026-08-08,CH02,W-02,90
S-012492,C-0222,2026-08-08,TR01,W-05,45
S-012493,C-0223,2026-08-08,HV01,W-02,120
S-012494,C-0227,2026-08-08,TR02,W-08,30
S-012495,C-0238,2026-08-08,ID01,W-03,20
S-012496,C-0241,2026-08-08,fa02,W-13,20
S-012497,C-0255,2026-08-08,IN01,W-03,45
S-012498,C-0262,2026-08-08,FA01,W-03,45
S-012499,C-0270,2026-08-08,CN01,W-08,15
S-012500,C-0271,2026-08-08,RF01,W-02,15
S-012501,C-0277,2026-08-08,CN01,W-01,20
S-012502,C-0284,2026-08-08,TR01,W-08,30
S-012503,C-0001,2026-08-09,FA02,W-13,20
S-012504,C-0004,2026-08-09,CO01,W-12,50
S-012505,C-0006,2026-08-09,CH02,W-05,90
S-012506,C-0006,2026-08-09,CN01,W-03,30
S-012507,C-0010,2026-08-09, fa01  ,W-01,45
S-012508,C-0013,2026-08-09,CN01,W-09,30
S-012509,C-0016,2026-08-09,ID01,W-09,30
S-012510,C-0017,2026-08-09,CO02,W-11,60
S-012511,C-0018,2026-08-09,TR01,W-05,20
S-012512,C-0020,2026-08-09,TR01,W-08,45
S-012513,C-0029,2026-08-09,IN01,W-08,45
S-012514,C-0029,2026-08-09, hv01  ,W-04,120
S-012515,C-0051,2026-08-09,CO01,W-11,60
S-012516,C-0060,2026-08-09,CO02,W-12,50
S-012517,C-0063,2026-08-09,CN01,W-06,30
S-012518,C-0063,2026-08-09,RF01,W-06,15
S-012519,C-0071,2026-08-09,TR02,W-09,30
S-012520,C-0097,2026-08-09,CO02,W-12,60
S-012521,C-0104,2026-08-09,CN01,W-10,15
S-012522,C-0104,2026-08-09,FA02,W-13,20
S-012523,C-0114,2026-08-09,ch02,W-06,90
S-012524,C-0115,2026-08-09,PH01,W-04,5
S-012525,C-0118,2026-08-09,PH01 ,W-07,10
S-012526,C-0121,2026-08-09,PH01,W-05,15
S-012527,C-0126,2026-08-09,ID01,W-02,30
S-012528,C-0141,2026-08-09,CO02,W-12,50
S-012529,C-0147,2026-08-09,IN01,W-02,45
S-012530,C-0148,2026-08-09,CN01,W-06,15
S-012531,C-0152,2026-08-09,PH01 ,W-08,20
S-012532,C-0156,2026-08-09,RF01,W-05,15
S-012533,C-0165,2026-08-09,RF01,W-10,30
S-012534,C-0168,2026-08-09,CO01,W-12,60
S-012535,C-0168,2026-08-09,CO01,W-12,90
S-012536,C-0169,2026-08-09,HV01,W-06,90
S-012537,C-0184,2026-08-09,FA02,W-14,45
S-012538,C-0184,2026-08-09,FA02,W-14,15
S-012539,C-0186,2026-08-09,TR02,W-06,30
S-012540,C-0217,2026-08-09,tr01,W-01,20
S-012541,C-0224,2026-08-09,FA02,W-13,20
S-012542,C-0238,2026-08-09,RF01,W-03,10
S-012543,C-0241,2026-08-09,HV01,W-04,120
S-012544,C-0248,2026-08-09, tr01  ,W-04,30
S-012545,C-0269,2026-08-09,FA02,W-13,45
S-012546,C-0270,2026-08-09,PH01,W-08,15
S-012547,C-0281,2026-08-09,CO01,W-12,90
S-012547,C-0281,2026-08-09,CO01,W-12,90
S-012548,C-0285,2026-08-09,PH01,W-08,15
S-012549,C-0299,2026-08-09,ID01,W-08,45
S-012550,C-0010,2026-08-10,TR01,W-01,15
S-012551,C-0016,2026-08-10,ID01,W-09,45
S-012552,C-0020,2026-08-10,PH01,W-08,5
S-012553,C-0048,2026-08-10,CN01,W-02,20
S-012554,C-0051,2026-08-10,IN01,W-07,15
S-012555,C-0051,2026-08-10, ph01  ,W-07,20
S-012556,C-0060,2026-08-10,FA01,W-07,15
S-012557,C-0061,2026-08-10,CO02,W-11,90
S-012558,C-0104,2026-08-10,ph01,W-10,15
S-012559,C-0133,2026-08-10,HV01,W-01,120
S-012560,C-0174,2026-08-10,TR02,W-02,45
S-012561,C-0195,2026-08-10,TR01,W-07,20
S-012562,C-0212,2026-08-10,CN01,W-04,20
S-012563,C-0223,2026-08-10,HV01,W-02,45
S-012564,C-0229,2026-08-10,CN01,W-02,20
S-012565,C-0230,2026-08-10,CH02,W-02,120
S-012566,C-0238,2026-08-10,IN01,W-03,15
S-012567,C-0239,2026-08-10,PH01,W-05,5
S-012568,C-0246,2026-08-10,CO01,W-12,50
S-012569,C-0255,2026-08-10,TR02,W-03,45
S-012570,C-0300,2026-08-10,ID01,W-05,30
S-012571,C-0009,2026-08-11,IN01,W-05,45
S-012572,C-0014,2026-08-11,RF01,W-09,20
S-012573,C-0016,2026-08-11,FA02,W-13,15
S-012574,C-0042,2026-08-11,CO02,W-11,50
S-012575,C-0051,2026-08-11,CN01,W-07,30
S-012576,C-0064,2026-08-11,TR02,W-03,30
S-012577,C-0065,2026-08-11,CH02,W-01,60
S-012578,C-0065,2026-08-11,CN01,W-02,15
S-012579,C-0082,2026-08-11,CN01,W-09,10
S-012580,C-0092,2026-08-11,HV01,W-06,60
S-012581,C-0106,2026-08-11,FA01,W-03,15
S-012582,C-0114,2026-08-11,fa03,W-13,15
S-012583,C-0130,2026-08-11, cn01  ,W-04,20
S-012584,C-0131,2026-08-11,TR02,W-09,30
S-012585,C-0141,2026-08-11,FA02,W-13,20
S-012586,C-0148,2026-08-11,PH01,W-06,15
S-012587,C-0150,2026-08-11,TR01,W-01,20
S-012588,C-0156,2026-08-11,CH02,W-05,120
S-012589,C-0159,2026-08-11,CH02,W-03,60
S-012590,C-0160,2026-08-11,CN01,W-05,20
S-012591,C-0161,2026-08-11,CN01,W-08,10
S-012592,C-0166,2026-08-11,CO02,W-11,90
S-012593,C-0171,2026-08-11,TR02,W-07,45
S-012594,C-0193,2026-08-11,CO01,W-11,90
S-012595,C-0193,2026-08-11,CO01,W-11,90
S-012596,C-0194,2026-08-11,CN01,W-02,20
S-012597,C-0196,2026-08-11,HV01,W-03,60
S-012598,C-0196,2026-08-11,TR02,W-05,30
S-012599,C-0197,2026-08-11,CO01,W-11,60
S-012600,C-0207,2026-08-11,TR01,W-10,15
S-012601,C-0212,2026-08-11,HV01,W-03,60
S-012602,C-0214,2026-08-11,CN01,W-09,10
S-012603,C-0222,2026-08-11,HV01,W-06,60
S-012604,C-0223,2026-08-11,CN01,W-06,10
S-012605,C-0238,2026-08-11,TR02,W-03,15
S-012606,C-0239,2026-08-11,RF01,W-05,20
S-012607,C-0264,2026-08-11,IN01,W-08,45
S-012608,C-0269,2026-08-11,TR02,W-06,15
S-012609,C-0277,2026-08-11,PH01,W-01,5
S-012610,C-0285,2026-08-11,FA03,W-14,20
S-012611,C-0006,2026-08-12,ph01,W-03,5
S-012612,C-0007,2026-08-12,PH01,W-06,5
S-012613,C-0009,2026-08-12,CH02,W-06,45
S-012614,C-0015,2026-08-12,CO02,W-11,90
S-012615,C-0022,2026-08-12,PH01,W-02,20
S-012616,C-0022,2026-08-12,PH01,W-02,20
S-012617,C-0037,2026-08-12,PH01,W-02,20
S-012618,C-0039,2026-08-12,PH01,W-06,20
S-012619,C-0044,2026-08-12,CN01,W-03,30
S-012620,C-0047,2026-08-12,FA02,W-14,20
S-012621,C-0051,2026-08-12,CN01,W-07,15
S-012622,C-0052,2026-08-12,FA02,W-14,15
S-012623,C-0055,2026-08-12,CN01,W-09,30
S-012624,C-0061,2026-08-12,CH02,W-04,45
S-012625,C-0114,2026-08-12,CH02,W-05,45
S-012626,C-0126,2026-08-12,PH01,W-02,20
S-012627,C-0126,2026-08-12,HV01,W-04,45
S-012628,C-0133,2026-08-12,RF01,W-09,20
S-012629,C-0133,2026-08-12,PH01,W-09,10
S-012630,C-0150,2026-08-12,HV01,W-03,45
S-012631,C-0152,2026-08-12,ID01,W-08,20
S-012632,C-0159,2026-08-12, co01  ,W-12,50
S-012633,C-0160,2026-08-12,FA01,W-05,45
S-012634,C-0163,2026-08-12,TR02,W-01,15
S-012635,C-0168,2026-08-12,CH02,W-05,45
S-012636,C-0168,2026-08-12,HV01,W-02,60
S-012637,C-0168,2026-08-12,HV01,W-05,60
S-012638,C-0171,2026-08-12,CN01 ,W-07,30
S-012639,C-0171,2026-08-12,HV01,W-04,120
S-012640,C-0179,2026-08-12,FA02,W-13,15
S-012641,C-0187,2026-08-12,HV01,W-05,90
S-012642,C-0196,2026-08-12,FA01,W-05,20
S-012643,C-0205,2026-08-12,HV01,W-01,90
S-012644,C-0206,2026-08-12,ID01,W-04,15
S-012645,C-0209,2026-08-12,CN01,W-05,30
S-012646,C-0222,2026-08-12,CN01,W-05,30
S-012647,C-0223,2026-08-12,IN01,W-06,30
S-012648,C-0229,2026-08-12,HV01,W-06,45
S-012649,C-0235,2026-08-12,PH01,W-09,5
S-012650,C-0239,2026-08-12,CO02,W-12,50
S-012651,C-0239,2026-08-12,TR02,W-05,20
S-012652,C-0241,2026-08-12,CN01,W-04,10
S-012653,C-0248,2026-08-12,CN01,W-04,20
S-012654,C-0256,2026-08-12,CN01 ,W-03,20
S-012655,C-0261,2026-08-12,FA01,W-06,45
S-012655,C-0261,2026-08-12,FA01,W-06,45
S-012656,C-0268,2026-08-12,CO01,W-11,50
S-012657,C-0272,2026-08-12,CN01,W-02,30
S-012658,C-0285,2026-08-12,CO01,W-11,50
S-012659,C-0001,2026-08-13,FA03,W-14,20
S-012660,C-0004,2026-08-13,PH01,W-07,10
S-012661,C-0009,2026-08-13,RF01,W-05,30
S-012662,C-0014,2026-08-13,TR01 ,W-09,45
S-012663,C-0015,2026-08-13,TR01,W-05,45
S-012664,C-0020,2026-08-13,CN01,W-08,15
S-012665,C-0034,2026-08-13,PH01,W-03,10
S-012666,C-0039,2026-08-13,CN01,W-06,10
S-012667,C-0048,2026-08-13,FA03,W-14,20
S-012668,C-0048,2026-08-13,PH01,W-02,20
S-012669,C-0058,2026-08-13,CN01,W-09,10
S-012670,C-0071,2026-08-13,CN01,W-09,30
S-012671,C-0082,2026-08-13,fa02,W-13,30
S-012672,C-0088,2026-08-13,HV01,W-03,60
S-012673,C-0095,2026-08-13,IN01 ,W-06,15
S-012674,C-0098,2026-08-13,CO02,W-11,60
S-012675,C-0111,2026-08-13,CH02,W-04,45
S-012676,C-0117,2026-08-13,CN01,W-03,20
S-012677,C-0120,2026-08-13,FA03,W-14,30
S-012678,C-0124,2026-08-13,ID01,W-03,15
S-012679,C-0126,2026-08-13, cn01  ,W-02,30
S-012680,C-0127,2026-08-13,CN01,W-08,15
S-012681,C-0131,2026-08-13,CO02,W-12,60
S-012682,C-0138,2026-08-13,TR02,W-04,15
S-012683,C-0148,2026-08-13,RF01,W-06,20
S-012684,C-0168,2026-08-13,CO01,W-11,60
S-012685,C-0173,2026-08-13,PH01,W-04,20
S-012686,C-0191,2026-08-13,CN01,W-05,15
S-012687,C-0207,2026-08-13,FA02,W-13,30
S-012688,C-0212,2026-08-13,IN01,W-04,20
S-012689,C-0223,2026-08-13,tr02,W-06,30
S-012690,C-0228,2026-08-13,CN01,W-02,20
S-012691,C-0234,2026-08-13,CN01,W-07,10
S-012692,C-0245,2026-08-13,TR01,W-03,20
S-012693,C-0246,2026-08-13,CO01,W-12,50
S-012694,C-0248,2026-08-13,CN01,W-04,10
S-012695,C-0279,2026-08-13,RF01,W-03,20
S-012696,C-0292,2026-08-13,HV01,W-04,60
S-012697,C-0004,2026-08-14,RF01,W-07,10
S-012698,C-0004,2026-08-14,CO01,W-11,60
S-012699,C-0004,2026-08-14,IN01,W-07,30
S-012700,C-0008,2026-08-14,HV01,W-01,60
S-012701,C-0009,2026-08-14,CO02,W-11,60
S-012702,C-0017,2026-08-14,IN01,W-09,45
S-012703,C-0034,2026-08-14,fa02,W-13,20
S-012704,C-0035,2026-08-14,TR01,W-03,20
S-012705,C-0047,2026-08-14,IN01,W-07,45
S-012706,C-0048,2026-08-14,FA01,W-02,45
S-012707,C-0065,2026-08-14,FA03,W-13,30
S-012708,C-0070,2026-08-14,tr02,W-01,45
S-012709,C-0087,2026-08-14,TR02,W-01,45
S-012710,C-0097,2026-08-14,RF01,W-09,20
S-012711,C-0097,2026-08-14,FA03,W-13,30
S-012712,C-0111,2026-08-14,TR02,W-01,30
S-012713,C-0120,2026-08-14,PH01,W-10,5
S-012714,C-0121,2026-08-14,TR01,W-05,15
S-012715,C-0126,2026-08-14,CN01,W-02,10
S-012716,C-0126,2026-08-14,TR02,W-02,30
S-012717,C-0131,2026-08-14,CH02,W-04,90
S-012718,C-0138,2026-08-14,cn01,W-04,20
S-012719,C-0141,2026-08-14,RF01,W-09,10
S-012720,C-0148,2026-08-14,RF01,W-06,10
S-012721,C-0160,2026-08-14,FA02,W-13,15
S-012722,C-0161,2026-08-14,IN01,W-08,30
S-012723,C-0161,2026-08-14,CH02,W-02,120
S-012724,C-0172,2026-08-14, id01  ,W-06,45
S-012725,C-0174,2026-08-14,CH02,W-03,45
S-012726,C-0178,2026-08-14,HV01,W-04,45
S-012727,C-0184,2026-08-14,PH01,W-09,10
S-012728,C-0189,2026-08-14,FA01,W-01,30
S-012729,C-0196,2026-08-14,CO01,W-11,90
S-012730,C-0197,2026-08-14,CN01,W-01,10
S-012731,C-0199,2026-08-14,FA02,W-14,45
S-012732,C-0207,2026-08-14,HV01,W-03,90
S-012733,C-0221,2026-08-14,CN01,W-03,30
S-012734,C-0222,2026-08-14,TR02,W-05,15
S-012735,C-0224,2026-08-14,IN01,W-08,20
S-012736,C-0228,2026-08-14,CH02,W-02,90
S-012737,C-0228,2026-08-14,CH02,W-01,45
S-012738,C-0229,2026-08-14,TR02,W-02,45
S-012739,C-0246,2026-08-14,CN01,W-10,15
S-012740,C-0246,2026-08-14,CO01,W-12,90
S-012741,C-0262,2026-08-14,CH02,W-06,60
S-012742,C-0262,2026-08-14,TR02,W-03,20
S-012743,C-0264,2026-08-14,CO01,W-11,50
S-012744,C-0299,2026-08-14,IN01,W-08,15
S-012745,C-0005,2026-08-15,CN01 ,W-09,20
S-012746,C-0005,2026-08-15,FA02,W-14,45
S-012747,C-0020,2026-08-15,CN01,W-08,30
S-012748,C-0025,2026-08-15,HV01,W-05,90
S-012749,C-0039,2026-08-15,PH01,W-06,20
S-012750,C-0042,2026-08-15,CO01,W-12,90
S-012751,C-0049,2026-08-15,CN01,W-05,30
S-012752,C-0058,2026-08-15,HV01,W-02,45
S-012753,C-0060,2026-08-15,HV01,W-03,120
S-012754,C-0064,2026-08-15,PH01,W-03,10
S-012755,C-0070,2026-08-15,CN01,W-01,15
S-012756,C-0073,2026-08-15,PH01,W-02,20
S-012757,C-0074,2026-08-15,IN01,W-02,20
S-012758,C-0092,2026-08-15,IN01,W-05,15
S-012759,C-0097,2026-08-15,CN01,W-09,15
S-012760,C-0098,2026-08-15,PH01,W-09,20
S-012761,C-0105,2026-08-15,CO02 ,W-11,60
S-012762,C-0106,2026-08-15,FA01,W-03,20
S-012763,C-0120,2026-08-15,PH01,W-10,20
S-012764,C-0131,2026-08-15,TR02,W-09,15
S-012765,C-0150,2026-08-15,CO02,W-11,50
S-012766,C-0161,2026-08-15,HV01,W-04,120
S-012767,C-0171,2026-08-15,FA02,W-13,15
S-012768,C-0184,2026-08-15,PH01,W-09,10
S-012769,C-0191,2026-08-15,CO01,W-12,60
S-012770,C-0197,2026-08-15,CN01,W-01,10
S-012771,C-0205,2026-08-15,TR02,W-04,30
S-012772,C-0206,2026-08-15,PH01 ,W-04,5
S-012773,C-0207,2026-08-15,IN01,W-10,20
S-012774,C-0226,2026-08-15,PH01,W-04,20
S-012775,C-0230,2026-08-15,CO01,W-11,90
S-012776,C-0230,2026-08-15,PH01,W-02,15
S-012777,C-0245,2026-08-15,FA01,W-03,45
S-012778,C-0257,2026-08-15,HV01,W-03,90
S-012779,C-0261,2026-08-15,CN01,W-06,15
S-012780,C-0261,2026-08-15,CH02,W-05,120
S-012781,C-0273,2026-08-15,CN01,W-01,30
S-012782,C-0278,2026-08-15,CH02,W-05,120
S-012783,C-0285,2026-08-15,FA02,W-13,20
S-012784,C-0293,2026-08-15,FA02,W-14,45
S-012785,C-0298,2026-08-15,CH02,W-01,60
S-012786,C-0009,2026-08-16,FA01,W-05,45
S-012787,C-0010,2026-08-16,CN01,W-01,10
S-012788,C-0014,2026-08-16,CH02,W-05,90
S-012789,C-0017,2026-08-16,TR02,W-09,30
S-012790,C-0019,2026-08-16,TR01,W-09,45
S-012791,C-0041,2026-08-16,ch02,W-01,45
S-012792,C-0049,2026-08-16,CO01,W-11,60
S-012793,C-0055,2026-08-16,ph01,W-09,5
S-012794,C-0063,2026-08-16,FA01,W-06,20
S-012795,C-0069,2026-08-16,FA01,W-09,45
S-012796,C-0069,2026-08-16,PH01,W-09,15
S-012797,C-0076,2026-08-16,PH01,W-08,15
S-012798,C-0095,2026-08-16,CN01,W-06,30
S-012799,C-0118,2026-08-16,CN01,W-07,15
S-012800,C-0131,2026-08-16,cn01,W-09,30
S-012801,C-0131,2026-08-16, co01  ,W-11,50
S-012802,C-0133,2026-08-16,TR02,W-09,20
S-012803,C-0138,2026-08-16,CO01,W-11,60
S-012804,C-0141,2026-08-16,RF01,W-09,30
S-012805,C-0152,2026-08-16,CN01 ,W-08,15
S-012806,C-0152,2026-08-16,ID01,W-08,20
S-012807,C-0152,2026-08-16,HV01,W-03,120
S-012808,C-0156,2026-08-16,IN01,W-05,20
S-012809,C-0172,2026-08-16,PH01,W-06,10
S-012810,C-0174,2026-08-16,TR02,W-02,45
S-012811,C-0191,2026-08-16,RF01,W-05,15
S-012812,C-0199,2026-08-16,PH01,W-03,5
S-012813,C-0200,2026-08-16,CH02,W-04,60
S-012814,C-0207,2026-08-16,FA02,W-13,15
S-012815,C-0214,2026-08-16,PH01 ,W-09,15
S-012816,C-0232,2026-08-16,ph01,W-01,5
S-012817,C-0241,2026-08-16,PH01,W-04,10
S-012818,C-0245,2026-08-16,PH01,W-03,5
S-012819,C-0261,2026-08-16,PH01,W-06,10
S-012820,C-0261,2026-08-16,IN01,W-06,30
S-012821,C-0265,2026-08-16,PH01,W-10,5
S-012822,C-0277,2026-08-16,ID01,W-01,30
S-012823,C-0279,2026-08-16,RF01,W-03,15
S-012824,C-0284,2026-08-16,CN01,W-08,30
S-012825,C-0287,2026-08-16,PH01,W-06,20
S-012826,C-0292,2026-08-16,PH01,W-07,15
S-012827,C-0293,2026-08-16,RF01,W-01,20
S-012828,C-0008,2026-08-17,CO01,W-11,90
S-012829,C-0009,2026-08-17,CN01,W-05,10
S-012830,C-0013,2026-08-17,CO02,W-12,90
S-012831,C-0014,2026-08-17,ID01,W-09,15
S-012832,C-0018,2026-08-17,CO01,W-11,50
S-012833,C-0018,2026-08-17,FA03,W-13,30
S-012834,C-0028,2026-08-17,CH02,W-06,45
S-012835,C-0058,2026-08-17,PH01,W-09,20
S-012836,C-0060,2026-08-17,RF01,W-07,10
S-012837,C-0067,2026-08-17,PH01,W-03,15
S-012838,C-0069,2026-08-17,cn01,W-09,15
S-012839,C-0086,2026-08-17,RF01,W-10,20
S-012840,C-0087,2026-08-17,PH01,W-01,5
S-012841,C-0088,2026-08-17,id01,W-06,45
S-012842,C-0092,2026-08-17,CO01,W-11,90
S-012843,C-0103,2026-08-17,PH01 ,W-06,5
S-012844,C-0104,2026-08-17,CH02,W-03,120
S-012845,C-0111,2026-08-17,TR02,W-01,30
S-012846,C-0130,2026-08-17,FA01,W-04,30
S-012847,C-0166,2026-08-17,CO01,W-12,60
S-012848,C-0173,2026-08-17,CO02,W-11,60
S-012849,C-0179,2026-08-17,CO02,W-12,60
S-012850,C-0179,2026-08-17,IN01,W-05,15
S-012851,C-0189,2026-08-17,CO01,W-11,60
S-012852,C-0194,2026-08-17,HV01,W-05,120
S-012853,C-0196,2026-08-17,FA02,W-14,45
S-012854,C-0208,2026-08-17,HV01,W-01,45
S-012855,C-0226,2026-08-17,CH02,W-04,60
S-012856,C-0238,2026-08-17,RF01,W-03,20
S-012857,C-0248,2026-08-17,CN01,W-04,20
S-012858,C-0259,2026-08-17,CH02,W-02,45
S-012859,C-0268,2026-08-17,CO01 ,W-11,60
S-012860,C-0289,2026-08-17,CN01,W-10,20
S-012861,C-0016,2026-08-18,RF01,W-09,10
S-012862,C-0018,2026-08-18,ID01,W-05,30
S-012863,C-0029,2026-08-18,CN01,W-08,20
S-012864,C-0048,2026-08-18,TR02,W-02,20
S-012865,C-0052,2026-08-18,ID01,W-02,20
S-012866,C-0058,2026-08-18,CN01,W-09,30
S-012867,C-0061,2026-08-18,CN01,W-06,30
S-012868,C-0063,2026-08-18,CH02,W-05,90
S-012869,C-0065,2026-08-18,CN01,W-02,30
S-012870,C-0067,2026-08-18,CN01,W-03,20
S-012871,C-0091,2026-08-18,CN01,W-10,20
S-012872,C-0092,2026-08-18,PH01,W-05,10
S-012873,C-0095,2026-08-18,TR01,W-06,30
S-012874,C-0095,2026-08-18,HV01,W-04,45
S-012875,C-0106,2026-08-18,PH01,W-03,5
S-012876,C-0111,2026-08-18,CN01,W-01,15
S-012877,C-0118,2026-08-18,PH01,W-07,5
S-012878,C-0130,2026-08-18,cn01,W-04,10
S-012879,C-0138,2026-08-18,FA02,W-14,30
S-012880,C-0141,2026-08-18,CO02,W-11,50
S-012881,C-0150,2026-08-18,TR01,W-01,15
S-012882,C-0160,2026-08-18,CN01,W-05,20
S-012883,C-0173,2026-08-18,RF01,W-04,10
S-012884,C-0178,2026-08-18,CH02,W-01,120
S-012885,C-0195,2026-08-18,PH01,W-07,20
S-012886,C-0195,2026-08-18,PH01,W-07,15
S-012887,C-0205,2026-08-18,CO02,W-11,50
S-012888,C-0205,2026-08-18,FA01,W-04,45
S-012889,C-0214,2026-08-18,CH02,W-03,60
S-012890,C-0216,2026-08-18,FA02,W-14,45
S-012891,C-0221,2026-08-18,CH02 ,W-01,90
S-012892,C-0222,2026-08-18,CN01,W-05,10
S-012893,C-0230,2026-08-18,CN01 ,W-02,20
S-012894,C-0234,2026-08-18,PH01,W-07,10
S-012895,C-0236,2026-08-18,ID01,W-01,45
S-012896,C-0264,2026-08-18,FA01,W-08,30
S-012897,C-0265,2026-08-18,PH01,W-10,5
S-012898,C-0281,2026-08-18,FA01,W-01,45
S-012899,C-0292,2026-08-18,RF01,W-07,30
S-012900,C-0295,2026-08-18,FA03,W-14,15
S-012901,C-0298,2026-08-18,FA02,W-14,20
S-012902,C-0300,2026-08-18,CO01,W-12,60
S-012903,C-0004,2026-08-19,PH01,W-07,20
S-012904,C-0006,2026-08-19,CN01,W-03,30
S-012905,C-0006,2026-08-19,CN01,W-03,30
S-012906,C-0006,2026-08-19,CN01,W-03,30
S-012907,C-0019,2026-08-19,IN01,W-09,45
S-012908,C-0028,2026-08-19,CN01,W-06,15
S-012909,C-0037,2026-08-19,CN01,W-02,30
S-012910,C-0037,2026-08-19,RF01,W-02,30
S-012911,C-0042,2026-08-19,CO01,W-12,50
S-012912,C-0049,2026-08-19,CH02,W-04,60
S-012913,C-0063,2026-08-19,PH01,W-06,20
S-012914,C-0082,2026-08-19,fa02,W-14,45
S-012915,C-0087,2026-08-19,CO01 ,W-11,60
S-012916,C-0087,2026-08-19,CO02,W-11,50
S-012917,C-0096,2026-08-19,FA02,W-13,20
S-012918,C-0097,2026-08-19,ph01,W-09,15
S-012919,C-0103,2026-08-19,CN01,W-06,10
S-012920,C-0103,2026-08-19,PH01,W-06,20
S-012921,C-0117,2026-08-19,CN01,W-03,30
S-012922,C-0126,2026-08-19,FA01,W-02,15
S-012923,C-0134,2026-08-19,PH01,W-07,10
S-012924,C-0148,2026-08-19,FA02,W-13,20
S-012925,C-0150,2026-08-19,PH01,W-01,15
S-012926,C-0150,2026-08-19,CH02,W-05,120
S-012927,C-0152,2026-08-19,CN01,W-08,10
S-012928,C-0161,2026-08-19,CH02,W-06,60
S-012929,C-0161,2026-08-19,CN01,W-08,20
S-012930,C-0186,2026-08-19,PH01,W-06,20
S-012931,C-0186,2026-08-19,CO01,W-11,60
S-012932,C-0188,2026-08-19,RF01 ,W-07,15
S-012933,C-0199,2026-08-19,CN01,W-03,10
S-012934,C-0206,2026-08-19,PH01,W-04,15
S-012935,C-0212,2026-08-19,IN01,W-04,45
S-012936,C-0217,2026-08-19,RF01,W-01,10
S-012937,C-0227,2026-08-19,TR01,W-08,45
S-012938,C-0233,2026-08-19,CN01,W-09,15
S-012939,C-0235,2026-08-19,CH02,W-01,60
S-012940,C-0239,2026-08-19,CH02,W-04,90
S-012941,C-0245,2026-08-19,HV01,W-05,120
S-012942,C-0248,2026-08-19,RF01,W-04,30
S-012943,C-0270,2026-08-19,FA01,W-08,15
S-012944,C-0279,2026-08-19,CO02,W-12,50
S-012945,C-0287,2026-08-19,CO02,W-11,60
S-012946,C-0300,2026-08-19,CO01,W-12,60
S-012947,C-0004,2026-08-20,PH01,W-07,20
S-012948,C-0009,2026-08-20,CH02,W-02,60
S-012949,C-0019,2026-08-20,ch02,W-06,60
S-012950,C-0035,2026-08-20,HV01,W-01,60
S-012951,C-0037,2026-08-20,TR01,W-02,30
S-012952,C-0043,2026-08-20,CH02,W-04,120
S-012953,C-0060,2026-08-20,CH02,W-06,45
S-012954,C-0086,2026-08-20,CN01,W-10,30
S-012955,C-0086,2026-08-20,FA02,W-14,20
S-012956,C-0089,2026-08-20,FA02,W-13,15
S-012957,C-0096,2026-08-20,CH02,W-04,120
S-012958,C-0097,2026-08-20,PH01,W-09,5
S-012959,C-0103,2026-08-20,PH01,W-06,5
S-012960,C-0111,2026-08-20,IN01,W-01,30
S-012961,C-0118,2026-08-20,CN01,W-07,30
S-012962,C-0134,2026-08-20,FA01,W-07,15
S-012963,C-0141,2026-08-20,CN01,W-09,10
S-012964,C-0147,2026-08-20,RF01,W-02,20
S-012965,C-0151,2026-08-20,FA01,W-02,15
S-012966,C-0160,2026-08-20,FA02,W-14,45
S-012967,C-0163,2026-08-20,PH01,W-01,15
S-012968,C-0165,2026-08-20,PH01,W-10,5
S-012969,C-0169,2026-08-20,TR01,W-07,20
S-012970,C-0173,2026-08-20,CN01,W-04,30
S-012971,C-0179,2026-08-20,CO02,W-11,50
S-012972,C-0180,2026-08-20,CO01,W-11,60
S-012973,C-0183,2026-08-20,FA01,W-05,15
S-012974,C-0188,2026-08-20,HV01,W-01,90
S-012975,C-0191,2026-08-20,HV01,W-01,60
S-012976,C-0196,2026-08-20,FA02,W-13,45
S-012977,C-0196,2026-08-20,FA01,W-05,20
S-012978,C-0204,2026-08-20,PH01,W-04,15
S-012979,C-0209,2026-08-20,PH01,W-05,20
S-012980,C-0222,2026-08-20,CN01,W-05,10
S-012981,C-0222,2026-08-20,FA01,W-05,20
S-012982,C-0222,2026-08-20,TR02,W-05,15
S-012983,C-0224,2026-08-20,TR01,W-08,30
S-012983,C-0224,2026-08-20,TR01,W-08,30
S-012984,C-0228,2026-08-20,FA01 ,W-02,30
S-012985,C-0230,2026-08-20,CH02 ,W-04,120
S-012986,C-0234,2026-08-20,,W-07,20
S-012987,C-0245,2026-08-20,CH02,W-06,45
S-012988,C-0248,2026-08-20,CO01,W-11,50
S-012989,C-0256,2026-08-20,PH01,W-03,5
S-012990,C-0257,2026-08-20,FA03,W-13,45
S-012991,C-0257,2026-08-20,HV01,W-06,45
S-012992,C-0279,2026-08-20,FA02,W-14,45
S-012993,C-0001,2026-08-21,CN01,W-04,10
S-012994,C-0007,2026-08-21,CN01,W-06,15
S-012995,C-0008,2026-08-21,CN01,W-09,30
S-012996,C-0035,2026-08-21,FA03,W-13,30
S-012997,C-0035,2026-08-21,CO02,W-11,90
S-012998,C-0037,2026-08-21,PH01,W-02,15
S-012999,C-0037,2026-08-21,CO01,W-12,90
S-013000,C-0041,2026-08-21,CO01,W-11,60
S-013001,C-0042,2026-08-21,CN01,W-07,15
S-013002,C-0047,2026-08-21,FA02,W-14,30
S-013003,C-0048,2026-08-21,PH01,W-02,10
S-013004,C-0067,2026-08-21,HV01,W-01,60
S-013005,C-0069,2026-08-21,CN01,W-09,20
S-013006,C-0070,2026-08-21,FA03,W-14,20
S-013007,C-0073,2026-08-21,CN01,W-02,10
S-013008,C-0074,2026-08-21,CN01,W-02,30
S-013009,C-0092,2026-08-21,PH01,W-05,15
S-013010,C-0095,2026-08-21,FA01,W-06,15
S-013011,C-0097,2026-08-21,CN01,W-09,10
S-013012,C-0097,2026-08-21,HV01,W-04,60
S-013013,C-0097,2026-08-21,CN01,W-09,10
S-013014,C-0101,2026-08-21,CO01,W-11,60
S-013015,C-0115,2026-08-21,in01,W-04,30
S-013016,C-0118,2026-08-21,HV01,W-05,60
S-013017,C-0127,2026-08-21,PH01,W-08,15
S-013018,C-0128,2026-08-21,PH01,W-09,20
S-013019,C-0161,2026-08-21,CH02,W-06,45
S-013020,C-0173,2026-08-21,PH01,W-04,20
S-013021,C-0174,2026-08-21,IN01,W-02,30
S-013022,C-0180,2026-08-21,ID01,W-02,20
S-013023,C-0191,2026-08-21,TR02,W-05,20
S-013024,C-0193,2026-08-21,TR01,W-01,30
S-013025,C-0194,2026-08-21,IN01,W-02,30
S-013026,C-0196,2026-08-21,CN01,W-05,20
S-013027,C-0199,2026-08-21,HV01,W-03,120
S-013028,C-0206,2026-08-21,CO01,W-11,90
S-013029,C-0209,2026-08-21,CN01,W-05,20
S-013030,C-0209,2026-08-21,CH02,W-02,45
S-013031,C-0221,2026-08-21,CN01 ,W-03,15
S-013032,C-0221,2026-08-21,CN01,W-03,30
S-013033,C-0223,2026-08-21,FA01,W-06,30
S-013034,C-0249,2026-08-21,ID01,W-02,30
S-013035,C-0249,2026-08-21,TR01,W-02,20
S-013036,C-0278,2026-08-21,HV01,W-06,45
S-013037,C-0279,2026-08-21,IN01,W-03,45
S-013038,C-0285,2026-08-21,RF01,W-08,20
S-013039,C-0293,2026-08-21,TR02,W-01,30
S-013040,C-0300,2026-08-21,FA02,W-14,45
S-013041,C-0002,2026-08-22,TR01,W-08,20
S-013042,C-0016,2026-08-22,PH01,W-09,10
S-013043,C-0034,2026-08-22,FA03,W-13,45
S-013044,C-0037,2026-08-22,CH02,W-03,45
S-013045,C-0037,2026-08-22,CO01,W-11,60
S-013046,C-0040,2026-08-22,CN01,W-02,20
S-013047,C-0041,2026-08-22,CN01,W-05,30
S-013048,C-0042,2026-08-22,CO01,W-12,60
S-013049,C-0048,2026-08-22,FA02,W-13,20
S-013050,C-0049,2026-08-22,ID01,W-05,20
S-013051,C-0055,2026-08-22,PH01,W-09,10
S-013052,C-0060,2026-08-22,cn01,W-07,30
S-013053,C-0061,2026-08-22,HV01,W-02,60
S-013054,C-0069,2026-08-22,PH01,W-09,15
S-013055,C-0074,2026-08-22,CN01,W-02,10
S-013056,C-0087,2026-08-22,HV01,W-02,45
S-013057,C-0092,2026-08-22,CN01,W-05,20
S-013058,C-0097,2026-08-22,in01,W-09,30
S-013059,C-0097,2026-08-22,PH01,W-09,10
S-013060,C-0101,2026-08-22,HV01,W-03,90
S-013061,C-0104,2026-08-22,PH01,W-10,5
S-013062,C-0105,2026-08-22,TR01,W-10,15
S-013063,C-0118,2026-08-22,TR01,W-07,30
S-013064,C-0133,2026-08-22,TR01,W-09,15
S-013065,C-0133,2026-08-22,TR01,W-09,30
S-013066,C-0144,2026-08-22,IN01,W-05,30
S-013067,C-0150,2026-08-22,HV01 ,W-03,90
S-013068,C-0156,2026-08-22,ID01,W-05,20
S-013069,C-0166,2026-08-22,CO01,W-12,60
S-013070,C-0173,2026-08-22,HV01,W-02,90
S-013071,C-0173,2026-08-22,CH02,W-06,60
S-013071,C-0173,2026-08-22,CH02,W-06,60
S-013072,C-0193,2026-08-22,CH02,W-03,60
S-013073,C-0195,2026-08-22,CN01,W-07,30
S-013074,C-0204,2026-08-22,CN01,W-04,30
S-013075,C-0214,2026-08-22,CH02,W-05,90
S-013076,C-0222,2026-08-22,ID01,W-05,20
S-013077,C-0236,2026-08-22,FA02,W-14,45
S-013078,C-0239,2026-08-22,TR01,W-05,30
S-013079,C-0245,2026-08-22,RF01,W-03,20
S-013080,C-0246,2026-08-22,CO01,W-12,90
S-013081,C-0251,2026-08-22,CN01,W-08,20
S-013082,C-0261,2026-08-22,TR01,W-06,45
S-013083,C-0265,2026-08-22,FA01,W-10,30
S-013084,C-0271,2026-08-22,ID01,W-02,45
S-013085,C-0281,2026-08-22,CN01,W-01,30
S-013086,C-0284,2026-08-22,ID01,W-08,45
S-013087,C-0292,2026-08-22,HV01 ,W-03,120
S-013088,C-0299,2026-08-22,TR01,W-08,45
S-013089,C-0300,2026-08-22,RF01,W-05,10
S-013090,C-0009,2026-08-23,PH01,W-05,10
S-013091,C-0025,2026-08-23,CO01,W-11,90
S-013092,C-0042,2026-08-23,PH01,W-07,15
S-013093,C-0052,2026-08-23,RF01,W-02,15
S-013094,C-0069,2026-08-23,CN01,W-09,30
S-013095,C-0096,2026-08-23,CO01,W-12,90
S-013096,C-0104,2026-08-23,PH01,W-10,5
S-013097,C-0118,2026-08-23,HV01,W-04,45
S-013098,C-0131,2026-08-23,PH01,W-09,20
S-013099,C-0138,2026-08-23,HV01,W-05,60
S-013100,C-0146,2026-08-23,CO02,W-11,60
S-013101,C-0147,2026-08-23,HV01,W-05,90
S-013102,C-0148,2026-08-23,CO01,W-11,50
S-013103,C-0161,2026-08-23,in01,W-08,15
S-013104,C-0184,2026-08-23,IN01,W-09,45
S-013105,C-0186,2026-08-23,CN01,W-06,30
S-013106,C-0187,2026-08-23,CN01,W-06,10
S-013107,C-0191,2026-08-23,IN01,W-05,20
S-013108,C-0194,2026-08-23,FA03,W-14,45
S-013109,C-0208,2026-08-23,FA02,W-14,20
S-013110,C-0212,2026-08-23,CN01,W-04,15
S-013110,C-0212,2026-08-23,CN01,W-04,15
S-013111,C-0212,2026-08-23,CN01,W-04,30
S-013112,C-0214,2026-08-23,CN01,W-09,10
S-013113,C-0224,2026-08-23,CH02,W-02,90
S-013114,C-0229,2026-08-23,CH02,W-02,90
S-013115,C-0230,2026-08-23,HV01,W-02,45
S-013116,C-0230,2026-08-23,ID01,W-02,30
S-013117,C-0233,2026-08-23,TR01,W-09,20
S-013118,C-0233,2026-08-23,TR01,W-09,15
S-013119,C-0235,2026-08-23,ch02,W-01,90
S-013120,C-0241,2026-08-23,CN01,W-04,10
S-013121,C-0245,2026-08-23,FA01,W-03,20
S-013122,C-0255,2026-08-23,CN01,W-03,30
S-013123,C-0279,2026-08-23,RF01,W-03,15
S-013124,C-0285,2026-08-23,CN01,W-08,10
S-013125,C-0001,2026-08-24,CH02,W-02,120
S-013126,C-0004,2026-08-24,HV01,W-01,45
S-013127,C-0004,2026-08-24,HV01,W-03,120
S-013128,C-0016,2026-08-24,TR01,W-09,45
S-013129,C-0016,2026-08-24,TR02,W-09,45
S-013130,C-0016,2026-08-24,ID01,W-09,45
S-013131,C-0018,2026-08-24,TR01,W-05,20
S-013132,C-0025,2026-08-24,CO01,W-11,60
S-013133,C-0034,2026-08-24,CN01,W-03,30
S-013134,C-0035,2026-08-24, ph01  ,W-03,5
S-013135,C-0037,2026-08-24,CN01,W-02,30
S-013136,C-0037,2026-08-24,CO01,W-11,90
S-013137,C-0037,2026-08-24,CO02,W-12,50
S-013138,C-0047,2026-08-24,FA01,W-07,45
S-013139,C-0048,2026-08-24,CH02,W-03,90
S-013140,C-0073,2026-08-24,CN01,W-02,15
S-013141,C-0076,2026-08-24,CO02,W-11,90
S-013142,C-0087,2026-08-24,CN01 ,W-01,15
S-013143,C-0088,2026-08-24,HV01,W-01,90
S-013144,C-0092,2026-08-24,ID01,W-05,30
S-013145,C-0111,2026-08-24,CO01,W-12,50
S-013146,C-0111,2026-08-24,CO01,W-11,60
S-013147,C-0130,2026-08-24, cn01  ,W-04,20
S-013148,C-0131,2026-08-24,PH01,W-09,10
S-013149,C-0160,2026-08-24,IN01,W-05,30
S-013150,C-0161,2026-08-24,TR01,W-08,15
S-013151,C-0182,2026-08-24,CH02,W-01,120
S-013152,C-0187,2026-08-24,CN01,W-06,30
S-013153,C-0195,2026-08-24,CN01,W-07,15
S-013154,C-0205,2026-08-24,ID01,W-04,15
S-013155,C-0223,2026-08-24,CN01,W-06,10
S-013156,C-0224,2026-08-24,PH01,W-08,5
S-013157,C-0224,2026-08-24,rf01,W-08,30
S-013158,C-0232,2026-08-24,IN01,W-01,15
S-013159,C-0233,2026-08-24,HV01,W-05,45
S-013160,C-0241,2026-08-24,TR01,W-04,20
S-013161,C-0248,2026-08-24,CH02,W-06,120
S-013162,C-0257,2026-08-24,FA03,W-14,30
S-013163,C-0259,2026-08-24,PH01,W-10,10
S-013164,C-0259,2026-08-24,RF01,W-10,30
S-013165,C-0265,2026-08-24,IN01,W-10,30
S-013166,C-0271,2026-08-24,FA01,W-02,30
S-013167,C-0271,2026-08-24,CN01,W-02,10
S-013168,C-0277,2026-08-24,RF01,W-01,30
S-013169,C-0287,2026-08-24,TR02,W-06,20
S-013170,C-0289,2026-08-24,CH02,W-01,90
S-013171,C-0295,2026-08-24,CN01,W-04,30
S-013172,C-0295,2026-08-24,RF01,W-04,20
S-013173,C-0002,2026-08-25,CN01,W-08,15
S-013174,C-0002,2026-08-25,RF01,W-08,20
S-013175,C-0004,2026-08-25,CO02,W-12,50
S-013176,C-0005,2026-08-25,CN01 ,W-09,20
S-013177,C-0019,2026-08-25,FA03,W-14,45
S-013178,C-0029,2026-08-25,CN01,W-08,30
S-013179,C-0029,2026-08-25,RF01,W-08,20
S-013180,C-0029,2026-08-25,CN01,W-08,20
S-013181,C-0034,2026-08-25,IN01,W-03,45
S-013182,C-0037,2026-08-25,CN01,W-02,20
S-013183,C-0039,2026-08-25,CO01,W-11,50
S-013184,C-0042,2026-08-25,CO01,W-12,50
S-013185,C-0054,2026-08-25,IN01,W-07,20
S-013186,C-0058,2026-08-25,CO02,W-11,60
S-013187,C-0088,2026-08-25,HV01,W-04,120
S-013188,C-0089,2026-08-25,FA02 ,W-13,45
S-013189,C-0106,2026-08-25, ph01  ,W-03,20
S-013190,C-0114,2026-08-25,TR01,W-08,20
S-013191,C-0115,2026-08-25,CH02,W-01,45
S-013192,C-0124,2026-08-25,HV01,W-06,60
S-013193,C-0133,2026-08-25,FA02,W-14,45
S-013194,C-0134,2026-08-25,CN01,W-07,30
S-013195,C-0146,2026-08-25,IN01,W-08,20
S-013196,C-0180,2026-08-25,FA02,W-13,30
S-013197,C-0187,2026-08-25,hv01,W-02,45
S-013198,C-0187,2026-08-25,CN01 ,W-06,20
S-013199,C-0193,2026-08-25,hv01,W-01,120
S-013200,C-0193,2026-08-25,IN01,W-01,45
S-013201,C-0194,2026-08-25,FA03,W-14,45
S-013202,C-0195,2026-08-25,ID01,W-07,45
S-013203,C-0196,2026-08-25,CH02,W-04,90
S-013204,C-0205,2026-08-25,,W-05,90
S-013205,C-0207,2026-08-25,PH01,W-10,15
S-013206,C-0207,2026-08-25,PH01,W-10,10
S-013207,C-0209,2026-08-25,CN01,W-05,10
S-013208,C-0221,2026-08-25,TR01 ,W-03,20
S-013209,C-0226,2026-08-25,PH01,W-04,5
S-013210,C-0230,2026-08-25,CH02,W-04,60
S-013211,C-0235,2026-08-25,CN01,W-09,15
S-013212,C-0255,2026-08-25,PH01,W-03,10
S-013213,C-0255,2026-08-25,HV01,W-03,45
S-013214,C-0270,2026-08-25,RF01,W-08,30
S-013215,C-0273,2026-08-25,CN01,W-01,15
S-013216,C-0278,2026-08-25,CH02,W-06,90
S-013217,C-0281,2026-08-25,TR01,W-01,45
S-013218,C-0295,2026-08-25,PH01,W-04,20
S-013219,C-0016,2026-08-26,HV01,W-06,90
S-013220,C-0018,2026-08-26,CO02,W-12,60
S-013221,C-0019,2026-08-26,FA01,W-09,45
S-013222,C-0048,2026-08-26,FA01,W-02,30
S-013223,C-0051,2026-08-26,PH01,W-07,10
S-013224,C-0052,2026-08-26,HV01,W-02,60
S-013225,C-0054,2026-08-26,FA01 ,W-07,30
S-013226,C-0061,2026-08-26,TR02,W-06,45
S-013227,C-0063,2026-08-26,CN01,W-06,20
S-013228,C-0071,2026-08-26,CH02,W-03,60
S-013229,C-0074,2026-08-26,CO01,W-11,50
S-013230,C-0074,2026-08-26,CO01,W-11,60
S-013231,C-0097,2026-08-26,CN01,W-09,15
S-013232,C-0103,2026-08-26,FA03,W-14,30
S-013233,C-0104,2026-08-26,CH02,W-04,90
S-013234,C-0127,2026-08-26,HV01,W-01,90
S-013235,C-0134,2026-08-26,FA02,W-13,15
S-013236,C-0160,2026-08-26,PH01,W-05,20
S-013237,C-0173,2026-08-26,CN01,W-04,15
S-013238,C-0174,2026-08-26,IN01,W-02,30
S-013239,C-0186,2026-08-26,CO01,W-11,60
S-013240,C-0188,2026-08-26,IN01,W-07,15
S-013241,C-0199,2026-08-26,FA03,W-13,45
S-013241,C-0199,2026-08-26,FA03,W-13,45
S-013242,C-0222,2026-08-26,CO01,W-11,60
S-013243,C-0232,2026-08-26,CN01,W-01,30
S-013244,C-0236,2026-08-26,CO02,W-11,50
S-013245,C-0257,2026-08-26,FA03,W-14,15
S-013246,C-0261,2026-08-26,TR02,W-06,30
S-013247,C-0272,2026-08-26,CH02,W-02,45
S-013248,C-0272,2026-08-26,FA02,W-13,15
S-013249,C-0279,2026-08-26,FA03,W-14,45
S-013250,C-0016,2026-08-27,CN01,W-09,30
S-013251,C-0018,2026-08-27, ph01  ,W-05,15
S-013252,C-0024,2026-08-27,TR02,W-08,15
S-013253,C-0039,2026-08-27,PH01,W-06,15
S-013254,C-0040,2026-08-27,CN01,W-02,30
S-013255,C-0055,2026-08-27,PH01,W-09,15
S-013256,C-0055,2026-08-27,TR02,W-09,30
S-013257,C-0064,2026-08-27,CN01,W-03,30
S-013258,C-0082,2026-08-27,TR01,W-09,30
S-013259,C-0086,2026-08-27,RF01,W-10,15
S-013260,C-0088,2026-08-27,HV01,W-04,60
S-013261,C-0089,2026-08-27,IN01,W-06,45
S-013262,C-0105,2026-08-27,CO02,W-12,50
S-013263,C-0114,2026-08-27,CN01,W-08,20
S-013264,C-0126,2026-08-27,CN01,W-02,20
S-013265,C-0128,2026-08-27,PH01,W-09,10
S-013266,C-0134,2026-08-27,HV01,W-06,90
S-013267,C-0152,2026-08-27,FA01,W-08,20
S-013268,C-0161,2026-08-27,CN01,W-08,20
S-013269,C-0166,2026-08-27,CO01,W-11,90
S-013270,C-0169,2026-08-27,CN01,W-07,10
S-013271,C-0188,2026-08-27,PH01,W-07,20
S-013272,C-0195,2026-08-27,CO02,W-11,50
S-013273,C-0196,2026-08-27,CN01,W-05,30
S-013274,C-0197,2026-08-27,CH02,W-02,45
S-013275,C-0199,2026-08-27,CH02,W-01,120
S-013276,C-0199,2026-08-27,CO02,W-11,60
S-013277,C-0205,2026-08-27,CN01 ,W-04,20
S-013278,C-0207,2026-08-27,RF01,W-10,10
S-013279,C-0245,2026-08-27,HV01,W-02,90
S-013280,C-0248,2026-08-27,CN01,W-04,20
S-013281,C-0249,2026-08-27,FA01,W-02,30
S-013282,C-0256,2026-08-27,HV01,W-01,120
S-013283,C-0265,2026-08-27,CN01,W-10,15
S-013284,C-0277,2026-08-27,CN01,W-01,20
S-013285,C-0277,2026-08-27,ID01,W-01,20
S-013286,C-0280,2026-08-27,FA03,W-13,30
S-013287,C-0293,2026-08-27,TR02,W-01,15
S-013288,C-0295,2026-08-27,PH01,W-04,15
S-013289,C-0010,2026-08-28,FA02,W-14,20
S-013290,C-0014,2026-08-28,PH01,W-09,10
S-013291,C-0016,2026-08-28,CN01,W-09,20
S-013292,C-0019,2026-08-28,hv01,W-01,120
S-013293,C-0028,2026-08-28,FA01,W-06,20
S-013294,C-0035,2026-08-28,CO02,W-11,60
S-013295,C-0044,2026-08-28,HV01,W-02,45
S-013296,C-0063,2026-08-28,CN01,W-06,30
S-013297,C-0065,2026-08-28,ID01,W-02,30
S-013298,C-0071,2026-08-28,HV01,W-05,45
S-013299,C-0076,2026-08-28,CO01,W-12,60
S-013300,C-0086,2026-08-28,TR01,W-10,45
S-013301,C-0088,2026-08-28,RF01,W-06,10
S-013302,C-0092,2026-08-28,PH01,W-05,10
S-013303,C-0095,2026-08-28,PH01 ,W-06,10
S-013304,C-0096,2026-08-28,RF01,W-07,10
S-013305,C-0111,2026-08-28,FA03,W-13,45
S-013306,C-0114,2026-08-28,CH02,W-02,120
S-013307,C-0118,2026-08-28,IN01,W-07,45
S-013308,C-0124,2026-08-28,CO01,W-11,90
S-013309,C-0150,2026-08-28,PH01,W-01,10
S-013310,C-0152,2026-08-28,HV01,W-01,45
S-013311,C-0174,2026-08-28,ID01,W-02,45
S-013312,C-0183,2026-08-28,FA03,W-13,30
S-013313,C-0186,2026-08-28,PH01,W-06,15
S-013314,C-0187,2026-08-28,PH01,W-06,10
S-013315,C-0193,2026-08-28,CN01,W-01,10
S-013316,C-0214,2026-08-28,PH01,W-09,20
S-013317,C-0214,2026-08-28,PH01,W-09,10
S-013318,C-0222,2026-08-28,IN01,W-05,30
S-013319,C-0226,2026-08-28,HV01,W-03,90
S-013320,C-0229,2026-08-28,CH02,W-03,90
S-013321,C-0233,2026-08-28,CN01,W-09,15
S-013322,C-0236,2026-08-28,ID01,W-01,15
S-013323,C-0236,2026-08-28,CN01,W-01,10
S-013324,C-0241,2026-08-28,ID01,W-04,15
S-013325,C-0241,2026-08-28,CH02,W-06,45
S-013326,C-0245,2026-08-28,CN01,W-03,20
S-013327,C-0248,2026-08-28,PH01,W-04,5
S-013328,C-0249,2026-08-28,CH02,W-02,45
S-013329,C-0255,2026-08-28,CH02,W-06,90
S-013330,C-0255,2026-08-28,CN01,W-03,10
S-013331,C-0265,2026-08-28,CN01,W-10,15
S-013332,C-0279,2026-08-28,PH01 ,W-03,15
S-013333,C-0289,2026-08-28,FA02,W-14,45
S-013334,C-0300,2026-08-28,CO01,W-11,50
S-013335,C-0005,2026-08-29,HV01,W-04,120
S-013336,C-0015,2026-08-29,RF01,W-05,10
S-013337,C-0024,2026-08-29,FA03,W-13,30
S-013338,C-0049,2026-08-29,CO01,W-12,50
S-013339,C-0054,2026-08-29,FA03,W-14,30
S-013340,C-0063,2026-08-29,PH01,W-06,20
S-013341,C-0097,2026-08-29,PH01,W-09,15
S-013342,C-0105,2026-08-29,CO02,W-12,50
S-013343,C-0111,2026-08-29,CN01,W-01,30
S-013344,C-0114,2026-08-29,CN01,W-08,20
S-013345,C-0118,2026-08-29,PH01,W-07,20
S-013346,C-0126,2026-08-29,FA02,W-13,45
S-013347,C-0150,2026-08-29,PH01,W-01,15
S-013348,C-0151,2026-08-29,CN01,W-02,30
S-013349,C-0151,2026-08-29,FA03,W-13,15
S-013350,C-0171,2026-08-29,TR02,W-07,15
S-013351,C-0183,2026-08-29, cn01  ,W-05,15
S-013352,C-0191,2026-08-29,PH01,W-05,5
S-013353,C-0212,2026-08-29,CN01,W-04,20
S-013354,C-0212,2026-08-29,TR01,W-04,45
S-013355,C-0214,2026-08-29,TR01,W-09,45
S-013356,C-0222,2026-08-29,ID01,W-05,45
S-013357,C-0228,2026-08-29,CH02,W-01,45
S-013358,C-0234,2026-08-29,CO01,W-12,50
S-013359,C-0234,2026-08-29,PH01,W-07,20
S-013360,C-0235,2026-08-29,FA02,W-14,45
S-013361,C-0236,2026-08-29,CO02,W-12,60
S-013362,C-0239,2026-08-29,CH02,W-01,60
S-013363,C-0256,2026-08-29,TR01,W-03,30
S-013364,C-0259,2026-08-29,CN01,W-10,10
S-013365,C-0270,2026-08-29,FA01,W-08,15
S-013366,C-0277,2026-08-29,CN01,W-01,30
S-013367,C-0280,2026-08-29,CN01,W-04,10
S-013368,C-0281,2026-08-29,PH01,W-01,20
S-013369,C-0285,2026-08-29,CO01,W-11,90
S-013370,C-0293,2026-08-29,HV01,W-06,90
S-013371,C-0006,2026-08-30,TR01,W-03,30
S-013372,C-0009,2026-08-30,HV01,W-06,120
S-013373,C-0014,2026-08-30,RF01,W-09,10
S-013374,C-0020,2026-08-30,CN01,W-08,15
S-013375,C-0029,2026-08-30,IN01,W-08,15
S-013376,C-0044,2026-08-30,CO02,W-11,50
S-013377,C-0049,2026-08-30,ID01,W-05,30
S-013378,C-0049,2026-08-30,FA02,W-14,15
S-013379,C-0051,2026-08-30,FA01,W-07,20
S-013380,C-0051,2026-08-30,FA01,W-07,15
S-013381,C-0061,2026-08-30,TR01,W-06,20
S-013382,C-0065,2026-08-30,tr02,W-02,30
S-013383,C-0071,2026-08-30,HV01,W-04,120
S-013384,C-0086,2026-08-30,PH01,W-10,15
S-013385,C-0095,2026-08-30,TR01,W-06,20
S-013386,C-0096,2026-08-30,FA03,W-13,20
S-013387,C-0105,2026-08-30,CN01,W-10,10
S-013388,C-0115,2026-08-30,tr01,W-04,20
S-013389,C-0115,2026-08-30,HV01,W-05,60
S-013390,C-0126,2026-08-30,HV01,W-06,120
S-013391,C-0130,2026-08-30,FA03 ,W-13,15
S-013392,C-0141,2026-08-30,FA02,W-14,15
S-013393,C-0148,2026-08-30,CO01,W-12,90
S-013394,C-0151,2026-08-30,IN01,W-02,20
S-013395,C-0151,2026-08-30,CN01,W-02,15
S-013396,C-0160,2026-08-30,HV01,W-01,120
S-013396,C-0160,2026-08-30,HV01,W-01,120
S-013397,C-0161,2026-08-30,HV01,W-03,60
S-013398,C-0179,2026-08-30,RF01,W-05,15
S-013399,C-0188,2026-08-30,CH02,W-06,45
S-013400,C-0191,2026-08-30,HV01,W-06,120
S-013401,C-0204,2026-08-30, ch02  ,W-03,45
S-013402,C-0204,2026-08-30,CN01,W-04,20
S-013403,C-0208,2026-08-30,HV01,W-05,60
S-013404,C-0216,2026-08-30,PH01,W-09,15
S-013405,C-0221,2026-08-30,FA01,W-03,20
S-013406,C-0233,2026-08-30,HV01,W-05,60
S-013407,C-0235,2026-08-30,CN01,W-09,15
S-013408,C-0236,2026-08-30,TR01,W-01,15
S-013409,C-0241,2026-08-30,ID01,W-04,30
S-013410,C-0245,2026-08-30,CN01,W-03,30
S-013410,C-0245,2026-08-30,CN01,W-03,30
S-013411,C-0280,2026-08-30,PH01,W-04,15
S-013412,C-0285,2026-08-30,CN01,W-08,10
S-013413,C-0293,2026-08-30,PH01,W-01,10
S-013414,C-0296,2026-08-30,PH01,W-10,20
S-013415,C-0005,2026-08-31,HV01,W-05,90
S-013416,C-0006,2026-08-31,CN01,W-03,15
S-013417,C-0007,2026-08-31,IN01,W-06,45
S-013418,C-0016,2026-08-31,CN01,W-09,30
S-013419,C-0029,2026-08-31,CN01,W-08,20
S-013420,C-0029,2026-08-31,IN01,W-08,20
S-013421,C-0035,2026-08-31,CN01,W-03,15
S-013422,C-0048,2026-08-31,FA02,W-14,20
S-013423,C-0051,2026-08-31,CN01,W-07,20
S-013424,C-0061,2026-08-31,CN01,W-06,15
S-013425,C-0091,2026-08-31,CO01,W-11,60
S-013426,C-0097,2026-08-31,RF01 ,W-09,20
S-013427,C-0097,2026-08-31,CN01,W-09,30
S-013428,C-0098,2026-08-31,TR01,W-09,30
S-013429,C-0105,2026-08-31,PH01,W-10,20
S-013430,C-0142,2026-08-31,PH01,W-02,20
S-013431,C-0144,2026-08-31,CN01,W-05,20
S-013432,C-0161,2026-08-31,CN01,W-08,15
S-013433,C-0173,2026-08-31,CH02,W-04,45
S-013434,C-0184,2026-08-31,FA03 ,W-13,15
S-013435,C-0184,2026-08-31,PH01,W-09,5
S-013436,C-0216,2026-08-31,HV01,W-06,120
S-013437,C-0224,2026-08-31,CO02 ,W-11,90
S-013438,C-0226,2026-08-31,CO01,W-11,50
S-013439,C-0245,2026-08-31,HV01,W-04,60
S-013440,C-0248,2026-08-31,RF01,W-04,10
S-013441,C-0256,2026-08-31,CN01,W-03,20
S-013442,C-0257,2026-08-31,TR02,W-05,20
S-013443,C-0268,2026-08-31,FA02,W-13,15
S-013444,C-0280,2026-08-31,CN01,W-04,20
S-013445,C-0281,2026-08-31,CO02,W-11,50
S-013446,C-0285,2026-08-31,CO01,W-11,90
S-013447,C-0289,2026-08-31,RF01,W-10,20
S-013448,C-0295,2026-08-31,HV01,W-04,45
S-013449,C-0295,2026-08-31,CN01,W-04,20
